input,target
2024-01-01T00:00:00Z,20.000000
2024-01-01T00:15:00Z,20.327516
2024-01-01T00:30:00Z,20.653631
2024-01-01T00:45:00Z,20.976952
2024-01-01T01:00:00Z,21.296095
2024-01-01T01:15:00Z,21.609697
2024-01-01T01:30:00Z,21.916417
2024-01-01T01:45:00Z,22.214943
2024-01-01T02:00:00Z,22.504000
2024-01-01T02:15:00Z,22.782351
2024-01-01T02:30:00Z,23.048807
2024-01-01T02:45:00Z,23.302229
2024-01-01T03:00:00Z,23.541534
2024-01-01T03:15:00Z,23.765699
2024-01-01T03:30:00Z,23.973767
2024-01-01T03:45:00Z,24.164848
2024-01-01T04:00:00Z,24.338127
2024-01-01T04:15:00Z,24.492864
2024-01-01T04:30:00Z,24.628398
2024-01-01T04:45:00Z,24.744151
2024-01-01T05:00:00Z,24.839629
2024-01-01T05:15:00Z,24.914426
2024-01-01T05:30:00Z,24.968224
2024-01-01T05:45:00Z,25.000795
2024-01-01T06:00:00Z,25.012000
2024-01-01T06:15:00Z,25.001795
2024-01-01T06:30:00Z,24.970224
2024-01-01T06:45:00Z,24.917426
2024-01-01T07:00:00Z,24.843629
2024-01-01T07:15:00Z,24.749151
2024-01-01T07:30:00Z,24.634398
2024-01-01T07:45:00Z,24.499864
2024-01-01T08:00:00Z,24.346127
2024-01-01T08:15:00Z,24.173848
2024-01-01T08:30:00Z,23.983767
2024-01-01T08:45:00Z,23.776699
2024-01-01T09:00:00Z,23.553534
2024-01-01T09:15:00Z,23.315229
2024-01-01T09:30:00Z,23.062807
2024-01-01T09:45:00Z,22.797351
2024-01-01T10:00:00Z,22.520000
2024-01-01T10:15:00Z,22.231943
2024-01-01T10:30:00Z,21.934417
2024-01-01T10:45:00Z,21.628697
2024-01-01T11:00:00Z,21.316095
2024-01-01T11:15:00Z,20.997952
2024-01-01T11:30:00Z,20.675631
2024-01-01T11:45:00Z,20.350516
2024-01-01T12:00:00Z,20.024000
2024-01-01T12:15:00Z,19.697484
2024-01-01T12:30:00Z,19.372369
2024-01-01T12:45:00Z,19.050048
2024-01-01T13:00:00Z,18.731905
2024-01-01T13:15:00Z,18.419303
2024-01-01T13:30:00Z,18.113583
2024-01-01T13:45:00Z,17.816057
2024-01-01T14:00:00Z,17.528000
2024-01-01T14:15:00Z,17.250649
2024-01-01T14:30:00Z,16.985193
2024-01-01T14:45:00Z,16.732771
2024-01-01T15:00:00Z,16.494466
2024-01-01T15:15:00Z,16.271301
2024-01-01T15:30:00Z,16.064233
2024-01-01T15:45:00Z,15.874152
2024-01-01T16:00:00Z,15.701873
2024-01-01T16:15:00Z,15.548136
2024-01-01T16:30:00Z,15.413602
2024-01-01T16:45:00Z,15.298849
2024-01-01T17:00:00Z,15.204371
2024-01-01T17:15:00Z,15.130574
2024-01-01T17:30:00Z,15.077776
2024-01-01T17:45:00Z,15.046205
2024-01-01T18:00:00Z,15.036000
2024-01-01T18:15:00Z,15.047205
2024-01-01T18:30:00Z,15.079776
2024-01-01T18:45:00Z,15.133574
2024-01-01T19:00:00Z,15.208371
2024-01-01T19:15:00Z,15.303849
2024-01-01T19:30:00Z,15.419602
2024-01-01T19:45:00Z,15.555136
2024-01-01T20:00:00Z,15.709873
2024-01-01T20:15:00Z,15.883152
2024-01-01T20:30:00Z,16.074233
2024-01-01T20:45:00Z,16.282301
2024-01-01T21:00:00Z,16.506466
2024-01-01T21:15:00Z,16.745771
2024-01-01T21:30:00Z,16.999193
2024-01-01T21:45:00Z,17.265649
2024-01-01T22:00:00Z,17.544000
2024-01-01T22:15:00Z,17.833057
2024-01-01T22:30:00Z,18.131583
2024-01-01T22:45:00Z,18.438303
2024-01-01T23:00:00Z,18.751905
2024-01-01T23:15:00Z,19.071048
2024-01-01T23:30:00Z,19.394369
2024-01-01T23:45:00Z,19.720484
2024-01-02T00:00:00Z,20.048000
2024-01-02T00:15:00Z,20.375516
2024-01-02T00:30:00Z,20.701631
2024-01-02T00:45:00Z,21.024952
2024-01-02T01:00:00Z,21.344095
2024-01-02T01:15:00Z,21.657697
2024-01-02T01:30:00Z,21.964417
2024-01-02T01:45:00Z,22.262943
2024-01-02T02:00:00Z,22.552000
2024-01-02T02:15:00Z,22.830351
2024-01-02T02:30:00Z,23.096807
2024-01-02T02:45:00Z,23.350229
2024-01-02T03:00:00Z,23.589534
2024-01-02T03:15:00Z,23.813699
2024-01-02T03:30:00Z,24.021767
2024-01-02T03:45:00Z,24.212848
2024-01-02T04:00:00Z,24.386127
2024-01-02T04:15:00Z,24.540864
2024-01-02T04:30:00Z,24.676398
2024-01-02T04:45:00Z,24.792151
2024-01-02T05:00:00Z,24.887629
2024-01-02T05:15:00Z,24.962426
2024-01-02T05:30:00Z,25.016224
2024-01-02T05:45:00Z,25.048795
2024-01-02T06:00:00Z,25.060000
2024-01-02T06:15:00Z,25.049795
2024-01-02T06:30:00Z,25.018224
2024-01-02T06:45:00Z,24.965426
2024-01-02T07:00:00Z,24.891629
2024-01-02T07:15:00Z,24.797151
2024-01-02T07:30:00Z,24.682398
2024-01-02T07:45:00Z,24.547864
2024-01-02T08:00:00Z,24.394127
2024-01-02T08:15:00Z,24.221848
2024-01-02T08:30:00Z,24.031767
2024-01-02T08:45:00Z,23.824699
2024-01-02T09:00:00Z,23.601534
2024-01-02T09:15:00Z,23.363229
2024-01-02T09:30:00Z,23.110807
2024-01-02T09:45:00Z,22.845351
2024-01-02T10:00:00Z,22.568000
2024-01-02T10:15:00Z,22.279943
2024-01-02T10:30:00Z,21.982417
2024-01-02T10:45:00Z,21.676697
2024-01-02T11:00:00Z,21.364095
2024-01-02T11:15:00Z,21.045952
2024-01-02T11:30:00Z,20.723631
2024-01-02T11:45:00Z,20.398516
2024-01-02T12:00:00Z,20.072000
2024-01-02T12:15:00Z,19.745484
2024-01-02T12:30:00Z,19.420369
2024-01-02T12:45:00Z,19.098048
2024-01-02T13:00:00Z,18.779905
2024-01-02T13:15:00Z,18.467303
2024-01-02T13:30:00Z,18.161583
2024-01-02T13:45:00Z,17.864057
2024-01-02T14:00:00Z,17.576000
2024-01-02T14:15:00Z,17.298649
2024-01-02T14:30:00Z,17.033193
2024-01-02T14:45:00Z,16.780771
2024-01-02T15:00:00Z,16.542466
2024-01-02T15:15:00Z,16.319301
2024-01-02T15:30:00Z,16.112233
2024-01-02T15:45:00Z,15.922152
2024-01-02T16:00:00Z,15.749873
2024-01-02T16:15:00Z,15.596136
2024-01-02T16:30:00Z,15.461602
2024-01-02T16:45:00Z,15.346849
2024-01-02T17:00:00Z,15.252371
2024-01-02T17:15:00Z,15.178574
2024-01-02T17:30:00Z,15.125776
2024-01-02T17:45:00Z,15.094205
2024-01-02T18:00:00Z,15.084000
2024-01-02T18:15:00Z,15.095205
2024-01-02T18:30:00Z,15.127776
2024-01-02T18:45:00Z,15.181574
2024-01-02T19:00:00Z,15.256371
2024-01-02T19:15:00Z,15.351849
2024-01-02T19:30:00Z,15.467602
2024-01-02T19:45:00Z,15.603136
2024-01-02T20:00:00Z,15.757873
2024-01-02T20:15:00Z,15.931152
2024-01-02T20:30:00Z,16.122233
2024-01-02T20:45:00Z,16.330301
2024-01-02T21:00:00Z,16.554466
2024-01-02T21:15:00Z,16.793771
2024-01-02T21:30:00Z,17.047193
2024-01-02T21:45:00Z,17.313649
2024-01-02T22:00:00Z,17.592000
2024-01-02T22:15:00Z,17.881057
2024-01-02T22:30:00Z,18.179583
2024-01-02T22:45:00Z,18.486303
2024-01-02T23:00:00Z,18.799905
2024-01-02T23:15:00Z,19.119048
2024-01-02T23:30:00Z,19.442369
2024-01-02T23:45:00Z,19.768484
2024-01-03T00:00:00Z,20.096000
2024-01-03T00:15:00Z,20.423516
2024-01-03T00:30:00Z,20.749631
2024-01-03T00:45:00Z,21.072952
2024-01-03T01:00:00Z,21.392095
2024-01-03T01:15:00Z,21.705697
2024-01-03T01:30:00Z,22.012417
2024-01-03T01:45:00Z,22.310943
2024-01-03T02:00:00Z,22.600000
2024-01-03T02:15:00Z,22.878351
2024-01-03T02:30:00Z,23.144807
2024-01-03T02:45:00Z,23.398229
2024-01-03T03:00:00Z,23.637534
2024-01-03T03:15:00Z,23.861699
2024-01-03T03:30:00Z,24.069767
2024-01-03T03:45:00Z,24.260848
2024-01-03T04:00:00Z,24.434127
2024-01-03T04:15:00Z,24.588864
2024-01-03T04:30:00Z,24.724398
2024-01-03T04:45:00Z,24.840151
2024-01-03T05:00:00Z,24.935629
2024-01-03T05:15:00Z,25.010426
2024-01-03T05:30:00Z,25.064224
2024-01-03T05:45:00Z,25.096795
2024-01-03T06:00:00Z,25.108000
2024-01-03T06:15:00Z,25.097795
2024-01-03T06:30:00Z,25.066224
2024-01-03T06:45:00Z,25.013426
2024-01-03T07:00:00Z,24.939629
2024-01-03T07:15:00Z,24.845151
2024-01-03T07:30:00Z,24.730398
2024-01-03T07:45:00Z,24.595864
2024-01-03T08:00:00Z,24.442127
2024-01-03T08:15:00Z,24.269848
2024-01-03T08:30:00Z,24.079767
2024-01-03T08:45:00Z,23.872699
2024-01-03T09:00:00Z,23.649534
2024-01-03T09:15:00Z,23.411229
2024-01-03T09:30:00Z,23.158807
2024-01-03T09:45:00Z,22.893351
2024-01-03T10:00:00Z,22.616000
2024-01-03T10:15:00Z,22.327943
2024-01-03T10:30:00Z,22.030417
2024-01-03T10:45:00Z,21.724697
2024-01-03T11:00:00Z,21.412095
2024-01-03T11:15:00Z,21.093952
2024-01-03T11:30:00Z,20.771631
2024-01-03T11:45:00Z,20.446516
2024-01-03T12:00:00Z,20.120000
2024-01-03T12:15:00Z,19.793484
2024-01-03T12:30:00Z,19.468369
2024-01-03T12:45:00Z,19.146048
2024-01-03T13:00:00Z,18.827905
2024-01-03T13:15:00Z,18.515303
2024-01-03T13:30:00Z,18.209583
2024-01-03T13:45:00Z,17.912057
2024-01-03T14:00:00Z,17.624000
2024-01-03T14:15:00Z,17.346649
2024-01-03T14:30:00Z,17.081193
2024-01-03T14:45:00Z,16.828771
2024-01-03T15:00:00Z,16.590466
2024-01-03T15:15:00Z,16.367301
2024-01-03T15:30:00Z,16.160233
2024-01-03T15:45:00Z,15.970152
2024-01-03T16:00:00Z,15.797873
2024-01-03T16:15:00Z,15.644136
2024-01-03T16:30:00Z,15.509602
2024-01-03T16:45:00Z,15.394849
2024-01-03T17:00:00Z,15.300371
2024-01-03T17:15:00Z,15.226574
2024-01-03T17:30:00Z,15.173776
2024-01-03T17:45:00Z,15.142205
2024-01-03T18:00:00Z,15.132000
2024-01-03T18:15:00Z,15.143205
2024-01-03T18:30:00Z,15.175776
2024-01-03T18:45:00Z,15.229574
2024-01-03T19:00:00Z,15.304371
2024-01-03T19:15:00Z,15.399849
2024-01-03T19:30:00Z,15.515602
2024-01-03T19:45:00Z,15.651136
2024-01-03T20:00:00Z,15.805873
2024-01-03T20:15:00Z,15.979152
2024-01-03T20:30:00Z,16.170233
2024-01-03T20:45:00Z,16.378301
2024-01-03T21:00:00Z,16.602466
2024-01-03T21:15:00Z,16.841771
2024-01-03T21:30:00Z,17.095193
2024-01-03T21:45:00Z,17.361649
2024-01-03T22:00:00Z,17.640000
2024-01-03T22:15:00Z,17.929057
2024-01-03T22:30:00Z,18.227583
2024-01-03T22:45:00Z,18.534303
2024-01-03T23:00:00Z,18.847905
2024-01-03T23:15:00Z,19.167048
2024-01-03T23:30:00Z,19.490369
2024-01-03T23:45:00Z,19.816484
2024-01-04T00:00:00Z,20.144000
2024-01-04T00:15:00Z,20.471516
2024-01-04T00:30:00Z,20.797631
2024-01-04T00:45:00Z,21.120952
2024-01-04T01:00:00Z,21.440095
2024-01-04T01:15:00Z,21.753697
2024-01-04T01:30:00Z,22.060417
2024-01-04T01:45:00Z,22.358943
2024-01-04T02:00:00Z,22.648000
2024-01-04T02:15:00Z,22.926351
2024-01-04T02:30:00Z,23.192807
2024-01-04T02:45:00Z,23.446229
2024-01-04T03:00:00Z,23.685534
2024-01-04T03:15:00Z,23.909699
2024-01-04T03:30:00Z,24.117767
2024-01-04T03:45:00Z,24.308848
2024-01-04T04:00:00Z,24.482127
2024-01-04T04:15:00Z,24.636864
2024-01-04T04:30:00Z,24.772398
2024-01-04T04:45:00Z,24.888151
2024-01-04T05:00:00Z,24.983629
2024-01-04T05:15:00Z,25.058426
2024-01-04T05:30:00Z,25.112224
2024-01-04T05:45:00Z,25.144795
2024-01-04T06:00:00Z,25.156000
2024-01-04T06:15:00Z,25.145795
2024-01-04T06:30:00Z,25.114224
2024-01-04T06:45:00Z,25.061426
2024-01-04T07:00:00Z,24.987629
2024-01-04T07:15:00Z,24.893151
2024-01-04T07:30:00Z,24.778398
2024-01-04T07:45:00Z,24.643864
2024-01-04T08:00:00Z,24.490127
2024-01-04T08:15:00Z,24.317848
2024-01-04T08:30:00Z,24.127767
2024-01-04T08:45:00Z,23.920699
2024-01-04T09:00:00Z,23.697534
2024-01-04T09:15:00Z,23.459229
2024-01-04T09:30:00Z,23.206807
2024-01-04T09:45:00Z,22.941351
2024-01-04T10:00:00Z,22.664000
2024-01-04T10:15:00Z,22.375943
2024-01-04T10:30:00Z,22.078417
2024-01-04T10:45:00Z,21.772697
2024-01-04T11:00:00Z,21.460095
2024-01-04T11:15:00Z,21.141952
2024-01-04T11:30:00Z,20.819631
2024-01-04T11:45:00Z,20.494516
2024-01-04T12:00:00Z,20.168000
2024-01-04T12:15:00Z,19.841484
2024-01-04T12:30:00Z,19.516369
2024-01-04T12:45:00Z,19.194048
2024-01-04T13:00:00Z,18.875905
2024-01-04T13:15:00Z,18.563303
2024-01-04T13:30:00Z,18.257583
2024-01-04T13:45:00Z,17.960057
2024-01-04T14:00:00Z,17.672000
2024-01-04T14:15:00Z,17.394649
2024-01-04T14:30:00Z,17.129193
2024-01-04T14:45:00Z,16.876771
2024-01-04T15:00:00Z,16.638466
2024-01-04T15:15:00Z,16.415301
2024-01-04T15:30:00Z,16.208233
2024-01-04T15:45:00Z,16.018152
2024-01-04T16:00:00Z,15.845873
2024-01-04T16:15:00Z,15.692136
2024-01-04T16:30:00Z,15.557602
2024-01-04T16:45:00Z,15.442849
2024-01-04T17:00:00Z,15.348371
2024-01-04T17:15:00Z,15.274574
2024-01-04T17:30:00Z,15.221776
2024-01-04T17:45:00Z,15.190205
2024-01-04T18:00:00Z,15.180000
2024-01-04T18:15:00Z,15.191205
2024-01-04T18:30:00Z,15.223776
2024-01-04T18:45:00Z,15.277574
2024-01-04T19:00:00Z,15.352371
2024-01-04T19:15:00Z,15.447849
2024-01-04T19:30:00Z,15.563602
2024-01-04T19:45:00Z,15.699136
2024-01-04T20:00:00Z,15.853873
2024-01-04T20:15:00Z,16.027152
2024-01-04T20:30:00Z,16.218233
2024-01-04T20:45:00Z,16.426301
2024-01-04T21:00:00Z,16.650466
2024-01-04T21:15:00Z,16.889771
2024-01-04T21:30:00Z,17.143193
2024-01-04T21:45:00Z,17.409649
2024-01-04T22:00:00Z,17.688000
2024-01-04T22:15:00Z,17.977057
2024-01-04T22:30:00Z,18.275583
2024-01-04T22:45:00Z,18.582303
2024-01-04T23:00:00Z,18.895905
2024-01-04T23:15:00Z,19.215048
2024-01-04T23:30:00Z,19.538369
2024-01-04T23:45:00Z,19.864484
2024-01-05T00:00:00Z,20.192000
2024-01-05T00:15:00Z,20.519516
2024-01-05T00:30:00Z,20.845631
2024-01-05T00:45:00Z,21.168952
2024-01-05T01:00:00Z,21.488095
2024-01-05T01:15:00Z,21.801697
2024-01-05T01:30:00Z,22.108417
2024-01-05T01:45:00Z,22.406943
2024-01-05T02:00:00Z,22.696000
2024-01-05T02:15:00Z,22.974351
2024-01-05T02:30:00Z,23.240807
2024-01-05T02:45:00Z,23.494229
2024-01-05T03:00:00Z,23.733534
2024-01-05T03:15:00Z,23.957699
2024-01-05T03:30:00Z,24.165767
2024-01-05T03:45:00Z,24.356848
2024-01-05T04:00:00Z,24.530127
2024-01-05T04:15:00Z,24.684864
2024-01-05T04:30:00Z,24.820398
2024-01-05T04:45:00Z,24.936151
2024-01-05T05:00:00Z,25.031629
2024-01-05T05:15:00Z,25.106426
2024-01-05T05:30:00Z,25.160224
2024-01-05T05:45:00Z,25.192795
2024-01-05T06:00:00Z,25.204000
2024-01-05T06:15:00Z,25.193795
2024-01-05T06:30:00Z,25.162224
2024-01-05T06:45:00Z,25.109426
2024-01-05T07:00:00Z,25.035629
2024-01-05T07:15:00Z,24.941151
2024-01-05T07:30:00Z,24.826398
2024-01-05T07:45:00Z,24.691864
2024-01-05T08:00:00Z,24.538127
2024-01-05T08:15:00Z,24.365848
2024-01-05T08:30:00Z,24.175767
2024-01-05T08:45:00Z,23.968699
2024-01-05T09:00:00Z,23.745534
2024-01-05T09:15:00Z,23.507229
2024-01-05T09:30:00Z,23.254807
2024-01-05T09:45:00Z,22.989351
2024-01-05T10:00:00Z,22.712000
2024-01-05T10:15:00Z,22.423943
2024-01-05T10:30:00Z,22.126417
2024-01-05T10:45:00Z,21.820697
2024-01-05T11:00:00Z,21.508095
2024-01-05T11:15:00Z,21.189952
2024-01-05T11:30:00Z,20.867631
2024-01-05T11:45:00Z,20.542516
2024-01-05T12:00:00Z,20.216000
2024-01-05T12:15:00Z,19.889484
2024-01-05T12:30:00Z,19.564369
2024-01-05T12:45:00Z,19.242048
2024-01-05T13:00:00Z,18.923905
2024-01-05T13:15:00Z,18.611303
2024-01-05T13:30:00Z,18.305583
2024-01-05T13:45:00Z,18.008057
2024-01-05T14:00:00Z,17.720000
2024-01-05T14:15:00Z,17.442649
2024-01-05T14:30:00Z,17.177193
2024-01-05T14:45:00Z,16.924771
2024-01-05T15:00:00Z,16.686466
2024-01-05T15:15:00Z,16.463301
2024-01-05T15:30:00Z,16.256233
2024-01-05T15:45:00Z,16.066152
2024-01-05T16:00:00Z,15.893873
2024-01-05T16:15:00Z,15.740136
2024-01-05T16:30:00Z,15.605602
2024-01-05T16:45:00Z,15.490849
2024-01-05T17:00:00Z,15.396371
2024-01-05T17:15:00Z,15.322574
2024-01-05T17:30:00Z,15.269776
2024-01-05T17:45:00Z,15.238205
2024-01-05T18:00:00Z,15.228000
2024-01-05T18:15:00Z,15.239205
2024-01-05T18:30:00Z,15.271776
2024-01-05T18:45:00Z,15.325574
2024-01-05T19:00:00Z,15.400371
2024-01-05T19:15:00Z,15.495849
2024-01-05T19:30:00Z,15.611602
2024-01-05T19:45:00Z,15.747136
2024-01-05T20:00:00Z,15.901873
2024-01-05T20:15:00Z,16.075152
2024-01-05T20:30:00Z,16.266233
2024-01-05T20:45:00Z,16.474301
2024-01-05T21:00:00Z,16.698466
2024-01-05T21:15:00Z,16.937771
2024-01-05T21:30:00Z,17.191193
2024-01-05T21:45:00Z,17.457649
2024-01-05T22:00:00Z,17.736000
2024-01-05T22:15:00Z,18.025057
2024-01-05T22:30:00Z,18.323583
2024-01-05T22:45:00Z,18.630303
2024-01-05T23:00:00Z,18.943905
2024-01-05T23:15:00Z,19.263048
2024-01-05T23:30:00Z,19.586369
2024-01-05T23:45:00Z,19.912484
2024-01-06T00:00:00Z,20.240000
2024-01-06T00:15:00Z,20.567516
2024-01-06T00:30:00Z,20.893631
2024-01-06T00:45:00Z,21.216952
2024-01-06T01:00:00Z,21.536095
2024-01-06T01:15:00Z,21.849697
2024-01-06T01:30:00Z,22.156417
2024-01-06T01:45:00Z,22.454943
2024-01-06T02:00:00Z,22.744000
2024-01-06T02:15:00Z,23.022351
2024-01-06T02:30:00Z,23.288807
2024-01-06T02:45:00Z,23.542229
2024-01-06T03:00:00Z,23.781534
2024-01-06T03:15:00Z,24.005699
2024-01-06T03:30:00Z,24.213767
2024-01-06T03:45:00Z,24.404848
2024-01-06T04:00:00Z,24.578127
2024-01-06T04:15:00Z,24.732864
2024-01-06T04:30:00Z,24.868398
2024-01-06T04:45:00Z,24.984151
2024-01-06T05:00:00Z,25.079629
2024-01-06T05:15:00Z,25.154426
2024-01-06T05:30:00Z,25.208224
2024-01-06T05:45:00Z,25.240795
2024-01-06T06:00:00Z,25.252000
2024-01-06T06:15:00Z,25.241795
2024-01-06T06:30:00Z,25.210224
2024-01-06T06:45:00Z,25.157426
2024-01-06T07:00:00Z,25.083629
2024-01-06T07:15:00Z,24.989151
2024-01-06T07:30:00Z,24.874398
2024-01-06T07:45:00Z,24.739864
2024-01-06T08:00:00Z,24.586127
2024-01-06T08:15:00Z,24.413848
2024-01-06T08:30:00Z,24.223767
2024-01-06T08:45:00Z,24.016699
2024-01-06T09:00:00Z,23.793534
2024-01-06T09:15:00Z,23.555229
2024-01-06T09:30:00Z,23.302807
2024-01-06T09:45:00Z,23.037351
2024-01-06T10:00:00Z,22.760000
2024-01-06T10:15:00Z,22.471943
2024-01-06T10:30:00Z,22.174417
2024-01-06T10:45:00Z,21.868697
2024-01-06T11:00:00Z,21.556095
2024-01-06T11:15:00Z,21.237952
2024-01-06T11:30:00Z,20.915631
2024-01-06T11:45:00Z,20.590516
2024-01-06T12:00:00Z,20.264000
2024-01-06T12:15:00Z,19.937484
2024-01-06T12:30:00Z,19.612369
2024-01-06T12:45:00Z,19.290048
2024-01-06T13:00:00Z,18.971905
2024-01-06T13:15:00Z,18.659303
2024-01-06T13:30:00Z,18.353583
2024-01-06T13:45:00Z,18.056057
2024-01-06T14:00:00Z,17.768000
2024-01-06T14:15:00Z,17.490649
2024-01-06T14:30:00Z,17.225193
2024-01-06T14:45:00Z,16.972771
2024-01-06T15:00:00Z,16.734466
2024-01-06T15:15:00Z,16.511301
2024-01-06T15:30:00Z,16.304233
2024-01-06T15:45:00Z,16.114152
2024-01-06T16:00:00Z,15.941873
2024-01-06T16:15:00Z,15.788136
2024-01-06T16:30:00Z,15.653602
2024-01-06T16:45:00Z,15.538849
2024-01-06T17:00:00Z,15.444371
2024-01-06T17:15:00Z,15.370574
2024-01-06T17:30:00Z,15.317776
2024-01-06T17:45:00Z,15.286205
2024-01-06T18:00:00Z,15.276000
2024-01-06T18:15:00Z,15.287205
2024-01-06T18:30:00Z,15.319776
2024-01-06T18:45:00Z,15.373574
2024-01-06T19:00:00Z,15.448371
2024-01-06T19:15:00Z,15.543849
2024-01-06T19:30:00Z,15.659602
2024-01-06T19:45:00Z,15.795136
2024-01-06T20:00:00Z,15.949873
2024-01-06T20:15:00Z,16.123152
2024-01-06T20:30:00Z,16.314233
2024-01-06T20:45:00Z,16.522301
2024-01-06T21:00:00Z,16.746466
2024-01-06T21:15:00Z,16.985771
2024-01-06T21:30:00Z,17.239193
2024-01-06T21:45:00Z,17.505649
2024-01-06T22:00:00Z,17.784000
2024-01-06T22:15:00Z,18.073057
2024-01-06T22:30:00Z,18.371583
2024-01-06T22:45:00Z,18.678303
2024-01-06T23:00:00Z,18.991905
2024-01-06T23:15:00Z,19.311048
2024-01-06T23:30:00Z,19.634369
2024-01-06T23:45:00Z,19.960484
2024-01-07T00:00:00Z,20.288000
2024-01-07T00:15:00Z,20.615516
2024-01-07T00:30:00Z,20.941631
2024-01-07T00:45:00Z,21.264952
2024-01-07T01:00:00Z,21.584095
2024-01-07T01:15:00Z,21.897697
2024-01-07T01:30:00Z,22.204417
2024-01-07T01:45:00Z,22.502943
2024-01-07T02:00:00Z,22.792000
2024-01-07T02:15:00Z,23.070351
2024-01-07T02:30:00Z,23.336807
2024-01-07T02:45:00Z,23.590229
2024-01-07T03:00:00Z,23.829534
2024-01-07T03:15:00Z,24.053699
2024-01-07T03:30:00Z,24.261767
2024-01-07T03:45:00Z,24.452848
2024-01-07T04:00:00Z,24.626127
2024-01-07T04:15:00Z,24.780864
2024-01-07T04:30:00Z,24.916398
2024-01-07T04:45:00Z,25.032151
2024-01-07T05:00:00Z,25.127629
2024-01-07T05:15:00Z,25.202426
2024-01-07T05:30:00Z,25.256224
2024-01-07T05:45:00Z,25.288795
2024-01-07T06:00:00Z,25.300000
2024-01-07T06:15:00Z,25.289795
2024-01-07T06:30:00Z,25.258224
2024-01-07T06:45:00Z,25.205426
2024-01-07T07:00:00Z,25.131629
2024-01-07T07:15:00Z,25.037151
2024-01-07T07:30:00Z,24.922398
2024-01-07T07:45:00Z,24.787864
2024-01-07T08:00:00Z,24.634127
2024-01-07T08:15:00Z,24.461848
2024-01-07T08:30:00Z,24.271767
2024-01-07T08:45:00Z,24.064699
2024-01-07T09:00:00Z,23.841534
2024-01-07T09:15:00Z,23.603229
2024-01-07T09:30:00Z,23.350807
2024-01-07T09:45:00Z,23.085351
2024-01-07T10:00:00Z,22.808000
2024-01-07T10:15:00Z,22.519943
2024-01-07T10:30:00Z,22.222417
2024-01-07T10:45:00Z,21.916697
2024-01-07T11:00:00Z,21.604095
2024-01-07T11:15:00Z,21.285952
2024-01-07T11:30:00Z,20.963631
2024-01-07T11:45:00Z,20.638516
2024-01-07T12:00:00Z,20.312000
2024-01-07T12:15:00Z,19.985484
2024-01-07T12:30:00Z,19.660369
2024-01-07T12:45:00Z,19.338048
2024-01-07T13:00:00Z,19.019905
2024-01-07T13:15:00Z,18.707303
2024-01-07T13:30:00Z,18.401583
2024-01-07T13:45:00Z,18.104057
2024-01-07T14:00:00Z,17.816000
2024-01-07T14:15:00Z,17.538649
2024-01-07T14:30:00Z,17.273193
2024-01-07T14:45:00Z,17.020771
2024-01-07T15:00:00Z,16.782466
2024-01-07T15:15:00Z,16.559301
2024-01-07T15:30:00Z,16.352233
2024-01-07T15:45:00Z,16.162152
2024-01-07T16:00:00Z,15.989873
2024-01-07T16:15:00Z,15.836136
2024-01-07T16:30:00Z,15.701602
2024-01-07T16:45:00Z,15.586849
2024-01-07T17:00:00Z,15.492371
2024-01-07T17:15:00Z,15.418574
2024-01-07T17:30:00Z,15.365776
2024-01-07T17:45:00Z,15.334205
2024-01-07T18:00:00Z,15.324000
2024-01-07T18:15:00Z,15.335205
2024-01-07T18:30:00Z,15.367776
2024-01-07T18:45:00Z,15.421574
2024-01-07T19:00:00Z,15.496371
2024-01-07T19:15:00Z,15.591849
2024-01-07T19:30:00Z,15.707602
2024-01-07T19:45:00Z,15.843136
2024-01-07T20:00:00Z,15.997873
2024-01-07T20:15:00Z,16.171152
2024-01-07T20:30:00Z,16.362233
2024-01-07T20:45:00Z,16.570301
2024-01-07T21:00:00Z,16.794466
2024-01-07T21:15:00Z,17.033771
2024-01-07T21:30:00Z,17.287193
2024-01-07T21:45:00Z,17.553649
2024-01-07T22:00:00Z,17.832000
2024-01-07T22:15:00Z,18.121057
2024-01-07T22:30:00Z,18.419583
2024-01-07T22:45:00Z,18.726303
2024-01-07T23:00:00Z,19.039905
2024-01-07T23:15:00Z,19.359048
2024-01-07T23:30:00Z,19.682369
2024-01-07T23:45:00Z,20.008484
2024-01-08T00:00:00Z,20.336000
2024-01-08T00:15:00Z,20.663516
2024-01-08T00:30:00Z,20.989631
2024-01-08T00:45:00Z,21.312952
2024-01-08T01:00:00Z,21.632095
2024-01-08T01:15:00Z,21.945697
2024-01-08T01:30:00Z,22.252417
2024-01-08T01:45:00Z,22.550943
2024-01-08T02:00:00Z,22.840000
2024-01-08T02:15:00Z,23.118351
2024-01-08T02:30:00Z,23.384807
2024-01-08T02:45:00Z,23.638229
2024-01-08T03:00:00Z,23.877534
2024-01-08T03:15:00Z,24.101699
2024-01-08T03:30:00Z,24.309767
2024-01-08T03:45:00Z,24.500848
2024-01-08T04:00:00Z,24.674127
2024-01-08T04:15:00Z,24.828864
2024-01-08T04:30:00Z,24.964398
2024-01-08T04:45:00Z,25.080151
2024-01-08T05:00:00Z,25.175629
2024-01-08T05:15:00Z,25.250426
2024-01-08T05:30:00Z,25.304224
2024-01-08T05:45:00Z,25.336795
2024-01-08T06:00:00Z,25.348000
2024-01-08T06:15:00Z,25.337795
2024-01-08T06:30:00Z,25.306224
2024-01-08T06:45:00Z,25.253426
2024-01-08T07:00:00Z,25.179629
2024-01-08T07:15:00Z,25.085151
2024-01-08T07:30:00Z,24.970398
2024-01-08T07:45:00Z,24.835864
2024-01-08T08:00:00Z,24.682127
2024-01-08T08:15:00Z,24.509848
2024-01-08T08:30:00Z,24.319767
2024-01-08T08:45:00Z,24.112699
2024-01-08T09:00:00Z,23.889534
2024-01-08T09:15:00Z,23.651229
2024-01-08T09:30:00Z,23.398807
2024-01-08T09:45:00Z,23.133351
2024-01-08T10:00:00Z,22.856000
2024-01-08T10:15:00Z,22.567943
2024-01-08T10:30:00Z,22.270417
2024-01-08T10:45:00Z,21.964697
2024-01-08T11:00:00Z,21.652095
2024-01-08T11:15:00Z,21.333952
2024-01-08T11:30:00Z,21.011631
2024-01-08T11:45:00Z,20.686516
2024-01-08T12:00:00Z,20.360000
2024-01-08T12:15:00Z,20.033484
2024-01-08T12:30:00Z,19.708369
2024-01-08T12:45:00Z,19.386048
2024-01-08T13:00:00Z,19.067905
2024-01-08T13:15:00Z,18.755303
2024-01-08T13:30:00Z,18.449583
2024-01-08T13:45:00Z,18.152057
2024-01-08T14:00:00Z,17.864000
2024-01-08T14:15:00Z,17.586649
2024-01-08T14:30:00Z,17.321193
2024-01-08T14:45:00Z,17.068771
2024-01-08T15:00:00Z,16.830466
2024-01-08T15:15:00Z,16.607301
2024-01-08T15:30:00Z,16.400233
2024-01-08T15:45:00Z,16.210152
2024-01-08T16:00:00Z,16.037873
2024-01-08T16:15:00Z,15.884136
2024-01-08T16:30:00Z,15.749602
2024-01-08T16:45:00Z,15.634849
2024-01-08T17:00:00Z,15.540371
2024-01-08T17:15:00Z,15.466574
2024-01-08T17:30:00Z,15.413776
2024-01-08T17:45:00Z,15.382205
2024-01-08T18:00:00Z,15.372000
2024-01-08T18:15:00Z,15.383205
2024-01-08T18:30:00Z,15.415776
2024-01-08T18:45:00Z,15.469574
2024-01-08T19:00:00Z,15.544371
2024-01-08T19:15:00Z,15.639849
2024-01-08T19:30:00Z,15.755602
2024-01-08T19:45:00Z,15.891136
2024-01-08T20:00:00Z,16.045873
2024-01-08T20:15:00Z,16.219152
2024-01-08T20:30:00Z,16.410233
2024-01-08T20:45:00Z,16.618301
2024-01-08T21:00:00Z,16.842466
2024-01-08T21:15:00Z,17.081771
2024-01-08T21:30:00Z,17.335193
2024-01-08T21:45:00Z,17.601649
2024-01-08T22:00:00Z,17.880000
2024-01-08T22:15:00Z,18.169057
2024-01-08T22:30:00Z,18.467583
2024-01-08T22:45:00Z,18.774303
2024-01-08T23:00:00Z,19.087905
2024-01-08T23:15:00Z,19.407048
2024-01-08T23:30:00Z,19.730369
2024-01-08T23:45:00Z,20.056484
2024-01-09T00:00:00Z,20.384000
2024-01-09T00:15:00Z,20.711516
2024-01-09T00:30:00Z,21.037631
2024-01-09T00:45:00Z,21.360952
2024-01-09T01:00:00Z,21.680095
2024-01-09T01:15:00Z,21.993697
2024-01-09T01:30:00Z,22.300417
2024-01-09T01:45:00Z,22.598943
2024-01-09T02:00:00Z,22.888000
2024-01-09T02:15:00Z,23.166351
2024-01-09T02:30:00Z,23.432807
2024-01-09T02:45:00Z,23.686229
2024-01-09T03:00:00Z,23.925534
2024-01-09T03:15:00Z,24.149699
2024-01-09T03:30:00Z,24.357767
2024-01-09T03:45:00Z,24.548848
2024-01-09T04:00:00Z,24.722127
2024-01-09T04:15:00Z,24.876864
2024-01-09T04:30:00Z,25.012398
2024-01-09T04:45:00Z,25.128151
2024-01-09T05:00:00Z,25.223629
2024-01-09T05:15:00Z,25.298426
2024-01-09T05:30:00Z,25.352224
2024-01-09T05:45:00Z,25.384795
2024-01-09T06:00:00Z,25.396000
2024-01-09T06:15:00Z,25.385795
2024-01-09T06:30:00Z,25.354224
2024-01-09T06:45:00Z,25.301426
2024-01-09T07:00:00Z,25.227629
2024-01-09T07:15:00Z,25.133151
2024-01-09T07:30:00Z,25.018398
2024-01-09T07:45:00Z,24.883864
2024-01-09T08:00:00Z,24.730127
2024-01-09T08:15:00Z,24.557848
2024-01-09T08:30:00Z,24.367767
2024-01-09T08:45:00Z,24.160699
2024-01-09T09:00:00Z,23.937534
2024-01-09T09:15:00Z,23.699229
2024-01-09T09:30:00Z,23.446807
2024-01-09T09:45:00Z,23.181351
2024-01-09T10:00:00Z,22.904000
2024-01-09T10:15:00Z,22.615943
2024-01-09T10:30:00Z,22.318417
2024-01-09T10:45:00Z,22.012697
2024-01-09T11:00:00Z,21.700095
2024-01-09T11:15:00Z,21.381952
2024-01-09T11:30:00Z,21.059631
2024-01-09T11:45:00Z,20.734516
2024-01-09T12:00:00Z,20.408000
2024-01-09T12:15:00Z,20.081484
2024-01-09T12:30:00Z,19.756369
2024-01-09T12:45:00Z,19.434048
2024-01-09T13:00:00Z,19.115905
2024-01-09T13:15:00Z,18.803303
2024-01-09T13:30:00Z,18.497583
2024-01-09T13:45:00Z,18.200057
2024-01-09T14:00:00Z,17.912000
2024-01-09T14:15:00Z,17.634649
2024-01-09T14:30:00Z,17.369193
2024-01-09T14:45:00Z,17.116771
2024-01-09T15:00:00Z,16.878466
2024-01-09T15:15:00Z,16.655301
2024-01-09T15:30:00Z,16.448233
2024-01-09T15:45:00Z,16.258152
2024-01-09T16:00:00Z,16.085873
2024-01-09T16:15:00Z,15.932136
2024-01-09T16:30:00Z,15.797602
2024-01-09T16:45:00Z,15.682849
2024-01-09T17:00:00Z,15.588371
2024-01-09T17:15:00Z,15.514574
2024-01-09T17:30:00Z,15.461776
2024-01-09T17:45:00Z,15.430205
2024-01-09T18:00:00Z,15.420000
2024-01-09T18:15:00Z,15.431205
2024-01-09T18:30:00Z,15.463776
2024-01-09T18:45:00Z,15.517574
2024-01-09T19:00:00Z,15.592371
2024-01-09T19:15:00Z,15.687849
2024-01-09T19:30:00Z,15.803602
2024-01-09T19:45:00Z,15.939136
2024-01-09T20:00:00Z,16.093873
2024-01-09T20:15:00Z,16.267152
2024-01-09T20:30:00Z,16.458233
2024-01-09T20:45:00Z,16.666301
2024-01-09T21:00:00Z,16.890466
2024-01-09T21:15:00Z,17.129771
2024-01-09T21:30:00Z,17.383193
2024-01-09T21:45:00Z,17.649649
2024-01-09T22:00:00Z,17.928000
2024-01-09T22:15:00Z,18.217057
2024-01-09T22:30:00Z,18.515583
2024-01-09T22:45:00Z,18.822303
2024-01-09T23:00:00Z,19.135905
2024-01-09T23:15:00Z,19.455048
2024-01-09T23:30:00Z,19.778369
2024-01-09T23:45:00Z,20.104484
2024-01-10T00:00:00Z,20.432000
2024-01-10T00:15:00Z,20.759516
2024-01-10T00:30:00Z,21.085631
2024-01-10T00:45:00Z,21.408952
2024-01-10T01:00:00Z,21.728095
2024-01-10T01:15:00Z,22.041697
2024-01-10T01:30:00Z,22.348417
2024-01-10T01:45:00Z,22.646943
2024-01-10T02:00:00Z,22.936000
2024-01-10T02:15:00Z,23.214351
2024-01-10T02:30:00Z,23.480807
2024-01-10T02:45:00Z,23.734229
2024-01-10T03:00:00Z,23.973534
2024-01-10T03:15:00Z,24.197699
2024-01-10T03:30:00Z,24.405767
2024-01-10T03:45:00Z,24.596848
2024-01-10T04:00:00Z,24.770127
2024-01-10T04:15:00Z,24.924864
2024-01-10T04:30:00Z,25.060398
2024-01-10T04:45:00Z,25.176151
2024-01-10T05:00:00Z,25.271629
2024-01-10T05:15:00Z,25.346426
2024-01-10T05:30:00Z,25.400224
2024-01-10T05:45:00Z,25.432795
2024-01-10T06:00:00Z,25.444000
2024-01-10T06:15:00Z,25.433795
2024-01-10T06:30:00Z,25.402224
2024-01-10T06:45:00Z,25.349426
2024-01-10T07:00:00Z,25.275629
2024-01-10T07:15:00Z,25.181151
2024-01-10T07:30:00Z,25.066398
2024-01-10T07:45:00Z,24.931864
2024-01-10T08:00:00Z,24.778127
2024-01-10T08:15:00Z,24.605848
2024-01-10T08:30:00Z,24.415767
2024-01-10T08:45:00Z,24.208699
2024-01-10T09:00:00Z,23.985534
2024-01-10T09:15:00Z,23.747229
2024-01-10T09:30:00Z,23.494807
2024-01-10T09:45:00Z,23.229351
2024-01-10T10:00:00Z,22.952000
2024-01-10T10:15:00Z,22.663943
2024-01-10T10:30:00Z,22.366417
2024-01-10T10:45:00Z,22.060697
2024-01-10T11:00:00Z,21.748095
2024-01-10T11:15:00Z,21.429952
2024-01-10T11:30:00Z,21.107631
2024-01-10T11:45:00Z,20.782516
2024-01-10T12:00:00Z,20.456000
2024-01-10T12:15:00Z,20.129484
2024-01-10T12:30:00Z,19.804369
2024-01-10T12:45:00Z,19.482048
2024-01-10T13:00:00Z,19.163905
2024-01-10T13:15:00Z,18.851303
2024-01-10T13:30:00Z,18.545583
2024-01-10T13:45:00Z,18.248057
2024-01-10T14:00:00Z,17.960000
2024-01-10T14:15:00Z,17.682649
2024-01-10T14:30:00Z,17.417193
2024-01-10T14:45:00Z,17.164771
2024-01-10T15:00:00Z,16.926466
2024-01-10T15:15:00Z,16.703301
2024-01-10T15:30:00Z,16.496233
2024-01-10T15:45:00Z,16.306152
2024-01-10T16:00:00Z,16.133873
2024-01-10T16:15:00Z,15.980136
2024-01-10T16:30:00Z,15.845602
2024-01-10T16:45:00Z,15.730849
2024-01-10T17:00:00Z,15.636371
2024-01-10T17:15:00Z,15.562574
2024-01-10T17:30:00Z,15.509776
2024-01-10T17:45:00Z,15.478205
2024-01-10T18:00:00Z,15.468000
2024-01-10T18:15:00Z,15.479205
2024-01-10T18:30:00Z,15.511776
2024-01-10T18:45:00Z,15.565574
2024-01-10T19:00:00Z,15.640371
2024-01-10T19:15:00Z,15.735849
2024-01-10T19:30:00Z,15.851602
2024-01-10T19:45:00Z,15.987136
2024-01-10T20:00:00Z,16.141873
2024-01-10T20:15:00Z,16.315152
2024-01-10T20:30:00Z,16.506233
2024-01-10T20:45:00Z,16.714301
2024-01-10T21:00:00Z,16.938466
2024-01-10T21:15:00Z,17.177771
2024-01-10T21:30:00Z,17.431193
2024-01-10T21:45:00Z,17.697649
2024-01-10T22:00:00Z,17.976000
2024-01-10T22:15:00Z,18.265057
2024-01-10T22:30:00Z,18.563583
2024-01-10T22:45:00Z,18.870303
2024-01-10T23:00:00Z,19.183905
2024-01-10T23:15:00Z,19.503048
2024-01-10T23:30:00Z,19.826369
2024-01-10T23:45:00Z,20.152484
2024-01-11T00:00:00Z,20.480000
2024-01-11T00:15:00Z,20.807516
2024-01-11T00:30:00Z,21.133631
2024-01-11T00:45:00Z,21.456952
2024-01-11T01:00:00Z,21.776095
2024-01-11T01:15:00Z,22.089697
2024-01-11T01:30:00Z,22.396417
2024-01-11T01:45:00Z,22.694943
2024-01-11T02:00:00Z,22.984000
2024-01-11T02:15:00Z,23.262351
2024-01-11T02:30:00Z,23.528807
2024-01-11T02:45:00Z,23.782229
2024-01-11T03:00:00Z,24.021534
2024-01-11T03:15:00Z,24.245699
2024-01-11T03:30:00Z,24.453767
2024-01-11T03:45:00Z,24.644848
2024-01-11T04:00:00Z,24.818127
2024-01-11T04:15:00Z,24.972864
2024-01-11T04:30:00Z,25.108398
2024-01-11T04:45:00Z,25.224151
2024-01-11T05:00:00Z,25.319629
2024-01-11T05:15:00Z,25.394426
2024-01-11T05:30:00Z,25.448224
2024-01-11T05:45:00Z,25.480795
2024-01-11T06:00:00Z,25.492000
2024-01-11T06:15:00Z,25.481795
2024-01-11T06:30:00Z,25.450224
2024-01-11T06:45:00Z,25.397426
2024-01-11T07:00:00Z,25.323629
2024-01-11T07:15:00Z,25.229151
2024-01-11T07:30:00Z,25.114398
2024-01-11T07:45:00Z,24.979864
2024-01-11T08:00:00Z,24.826127
2024-01-11T08:15:00Z,24.653848
2024-01-11T08:30:00Z,24.463767
2024-01-11T08:45:00Z,24.256699
2024-01-11T09:00:00Z,24.033534
2024-01-11T09:15:00Z,23.795229
2024-01-11T09:30:00Z,23.542807
2024-01-11T09:45:00Z,23.277351
2024-01-11T10:00:00Z,23.000000
2024-01-11T10:15:00Z,22.711943
2024-01-11T10:30:00Z,22.414417
2024-01-11T10:45:00Z,22.108697
2024-01-11T11:00:00Z,21.796095
2024-01-11T11:15:00Z,21.477952
2024-01-11T11:30:00Z,21.155631
2024-01-11T11:45:00Z,20.830516
2024-01-11T12:00:00Z,20.504000
2024-01-11T12:15:00Z,20.177484
2024-01-11T12:30:00Z,19.852369
2024-01-11T12:45:00Z,19.530048
2024-01-11T13:00:00Z,19.211905
2024-01-11T13:15:00Z,18.899303
2024-01-11T13:30:00Z,18.593583
2024-01-11T13:45:00Z,18.296057
2024-01-11T14:00:00Z,18.008000
2024-01-11T14:15:00Z,17.730649
2024-01-11T14:30:00Z,17.465193
2024-01-11T14:45:00Z,17.212771
2024-01-11T15:00:00Z,16.974466
2024-01-11T15:15:00Z,16.751301
2024-01-11T15:30:00Z,16.544233
2024-01-11T15:45:00Z,16.354152
2024-01-11T16:00:00Z,16.181873
2024-01-11T16:15:00Z,16.028136
2024-01-11T16:30:00Z,15.893602
2024-01-11T16:45:00Z,15.778849
2024-01-11T17:00:00Z,15.684371
2024-01-11T17:15:00Z,15.610574
2024-01-11T17:30:00Z,15.557776
2024-01-11T17:45:00Z,15.526205
2024-01-11T18:00:00Z,15.516000
2024-01-11T18:15:00Z,15.527205
2024-01-11T18:30:00Z,15.559776
2024-01-11T18:45:00Z,15.613574
2024-01-11T19:00:00Z,15.688371
2024-01-11T19:15:00Z,15.783849
2024-01-11T19:30:00Z,15.899602
2024-01-11T19:45:00Z,16.035136
2024-01-11T20:00:00Z,16.189873
2024-01-11T20:15:00Z,16.363152
2024-01-11T20:30:00Z,16.554233
2024-01-11T20:45:00Z,16.762301
2024-01-11T21:00:00Z,16.986466
2024-01-11T21:15:00Z,17.225771
2024-01-11T21:30:00Z,17.479193
2024-01-11T21:45:00Z,17.745649
2024-01-11T22:00:00Z,18.024000
2024-01-11T22:15:00Z,18.313057
2024-01-11T22:30:00Z,18.611583
2024-01-11T22:45:00Z,18.918303
2024-01-11T23:00:00Z,19.231905
2024-01-11T23:15:00Z,19.551048
2024-01-11T23:30:00Z,19.874369
2024-01-11T23:45:00Z,20.200484
2024-01-12T00:00:00Z,20.528000
2024-01-12T00:15:00Z,20.855516
2024-01-12T00:30:00Z,21.181631
2024-01-12T00:45:00Z,21.504952
2024-01-12T01:00:00Z,21.824095
2024-01-12T01:15:00Z,22.137697
2024-01-12T01:30:00Z,22.444417
2024-01-12T01:45:00Z,22.742943
2024-01-12T02:00:00Z,23.032000
2024-01-12T02:15:00Z,23.310351
2024-01-12T02:30:00Z,23.576807
2024-01-12T02:45:00Z,23.830229
2024-01-12T03:00:00Z,24.069534
2024-01-12T03:15:00Z,24.293699
2024-01-12T03:30:00Z,24.501767
2024-01-12T03:45:00Z,24.692848
2024-01-12T04:00:00Z,24.866127
2024-01-12T04:15:00Z,25.020864
2024-01-12T04:30:00Z,25.156398
2024-01-12T04:45:00Z,25.272151
2024-01-12T05:00:00Z,25.367629
2024-01-12T05:15:00Z,25.442426
2024-01-12T05:30:00Z,25.496224
2024-01-12T05:45:00Z,25.528795
2024-01-12T06:00:00Z,25.540000
2024-01-12T06:15:00Z,25.529795
2024-01-12T06:30:00Z,25.498224
2024-01-12T06:45:00Z,25.445426
2024-01-12T07:00:00Z,25.371629
2024-01-12T07:15:00Z,25.277151
2024-01-12T07:30:00Z,25.162398
2024-01-12T07:45:00Z,25.027864
2024-01-12T08:00:00Z,24.874127
2024-01-12T08:15:00Z,24.701848
2024-01-12T08:30:00Z,24.511767
2024-01-12T08:45:00Z,24.304699
2024-01-12T09:00:00Z,24.081534
2024-01-12T09:15:00Z,23.843229
2024-01-12T09:30:00Z,23.590807
2024-01-12T09:45:00Z,23.325351
2024-01-12T10:00:00Z,23.048000
2024-01-12T10:15:00Z,22.759943
2024-01-12T10:30:00Z,22.462417
2024-01-12T10:45:00Z,22.156697
2024-01-12T11:00:00Z,21.844095
2024-01-12T11:15:00Z,21.525952
2024-01-12T11:30:00Z,21.203631
2024-01-12T11:45:00Z,20.878516
2024-01-12T12:00:00Z,20.552000
2024-01-12T12:15:00Z,20.225484
2024-01-12T12:30:00Z,19.900369
2024-01-12T12:45:00Z,19.578048
2024-01-12T13:00:00Z,19.259905
2024-01-12T13:15:00Z,18.947303
2024-01-12T13:30:00Z,18.641583
2024-01-12T13:45:00Z,18.344057
2024-01-12T14:00:00Z,18.056000
2024-01-12T14:15:00Z,17.778649
2024-01-12T14:30:00Z,17.513193
2024-01-12T14:45:00Z,17.260771
2024-01-12T15:00:00Z,17.022466
2024-01-12T15:15:00Z,16.799301
2024-01-12T15:30:00Z,16.592233
2024-01-12T15:45:00Z,16.402152
2024-01-12T16:00:00Z,16.229873
2024-01-12T16:15:00Z,16.076136
2024-01-12T16:30:00Z,15.941602
2024-01-12T16:45:00Z,15.826849
2024-01-12T17:00:00Z,15.732371
2024-01-12T17:15:00Z,15.658574
2024-01-12T17:30:00Z,15.605776
2024-01-12T17:45:00Z,15.574205
2024-01-12T18:00:00Z,15.564000
2024-01-12T18:15:00Z,15.575205
2024-01-12T18:30:00Z,15.607776
2024-01-12T18:45:00Z,15.661574
2024-01-12T19:00:00Z,15.736371
2024-01-12T19:15:00Z,15.831849
2024-01-12T19:30:00Z,15.947602
2024-01-12T19:45:00Z,16.083136
2024-01-12T20:00:00Z,16.237873
2024-01-12T20:15:00Z,16.411152
2024-01-12T20:30:00Z,16.602233
2024-01-12T20:45:00Z,16.810301
2024-01-12T21:00:00Z,17.034466
2024-01-12T21:15:00Z,17.273771
2024-01-12T21:30:00Z,17.527193
2024-01-12T21:45:00Z,17.793649
2024-01-12T22:00:00Z,18.072000
2024-01-12T22:15:00Z,18.361057
2024-01-12T22:30:00Z,18.659583
2024-01-12T22:45:00Z,18.966303
2024-01-12T23:00:00Z,19.279905
2024-01-12T23:15:00Z,19.599048
2024-01-12T23:30:00Z,19.922369
2024-01-12T23:45:00Z,20.248484
2024-01-13T00:00:00Z,20.576000
2024-01-13T00:15:00Z,20.903516
2024-01-13T00:30:00Z,21.229631
2024-01-13T00:45:00Z,21.552952
2024-01-13T01:00:00Z,21.872095
2024-01-13T01:15:00Z,22.185697
2024-01-13T01:30:00Z,22.492417
2024-01-13T01:45:00Z,22.790943
2024-01-13T02:00:00Z,23.080000
2024-01-13T02:15:00Z,23.358351
2024-01-13T02:30:00Z,23.624807
2024-01-13T02:45:00Z,23.878229
2024-01-13T03:00:00Z,24.117534
2024-01-13T03:15:00Z,24.341699
2024-01-13T03:30:00Z,24.549767
2024-01-13T03:45:00Z,24.740848
2024-01-13T04:00:00Z,24.914127
2024-01-13T04:15:00Z,25.068864
2024-01-13T04:30:00Z,25.204398
2024-01-13T04:45:00Z,25.320151
2024-01-13T05:00:00Z,25.415629
2024-01-13T05:15:00Z,25.490426
2024-01-13T05:30:00Z,25.544224
2024-01-13T05:45:00Z,25.576795
2024-01-13T06:00:00Z,25.588000
2024-01-13T06:15:00Z,25.577795
2024-01-13T06:30:00Z,25.546224
2024-01-13T06:45:00Z,25.493426
2024-01-13T07:00:00Z,25.419629
2024-01-13T07:15:00Z,25.325151
2024-01-13T07:30:00Z,25.210398
2024-01-13T07:45:00Z,25.075864
2024-01-13T08:00:00Z,24.922127
2024-01-13T08:15:00Z,24.749848
2024-01-13T08:30:00Z,24.559767
2024-01-13T08:45:00Z,24.352699
2024-01-13T09:00:00Z,24.129534
2024-01-13T09:15:00Z,23.891229
2024-01-13T09:30:00Z,23.638807
2024-01-13T09:45:00Z,23.373351
2024-01-13T10:00:00Z,23.096000
2024-01-13T10:15:00Z,22.807943
2024-01-13T10:30:00Z,22.510417
2024-01-13T10:45:00Z,22.204697
2024-01-13T11:00:00Z,21.892095
2024-01-13T11:15:00Z,21.573952
2024-01-13T11:30:00Z,21.251631
2024-01-13T11:45:00Z,20.926516
2024-01-13T12:00:00Z,20.600000
2024-01-13T12:15:00Z,20.273484
2024-01-13T12:30:00Z,19.948369
2024-01-13T12:45:00Z,19.626048
2024-01-13T13:00:00Z,19.307905
2024-01-13T13:15:00Z,18.995303
2024-01-13T13:30:00Z,18.689583
2024-01-13T13:45:00Z,18.392057
2024-01-13T14:00:00Z,18.104000
2024-01-13T14:15:00Z,17.826649
2024-01-13T14:30:00Z,17.561193
2024-01-13T14:45:00Z,17.308771
2024-01-13T15:00:00Z,17.070466
2024-01-13T15:15:00Z,16.847301
2024-01-13T15:30:00Z,16.640233
2024-01-13T15:45:00Z,16.450152
2024-01-13T16:00:00Z,16.277873
2024-01-13T16:15:00Z,16.124136
2024-01-13T16:30:00Z,15.989602
2024-01-13T16:45:00Z,15.874849
2024-01-13T17:00:00Z,15.780371
2024-01-13T17:15:00Z,15.706574
2024-01-13T17:30:00Z,15.653776
2024-01-13T17:45:00Z,15.622205
2024-01-13T18:00:00Z,15.612000
2024-01-13T18:15:00Z,15.623205
2024-01-13T18:30:00Z,15.655776
2024-01-13T18:45:00Z,15.709574
2024-01-13T19:00:00Z,15.784371
2024-01-13T19:15:00Z,15.879849
2024-01-13T19:30:00Z,15.995602
2024-01-13T19:45:00Z,16.131136
2024-01-13T20:00:00Z,16.285873
2024-01-13T20:15:00Z,16.459152
2024-01-13T20:30:00Z,16.650233
2024-01-13T20:45:00Z,16.858301
2024-01-13T21:00:00Z,17.082466
2024-01-13T21:15:00Z,17.321771
2024-01-13T21:30:00Z,17.575193
2024-01-13T21:45:00Z,17.841649
2024-01-13T22:00:00Z,18.120000
2024-01-13T22:15:00Z,18.409057
2024-01-13T22:30:00Z,18.707583
2024-01-13T22:45:00Z,19.014303
2024-01-13T23:00:00Z,19.327905
2024-01-13T23:15:00Z,19.647048
2024-01-13T23:30:00Z,19.970369
2024-01-13T23:45:00Z,20.296484
2024-01-14T00:00:00Z,20.624000
2024-01-14T00:15:00Z,20.951516
2024-01-14T00:30:00Z,21.277631
2024-01-14T00:45:00Z,21.600952
2024-01-14T01:00:00Z,21.920095
2024-01-14T01:15:00Z,22.233697
2024-01-14T01:30:00Z,22.540417
2024-01-14T01:45:00Z,22.838943
2024-01-14T02:00:00Z,23.128000
2024-01-14T02:15:00Z,23.406351
2024-01-14T02:30:00Z,23.672807
2024-01-14T02:45:00Z,23.926229
2024-01-14T03:00:00Z,24.165534
2024-01-14T03:15:00Z,24.389699
2024-01-14T03:30:00Z,24.597767
2024-01-14T03:45:00Z,24.788848
2024-01-14T04:00:00Z,24.962127
2024-01-14T04:15:00Z,25.116864
2024-01-14T04:30:00Z,25.252398
2024-01-14T04:45:00Z,25.368151
2024-01-14T05:00:00Z,25.463629
2024-01-14T05:15:00Z,25.538426
2024-01-14T05:30:00Z,25.592224
2024-01-14T05:45:00Z,25.624795
2024-01-14T06:00:00Z,25.636000
2024-01-14T06:15:00Z,25.625795
2024-01-14T06:30:00Z,25.594224
2024-01-14T06:45:00Z,25.541426
2024-01-14T07:00:00Z,25.467629
2024-01-14T07:15:00Z,25.373151
2024-01-14T07:30:00Z,25.258398
2024-01-14T07:45:00Z,25.123864
2024-01-14T08:00:00Z,24.970127
2024-01-14T08:15:00Z,24.797848
2024-01-14T08:30:00Z,24.607767
2024-01-14T08:45:00Z,24.400699
2024-01-14T09:00:00Z,24.177534
2024-01-14T09:15:00Z,23.939229
2024-01-14T09:30:00Z,23.686807
2024-01-14T09:45:00Z,23.421351
2024-01-14T10:00:00Z,23.144000
2024-01-14T10:15:00Z,22.855943
2024-01-14T10:30:00Z,22.558417
2024-01-14T10:45:00Z,22.252697
2024-01-14T11:00:00Z,21.940095
2024-01-14T11:15:00Z,21.621952
2024-01-14T11:30:00Z,21.299631
2024-01-14T11:45:00Z,20.974516
2024-01-14T12:00:00Z,20.648000
2024-01-14T12:15:00Z,20.321484
2024-01-14T12:30:00Z,19.996369
2024-01-14T12:45:00Z,19.674048
2024-01-14T13:00:00Z,19.355905
2024-01-14T13:15:00Z,19.043303
2024-01-14T13:30:00Z,18.737583
2024-01-14T13:45:00Z,18.440057
2024-01-14T14:00:00Z,18.152000
2024-01-14T14:15:00Z,17.874649
2024-01-14T14:30:00Z,17.609193
2024-01-14T14:45:00Z,17.356771
2024-01-14T15:00:00Z,17.118466
2024-01-14T15:15:00Z,16.895301
2024-01-14T15:30:00Z,16.688233
2024-01-14T15:45:00Z,16.498152
2024-01-14T16:00:00Z,16.325873
2024-01-14T16:15:00Z,16.172136
2024-01-14T16:30:00Z,16.037602
2024-01-14T16:45:00Z,15.922849
2024-01-14T17:00:00Z,15.828371
2024-01-14T17:15:00Z,15.754574
2024-01-14T17:30:00Z,15.701776
2024-01-14T17:45:00Z,15.670205
2024-01-14T18:00:00Z,15.660000
2024-01-14T18:15:00Z,15.671205
2024-01-14T18:30:00Z,15.703776
2024-01-14T18:45:00Z,15.757574
2024-01-14T19:00:00Z,15.832371
2024-01-14T19:15:00Z,15.927849
2024-01-14T19:30:00Z,16.043602
2024-01-14T19:45:00Z,16.179136
2024-01-14T20:00:00Z,16.333873
2024-01-14T20:15:00Z,16.507152
2024-01-14T20:30:00Z,16.698233
2024-01-14T20:45:00Z,16.906301
2024-01-14T21:00:00Z,17.130466
2024-01-14T21:15:00Z,17.369771
2024-01-14T21:30:00Z,17.623193
2024-01-14T21:45:00Z,17.889649
2024-01-14T22:00:00Z,18.168000
2024-01-14T22:15:00Z,18.457057
2024-01-14T22:30:00Z,18.755583
2024-01-14T22:45:00Z,19.062303
2024-01-14T23:00:00Z,19.375905
2024-01-14T23:15:00Z,19.695048
2024-01-14T23:30:00Z,20.018369
2024-01-14T23:45:00Z,20.344484
2024-01-15T00:00:00Z,20.672000
2024-01-15T00:15:00Z,20.999516
2024-01-15T00:30:00Z,21.325631
2024-01-15T00:45:00Z,21.648952
2024-01-15T01:00:00Z,21.968095
2024-01-15T01:15:00Z,22.281697
2024-01-15T01:30:00Z,22.588417
2024-01-15T01:45:00Z,22.886943
2024-01-15T02:00:00Z,23.176000
2024-01-15T02:15:00Z,23.454351
2024-01-15T02:30:00Z,23.720807
2024-01-15T02:45:00Z,23.974229
2024-01-15T03:00:00Z,24.213534
2024-01-15T03:15:00Z,24.437699
2024-01-15T03:30:00Z,24.645767
2024-01-15T03:45:00Z,24.836848
2024-01-15T04:00:00Z,25.010127
2024-01-15T04:15:00Z,25.164864
2024-01-15T04:30:00Z,25.300398
2024-01-15T04:45:00Z,25.416151
2024-01-15T05:00:00Z,25.511629
2024-01-15T05:15:00Z,25.586426
2024-01-15T05:30:00Z,25.640224
2024-01-15T05:45:00Z,25.672795
2024-01-15T06:00:00Z,25.684000
2024-01-15T06:15:00Z,25.673795
2024-01-15T06:30:00Z,25.642224
2024-01-15T06:45:00Z,25.589426
2024-01-15T07:00:00Z,25.515629
2024-01-15T07:15:00Z,25.421151
2024-01-15T07:30:00Z,25.306398
2024-01-15T07:45:00Z,25.171864
2024-01-15T08:00:00Z,25.018127
2024-01-15T08:15:00Z,24.845848
2024-01-15T08:30:00Z,24.655767
2024-01-15T08:45:00Z,24.448699
2024-01-15T09:00:00Z,24.225534
2024-01-15T09:15:00Z,23.987229
2024-01-15T09:30:00Z,23.734807
2024-01-15T09:45:00Z,23.469351
2024-01-15T10:00:00Z,23.192000
2024-01-15T10:15:00Z,22.903943
2024-01-15T10:30:00Z,22.606417
2024-01-15T10:45:00Z,22.300697
2024-01-15T11:00:00Z,21.988095
2024-01-15T11:15:00Z,21.669952
2024-01-15T11:30:00Z,21.347631
2024-01-15T11:45:00Z,21.022516
2024-01-15T12:00:00Z,20.696000
2024-01-15T12:15:00Z,20.369484
2024-01-15T12:30:00Z,20.044369
2024-01-15T12:45:00Z,19.722048
2024-01-15T13:00:00Z,19.403905
2024-01-15T13:15:00Z,19.091303
2024-01-15T13:30:00Z,18.785583
2024-01-15T13:45:00Z,18.488057
2024-01-15T14:00:00Z,18.200000
2024-01-15T14:15:00Z,17.922649
2024-01-15T14:30:00Z,17.657193
2024-01-15T14:45:00Z,17.404771
2024-01-15T15:00:00Z,17.166466
2024-01-15T15:15:00Z,16.943301
2024-01-15T15:30:00Z,16.736233
2024-01-15T15:45:00Z,16.546152
2024-01-15T16:00:00Z,16.373873
2024-01-15T16:15:00Z,16.220136
2024-01-15T16:30:00Z,16.085602
2024-01-15T16:45:00Z,15.970849
2024-01-15T17:00:00Z,15.876371
2024-01-15T17:15:00Z,15.802574
2024-01-15T17:30:00Z,15.749776
2024-01-15T17:45:00Z,15.718205
2024-01-15T18:00:00Z,15.708000
2024-01-15T18:15:00Z,15.719205
2024-01-15T18:30:00Z,15.751776
2024-01-15T18:45:00Z,15.805574
2024-01-15T19:00:00Z,15.880371
2024-01-15T19:15:00Z,15.975849
2024-01-15T19:30:00Z,16.091602
2024-01-15T19:45:00Z,16.227136
2024-01-15T20:00:00Z,16.381873
2024-01-15T20:15:00Z,16.555152
2024-01-15T20:30:00Z,16.746233
2024-01-15T20:45:00Z,16.954301
2024-01-15T21:00:00Z,17.178466
2024-01-15T21:15:00Z,17.417771
2024-01-15T21:30:00Z,17.671193
2024-01-15T21:45:00Z,17.937649
2024-01-15T22:00:00Z,18.216000
2024-01-15T22:15:00Z,18.505057
2024-01-15T22:30:00Z,18.803583
2024-01-15T22:45:00Z,19.110303
2024-01-15T23:00:00Z,19.423905
2024-01-15T23:15:00Z,19.743048
2024-01-15T23:30:00Z,20.066369
2024-01-15T23:45:00Z,20.392484
2024-01-16T00:00:00Z,20.720000
2024-01-16T00:15:00Z,21.047516
2024-01-16T00:30:00Z,21.373631
2024-01-16T00:45:00Z,21.696952
2024-01-16T01:00:00Z,22.016095
2024-01-16T01:15:00Z,22.329697
2024-01-16T01:30:00Z,22.636417
2024-01-16T01:45:00Z,22.934943
2024-01-16T02:00:00Z,23.224000
2024-01-16T02:15:00Z,23.502351
2024-01-16T02:30:00Z,23.768807
2024-01-16T02:45:00Z,24.022229
2024-01-16T03:00:00Z,24.261534
2024-01-16T03:15:00Z,24.485699
2024-01-16T03:30:00Z,24.693767
2024-01-16T03:45:00Z,24.884848
2024-01-16T04:00:00Z,25.058127
2024-01-16T04:15:00Z,25.212864
2024-01-16T04:30:00Z,25.348398
2024-01-16T04:45:00Z,25.464151
2024-01-16T05:00:00Z,25.559629
2024-01-16T05:15:00Z,25.634426
2024-01-16T05:30:00Z,25.688224
2024-01-16T05:45:00Z,25.720795
2024-01-16T06:00:00Z,25.732000
2024-01-16T06:15:00Z,25.721795
2024-01-16T06:30:00Z,25.690224
2024-01-16T06:45:00Z,25.637426
2024-01-16T07:00:00Z,25.563629
2024-01-16T07:15:00Z,25.469151
2024-01-16T07:30:00Z,25.354398
2024-01-16T07:45:00Z,25.219864
2024-01-16T08:00:00Z,25.066127
2024-01-16T08:15:00Z,24.893848
2024-01-16T08:30:00Z,24.703767
2024-01-16T08:45:00Z,24.496699
2024-01-16T09:00:00Z,24.273534
2024-01-16T09:15:00Z,24.035229
2024-01-16T09:30:00Z,23.782807
2024-01-16T09:45:00Z,23.517351
2024-01-16T10:00:00Z,23.240000
2024-01-16T10:15:00Z,22.951943
2024-01-16T10:30:00Z,22.654417
2024-01-16T10:45:00Z,22.348697
2024-01-16T11:00:00Z,22.036095
2024-01-16T11:15:00Z,21.717952
2024-01-16T11:30:00Z,21.395631
2024-01-16T11:45:00Z,21.070516
2024-01-16T12:00:00Z,20.744000
2024-01-16T12:15:00Z,20.417484
2024-01-16T12:30:00Z,20.092369
2024-01-16T12:45:00Z,19.770048
2024-01-16T13:00:00Z,19.451905
2024-01-16T13:15:00Z,19.139303
2024-01-16T13:30:00Z,18.833583
2024-01-16T13:45:00Z,18.536057
2024-01-16T14:00:00Z,18.248000
2024-01-16T14:15:00Z,17.970649
2024-01-16T14:30:00Z,17.705193
2024-01-16T14:45:00Z,17.452771
2024-01-16T15:00:00Z,17.214466
2024-01-16T15:15:00Z,16.991301
2024-01-16T15:30:00Z,16.784233
2024-01-16T15:45:00Z,16.594152
2024-01-16T16:00:00Z,16.421873
2024-01-16T16:15:00Z,16.268136
2024-01-16T16:30:00Z,16.133602
2024-01-16T16:45:00Z,16.018849
2024-01-16T17:00:00Z,15.924371
2024-01-16T17:15:00Z,15.850574
2024-01-16T17:30:00Z,15.797776
2024-01-16T17:45:00Z,15.766205
2024-01-16T18:00:00Z,15.756000
2024-01-16T18:15:00Z,15.767205
2024-01-16T18:30:00Z,15.799776
2024-01-16T18:45:00Z,15.853574
2024-01-16T19:00:00Z,15.928371
2024-01-16T19:15:00Z,16.023849
2024-01-16T19:30:00Z,16.139602
2024-01-16T19:45:00Z,16.275136
2024-01-16T20:00:00Z,16.429873
2024-01-16T20:15:00Z,16.603152
2024-01-16T20:30:00Z,16.794233
2024-01-16T20:45:00Z,17.002301
2024-01-16T21:00:00Z,17.226466
2024-01-16T21:15:00Z,17.465771
2024-01-16T21:30:00Z,17.719193
2024-01-16T21:45:00Z,17.985649
2024-01-16T22:00:00Z,18.264000
2024-01-16T22:15:00Z,18.553057
2024-01-16T22:30:00Z,18.851583
2024-01-16T22:45:00Z,19.158303
2024-01-16T23:00:00Z,19.471905
2024-01-16T23:15:00Z,19.791048
2024-01-16T23:30:00Z,20.114369
2024-01-16T23:45:00Z,20.440484
2024-01-17T00:00:00Z,20.768000
2024-01-17T00:15:00Z,21.095516
2024-01-17T00:30:00Z,21.421631
2024-01-17T00:45:00Z,21.744952
2024-01-17T01:00:00Z,22.064095
2024-01-17T01:15:00Z,22.377697
2024-01-17T01:30:00Z,22.684417
2024-01-17T01:45:00Z,22.982943
2024-01-17T02:00:00Z,23.272000
2024-01-17T02:15:00Z,23.550351
2024-01-17T02:30:00Z,23.816807
2024-01-17T02:45:00Z,24.070229
2024-01-17T03:00:00Z,24.309534
2024-01-17T03:15:00Z,24.533699
2024-01-17T03:30:00Z,24.741767
2024-01-17T03:45:00Z,24.932848
2024-01-17T04:00:00Z,25.106127
2024-01-17T04:15:00Z,25.260864
2024-01-17T04:30:00Z,25.396398
2024-01-17T04:45:00Z,25.512151
2024-01-17T05:00:00Z,25.607629
2024-01-17T05:15:00Z,25.682426
2024-01-17T05:30:00Z,25.736224
2024-01-17T05:45:00Z,25.768795
2024-01-17T06:00:00Z,25.780000
2024-01-17T06:15:00Z,25.769795
2024-01-17T06:30:00Z,25.738224
2024-01-17T06:45:00Z,25.685426
2024-01-17T07:00:00Z,25.611629
2024-01-17T07:15:00Z,25.517151
2024-01-17T07:30:00Z,25.402398
2024-01-17T07:45:00Z,25.267864
2024-01-17T08:00:00Z,25.114127
2024-01-17T08:15:00Z,24.941848
2024-01-17T08:30:00Z,24.751767
2024-01-17T08:45:00Z,24.544699
2024-01-17T09:00:00Z,24.321534
2024-01-17T09:15:00Z,24.083229
2024-01-17T09:30:00Z,23.830807
2024-01-17T09:45:00Z,23.565351
2024-01-17T10:00:00Z,23.288000
2024-01-17T10:15:00Z,22.999943
2024-01-17T10:30:00Z,22.702417
2024-01-17T10:45:00Z,22.396697
2024-01-17T11:00:00Z,22.084095
2024-01-17T11:15:00Z,21.765952
2024-01-17T11:30:00Z,21.443631
2024-01-17T11:45:00Z,21.118516
2024-01-17T12:00:00Z,20.792000
2024-01-17T12:15:00Z,20.465484
2024-01-17T12:30:00Z,20.140369
2024-01-17T12:45:00Z,19.818048
2024-01-17T13:00:00Z,19.499905
2024-01-17T13:15:00Z,19.187303
2024-01-17T13:30:00Z,18.881583
2024-01-17T13:45:00Z,18.584057
2024-01-17T14:00:00Z,18.296000
2024-01-17T14:15:00Z,18.018649
2024-01-17T14:30:00Z,17.753193
2024-01-17T14:45:00Z,17.500771
2024-01-17T15:00:00Z,17.262466
2024-01-17T15:15:00Z,17.039301
2024-01-17T15:30:00Z,16.832233
2024-01-17T15:45:00Z,16.642152
2024-01-17T16:00:00Z,16.469873
2024-01-17T16:15:00Z,16.316136
2024-01-17T16:30:00Z,16.181602
2024-01-17T16:45:00Z,16.066849
2024-01-17T17:00:00Z,15.972371
2024-01-17T17:15:00Z,15.898574
2024-01-17T17:30:00Z,15.845776
2024-01-17T17:45:00Z,15.814205
2024-01-17T18:00:00Z,15.804000
2024-01-17T18:15:00Z,15.815205
2024-01-17T18:30:00Z,15.847776
2024-01-17T18:45:00Z,15.901574
2024-01-17T19:00:00Z,15.976371
2024-01-17T19:15:00Z,16.071849
2024-01-17T19:30:00Z,16.187602
2024-01-17T19:45:00Z,16.323136
2024-01-17T20:00:00Z,16.477873
2024-01-17T20:15:00Z,16.651152
2024-01-17T20:30:00Z,16.842233
2024-01-17T20:45:00Z,17.050301
2024-01-17T21:00:00Z,17.274466
2024-01-17T21:15:00Z,17.513771
2024-01-17T21:30:00Z,17.767193
2024-01-17T21:45:00Z,18.033649
2024-01-17T22:00:00Z,18.312000
2024-01-17T22:15:00Z,18.601057
2024-01-17T22:30:00Z,18.899583
2024-01-17T22:45:00Z,19.206303
2024-01-17T23:00:00Z,19.519905
2024-01-17T23:15:00Z,19.839048
2024-01-17T23:30:00Z,20.162369
2024-01-17T23:45:00Z,20.488484
2024-01-18T00:00:00Z,20.816000
2024-01-18T00:15:00Z,21.143516
2024-01-18T00:30:00Z,21.469631
2024-01-18T00:45:00Z,21.792952
2024-01-18T01:00:00Z,22.112095
2024-01-18T01:15:00Z,22.425697
2024-01-18T01:30:00Z,22.732417
2024-01-18T01:45:00Z,23.030943
2024-01-18T02:00:00Z,23.320000
2024-01-18T02:15:00Z,23.598351
2024-01-18T02:30:00Z,23.864807
2024-01-18T02:45:00Z,24.118229
2024-01-18T03:00:00Z,24.357534
2024-01-18T03:15:00Z,24.581699
2024-01-18T03:30:00Z,24.789767
2024-01-18T03:45:00Z,24.980848
2024-01-18T04:00:00Z,25.154127
2024-01-18T04:15:00Z,25.308864
2024-01-18T04:30:00Z,25.444398
2024-01-18T04:45:00Z,25.560151
2024-01-18T05:00:00Z,25.655629
2024-01-18T05:15:00Z,25.730426
2024-01-18T05:30:00Z,25.784224
2024-01-18T05:45:00Z,25.816795
2024-01-18T06:00:00Z,25.828000
2024-01-18T06:15:00Z,25.817795
2024-01-18T06:30:00Z,25.786224
2024-01-18T06:45:00Z,25.733426
2024-01-18T07:00:00Z,25.659629
2024-01-18T07:15:00Z,25.565151
2024-01-18T07:30:00Z,25.450398
2024-01-18T07:45:00Z,25.315864
2024-01-18T08:00:00Z,25.162127
2024-01-18T08:15:00Z,24.989848
2024-01-18T08:30:00Z,24.799767
2024-01-18T08:45:00Z,24.592699
2024-01-18T09:00:00Z,24.369534
2024-01-18T09:15:00Z,24.131229
2024-01-18T09:30:00Z,23.878807
2024-01-18T09:45:00Z,23.613351
2024-01-18T10:00:00Z,23.336000
2024-01-18T10:15:00Z,23.047943
2024-01-18T10:30:00Z,22.750417
2024-01-18T10:45:00Z,22.444697
2024-01-18T11:00:00Z,22.132095
2024-01-18T11:15:00Z,21.813952
2024-01-18T11:30:00Z,21.491631
2024-01-18T11:45:00Z,21.166516
2024-01-18T12:00:00Z,20.840000
2024-01-18T12:15:00Z,20.513484
2024-01-18T12:30:00Z,20.188369
2024-01-18T12:45:00Z,19.866048
2024-01-18T13:00:00Z,19.547905
2024-01-18T13:15:00Z,19.235303
2024-01-18T13:30:00Z,18.929583
2024-01-18T13:45:00Z,18.632057
2024-01-18T14:00:00Z,18.344000
2024-01-18T14:15:00Z,18.066649
2024-01-18T14:30:00Z,17.801193
2024-01-18T14:45:00Z,17.548771
2024-01-18T15:00:00Z,17.310466
2024-01-18T15:15:00Z,17.087301
2024-01-18T15:30:00Z,16.880233
2024-01-18T15:45:00Z,16.690152
2024-01-18T16:00:00Z,16.517873
2024-01-18T16:15:00Z,16.364136
2024-01-18T16:30:00Z,16.229602
2024-01-18T16:45:00Z,16.114849
2024-01-18T17:00:00Z,16.020371
2024-01-18T17:15:00Z,15.946574
2024-01-18T17:30:00Z,15.893776
2024-01-18T17:45:00Z,15.862205
2024-01-18T18:00:00Z,15.852000
2024-01-18T18:15:00Z,15.863205
2024-01-18T18:30:00Z,15.895776
2024-01-18T18:45:00Z,15.949574
2024-01-18T19:00:00Z,16.024371
2024-01-18T19:15:00Z,16.119849
2024-01-18T19:30:00Z,16.235602
2024-01-18T19:45:00Z,16.371136
2024-01-18T20:00:00Z,16.525873
2024-01-18T20:15:00Z,16.699152
2024-01-18T20:30:00Z,16.890233
2024-01-18T20:45:00Z,17.098301
2024-01-18T21:00:00Z,17.322466
2024-01-18T21:15:00Z,17.561771
2024-01-18T21:30:00Z,17.815193
2024-01-18T21:45:00Z,18.081649
2024-01-18T22:00:00Z,18.360000
2024-01-18T22:15:00Z,18.649057
2024-01-18T22:30:00Z,18.947583
2024-01-18T22:45:00Z,19.254303
2024-01-18T23:00:00Z,19.567905
2024-01-18T23:15:00Z,19.887048
2024-01-18T23:30:00Z,20.210369
2024-01-18T23:45:00Z,20.536484
2024-01-19T00:00:00Z,20.864000
2024-01-19T00:15:00Z,21.191516
2024-01-19T00:30:00Z,21.517631
2024-01-19T00:45:00Z,21.840952
2024-01-19T01:00:00Z,22.160095
2024-01-19T01:15:00Z,22.473697
2024-01-19T01:30:00Z,22.780417
2024-01-19T01:45:00Z,23.078943
2024-01-19T02:00:00Z,23.368000
2024-01-19T02:15:00Z,23.646351
2024-01-19T02:30:00Z,23.912807
2024-01-19T02:45:00Z,24.166229
2024-01-19T03:00:00Z,24.405534
2024-01-19T03:15:00Z,24.629699
2024-01-19T03:30:00Z,24.837767
2024-01-19T03:45:00Z,25.028848
2024-01-19T04:00:00Z,25.202127
2024-01-19T04:15:00Z,25.356864
2024-01-19T04:30:00Z,25.492398
2024-01-19T04:45:00Z,25.608151
2024-01-19T05:00:00Z,25.703629
2024-01-19T05:15:00Z,25.778426
2024-01-19T05:30:00Z,25.832224
2024-01-19T05:45:00Z,25.864795
2024-01-19T06:00:00Z,25.876000
2024-01-19T06:15:00Z,25.865795
2024-01-19T06:30:00Z,25.834224
2024-01-19T06:45:00Z,25.781426
2024-01-19T07:00:00Z,25.707629
2024-01-19T07:15:00Z,25.613151
2024-01-19T07:30:00Z,25.498398
2024-01-19T07:45:00Z,25.363864
2024-01-19T08:00:00Z,25.210127
2024-01-19T08:15:00Z,25.037848
2024-01-19T08:30:00Z,24.847767
2024-01-19T08:45:00Z,24.640699
2024-01-19T09:00:00Z,24.417534
2024-01-19T09:15:00Z,24.179229
2024-01-19T09:30:00Z,23.926807
2024-01-19T09:45:00Z,23.661351
2024-01-19T10:00:00Z,23.384000
2024-01-19T10:15:00Z,23.095943
2024-01-19T10:30:00Z,22.798417
2024-01-19T10:45:00Z,22.492697
2024-01-19T11:00:00Z,22.180095
2024-01-19T11:15:00Z,21.861952
2024-01-19T11:30:00Z,21.539631
2024-01-19T11:45:00Z,21.214516
2024-01-19T12:00:00Z,20.888000
2024-01-19T12:15:00Z,20.561484
2024-01-19T12:30:00Z,20.236369
2024-01-19T12:45:00Z,19.914048
2024-01-19T13:00:00Z,19.595905
2024-01-19T13:15:00Z,19.283303
2024-01-19T13:30:00Z,18.977583
2024-01-19T13:45:00Z,18.680057
2024-01-19T14:00:00Z,18.392000
2024-01-19T14:15:00Z,18.114649
2024-01-19T14:30:00Z,17.849193
2024-01-19T14:45:00Z,17.596771
2024-01-19T15:00:00Z,17.358466
2024-01-19T15:15:00Z,17.135301
2024-01-19T15:30:00Z,16.928233
2024-01-19T15:45:00Z,16.738152
2024-01-19T16:00:00Z,16.565873
2024-01-19T16:15:00Z,16.412136
2024-01-19T16:30:00Z,16.277602
2024-01-19T16:45:00Z,16.162849
2024-01-19T17:00:00Z,16.068371
2024-01-19T17:15:00Z,15.994574
2024-01-19T17:30:00Z,15.941776
2024-01-19T17:45:00Z,15.910205
2024-01-19T18:00:00Z,15.900000
2024-01-19T18:15:00Z,15.911205
2024-01-19T18:30:00Z,15.943776
2024-01-19T18:45:00Z,15.997574
2024-01-19T19:00:00Z,16.072371
2024-01-19T19:15:00Z,16.167849
2024-01-19T19:30:00Z,16.283602
2024-01-19T19:45:00Z,16.419136
2024-01-19T20:00:00Z,16.573873
2024-01-19T20:15:00Z,16.747152
2024-01-19T20:30:00Z,16.938233
2024-01-19T20:45:00Z,17.146301
2024-01-19T21:00:00Z,17.370466
2024-01-19T21:15:00Z,17.609771
2024-01-19T21:30:00Z,17.863193
2024-01-19T21:45:00Z,18.129649
2024-01-19T22:00:00Z,18.408000
2024-01-19T22:15:00Z,18.697057
2024-01-19T22:30:00Z,18.995583
2024-01-19T22:45:00Z,19.302303
2024-01-19T23:00:00Z,19.615905
2024-01-19T23:15:00Z,19.935048
2024-01-19T23:30:00Z,20.258369
2024-01-19T23:45:00Z,20.584484
2024-01-20T00:00:00Z,20.912000
2024-01-20T00:15:00Z,21.239516
2024-01-20T00:30:00Z,21.565631
2024-01-20T00:45:00Z,21.888952
2024-01-20T01:00:00Z,22.208095
2024-01-20T01:15:00Z,22.521697
2024-01-20T01:30:00Z,22.828417
2024-01-20T01:45:00Z,23.126943
2024-01-20T02:00:00Z,23.416000
2024-01-20T02:15:00Z,23.694351
2024-01-20T02:30:00Z,23.960807
2024-01-20T02:45:00Z,24.214229
2024-01-20T03:00:00Z,24.453534
2024-01-20T03:15:00Z,24.677699
2024-01-20T03:30:00Z,24.885767
2024-01-20T03:45:00Z,25.076848
2024-01-20T04:00:00Z,25.250127
2024-01-20T04:15:00Z,25.404864
2024-01-20T04:30:00Z,25.540398
2024-01-20T04:45:00Z,25.656151
2024-01-20T05:00:00Z,25.751629
2024-01-20T05:15:00Z,25.826426
2024-01-20T05:30:00Z,25.880224
2024-01-20T05:45:00Z,25.912795
2024-01-20T06:00:00Z,25.924000
2024-01-20T06:15:00Z,25.913795
2024-01-20T06:30:00Z,25.882224
2024-01-20T06:45:00Z,25.829426
2024-01-20T07:00:00Z,25.755629
2024-01-20T07:15:00Z,25.661151
2024-01-20T07:30:00Z,25.546398
2024-01-20T07:45:00Z,25.411864
2024-01-20T08:00:00Z,25.258127
2024-01-20T08:15:00Z,25.085848
2024-01-20T08:30:00Z,24.895767
2024-01-20T08:45:00Z,24.688699
2024-01-20T09:00:00Z,24.465534
2024-01-20T09:15:00Z,24.227229
2024-01-20T09:30:00Z,23.974807
2024-01-20T09:45:00Z,23.709351
2024-01-20T10:00:00Z,23.432000
2024-01-20T10:15:00Z,23.143943
2024-01-20T10:30:00Z,22.846417
2024-01-20T10:45:00Z,22.540697
2024-01-20T11:00:00Z,22.228095
2024-01-20T11:15:00Z,21.909952
2024-01-20T11:30:00Z,21.587631
2024-01-20T11:45:00Z,21.262516
2024-01-20T12:00:00Z,20.936000
2024-01-20T12:15:00Z,20.609484
2024-01-20T12:30:00Z,20.284369
2024-01-20T12:45:00Z,19.962048
2024-01-20T13:00:00Z,19.643905
2024-01-20T13:15:00Z,19.331303
2024-01-20T13:30:00Z,19.025583
2024-01-20T13:45:00Z,18.728057
2024-01-20T14:00:00Z,18.440000
2024-01-20T14:15:00Z,18.162649
2024-01-20T14:30:00Z,17.897193
2024-01-20T14:45:00Z,17.644771
2024-01-20T15:00:00Z,17.406466
2024-01-20T15:15:00Z,17.183301
2024-01-20T15:30:00Z,16.976233
2024-01-20T15:45:00Z,16.786152
2024-01-20T16:00:00Z,16.613873
2024-01-20T16:15:00Z,16.460136
2024-01-20T16:30:00Z,16.325602
2024-01-20T16:45:00Z,16.210849
2024-01-20T17:00:00Z,16.116371
2024-01-20T17:15:00Z,16.042574
2024-01-20T17:30:00Z,15.989776
2024-01-20T17:45:00Z,15.958205
2024-01-20T18:00:00Z,15.948000
2024-01-20T18:15:00Z,15.959205
2024-01-20T18:30:00Z,15.991776
2024-01-20T18:45:00Z,16.045574
2024-01-20T19:00:00Z,16.120371
2024-01-20T19:15:00Z,16.215849
2024-01-20T19:30:00Z,16.331602
2024-01-20T19:45:00Z,16.467136
2024-01-20T20:00:00Z,16.621873
2024-01-20T20:15:00Z,16.795152
2024-01-20T20:30:00Z,16.986233
2024-01-20T20:45:00Z,17.194301
2024-01-20T21:00:00Z,17.418466
2024-01-20T21:15:00Z,17.657771
2024-01-20T21:30:00Z,17.911193
2024-01-20T21:45:00Z,18.177649
2024-01-20T22:00:00Z,18.456000
2024-01-20T22:15:00Z,18.745057
2024-01-20T22:30:00Z,19.043583
2024-01-20T22:45:00Z,19.350303
2024-01-20T23:00:00Z,19.663905
2024-01-20T23:15:00Z,19.983048
2024-01-20T23:30:00Z,20.306369
2024-01-20T23:45:00Z,20.632484
2024-01-21T00:00:00Z,20.960000
2024-01-21T00:15:00Z,21.287516
2024-01-21T00:30:00Z,21.613631
2024-01-21T00:45:00Z,21.936952
2024-01-21T01:00:00Z,22.256095
2024-01-21T01:15:00Z,22.569697
2024-01-21T01:30:00Z,22.876417
2024-01-21T01:45:00Z,23.174943
2024-01-21T02:00:00Z,23.464000
2024-01-21T02:15:00Z,23.742351
2024-01-21T02:30:00Z,24.008807
2024-01-21T02:45:00Z,24.262229
2024-01-21T03:00:00Z,24.501534
2024-01-21T03:15:00Z,24.725699
2024-01-21T03:30:00Z,24.933767
2024-01-21T03:45:00Z,25.124848
2024-01-21T04:00:00Z,25.298127
2024-01-21T04:15:00Z,25.452864
2024-01-21T04:30:00Z,25.588398
2024-01-21T04:45:00Z,25.704151
2024-01-21T05:00:00Z,25.799629
2024-01-21T05:15:00Z,25.874426
2024-01-21T05:30:00Z,25.928224
2024-01-21T05:45:00Z,25.960795
2024-01-21T06:00:00Z,25.972000
2024-01-21T06:15:00Z,25.961795
2024-01-21T06:30:00Z,25.930224
2024-01-21T06:45:00Z,25.877426
2024-01-21T07:00:00Z,25.803629
2024-01-21T07:15:00Z,25.709151
2024-01-21T07:30:00Z,25.594398
2024-01-21T07:45:00Z,25.459864
2024-01-21T08:00:00Z,25.306127
2024-01-21T08:15:00Z,25.133848
2024-01-21T08:30:00Z,24.943767
2024-01-21T08:45:00Z,24.736699
2024-01-21T09:00:00Z,24.513534
2024-01-21T09:15:00Z,24.275229
2024-01-21T09:30:00Z,24.022807
2024-01-21T09:45:00Z,23.757351
2024-01-21T10:00:00Z,23.480000
2024-01-21T10:15:00Z,23.191943
2024-01-21T10:30:00Z,22.894417
2024-01-21T10:45:00Z,22.588697
2024-01-21T11:00:00Z,22.276095
2024-01-21T11:15:00Z,21.957952
2024-01-21T11:30:00Z,21.635631
2024-01-21T11:45:00Z,21.310516
2024-01-21T12:00:00Z,20.984000
2024-01-21T12:15:00Z,20.657484
2024-01-21T12:30:00Z,20.332369
2024-01-21T12:45:00Z,20.010048
2024-01-21T13:00:00Z,19.691905
2024-01-21T13:15:00Z,19.379303
2024-01-21T13:30:00Z,19.073583
2024-01-21T13:45:00Z,18.776057
2024-01-21T14:00:00Z,18.488000
2024-01-21T14:15:00Z,18.210649
2024-01-21T14:30:00Z,17.945193
2024-01-21T14:45:00Z,17.692771
2024-01-21T15:00:00Z,17.454466
2024-01-21T15:15:00Z,17.231301
2024-01-21T15:30:00Z,17.024233
2024-01-21T15:45:00Z,16.834152
2024-01-21T16:00:00Z,16.661873
2024-01-21T16:15:00Z,16.508136
2024-01-21T16:30:00Z,16.373602
2024-01-21T16:45:00Z,16.258849
2024-01-21T17:00:00Z,16.164371
2024-01-21T17:15:00Z,16.090574
2024-01-21T17:30:00Z,16.037776
2024-01-21T17:45:00Z,16.006205
2024-01-21T18:00:00Z,15.996000
2024-01-21T18:15:00Z,16.007205
2024-01-21T18:30:00Z,16.039776
2024-01-21T18:45:00Z,16.093574
2024-01-21T19:00:00Z,16.168371
2024-01-21T19:15:00Z,16.263849
2024-01-21T19:30:00Z,16.379602
2024-01-21T19:45:00Z,16.515136
2024-01-21T20:00:00Z,16.669873
2024-01-21T20:15:00Z,16.843152
2024-01-21T20:30:00Z,17.034233
2024-01-21T20:45:00Z,17.242301
2024-01-21T21:00:00Z,17.466466
2024-01-21T21:15:00Z,17.705771
2024-01-21T21:30:00Z,17.959193
2024-01-21T21:45:00Z,18.225649
2024-01-21T22:00:00Z,18.504000
2024-01-21T22:15:00Z,18.793057
2024-01-21T22:30:00Z,19.091583
2024-01-21T22:45:00Z,19.398303
2024-01-21T23:00:00Z,19.711905
2024-01-21T23:15:00Z,20.031048
2024-01-21T23:30:00Z,20.354369
2024-01-21T23:45:00Z,20.680484
2024-01-22T00:00:00Z,21.008000
2024-01-22T00:15:00Z,21.335516
2024-01-22T00:30:00Z,21.661631
2024-01-22T00:45:00Z,21.984952
2024-01-22T01:00:00Z,22.304095
2024-01-22T01:15:00Z,22.617697
2024-01-22T01:30:00Z,22.924417
2024-01-22T01:45:00Z,23.222943
2024-01-22T02:00:00Z,23.512000
2024-01-22T02:15:00Z,23.790351
2024-01-22T02:30:00Z,24.056807
2024-01-22T02:45:00Z,24.310229
2024-01-22T03:00:00Z,24.549534
2024-01-22T03:15:00Z,24.773699
2024-01-22T03:30:00Z,24.981767
2024-01-22T03:45:00Z,25.172848
2024-01-22T04:00:00Z,25.346127
2024-01-22T04:15:00Z,25.500864
2024-01-22T04:30:00Z,25.636398
2024-01-22T04:45:00Z,25.752151
2024-01-22T05:00:00Z,25.847629
2024-01-22T05:15:00Z,25.922426
2024-01-22T05:30:00Z,25.976224
2024-01-22T05:45:00Z,26.008795
2024-01-22T06:00:00Z,26.020000
2024-01-22T06:15:00Z,26.009795
2024-01-22T06:30:00Z,25.978224
2024-01-22T06:45:00Z,25.925426
2024-01-22T07:00:00Z,25.851629
2024-01-22T07:15:00Z,25.757151
2024-01-22T07:30:00Z,25.642398
2024-01-22T07:45:00Z,25.507864
2024-01-22T08:00:00Z,25.354127
2024-01-22T08:15:00Z,25.181848
2024-01-22T08:30:00Z,24.991767
2024-01-22T08:45:00Z,24.784699
2024-01-22T09:00:00Z,24.561534
2024-01-22T09:15:00Z,24.323229
2024-01-22T09:30:00Z,24.070807
2024-01-22T09:45:00Z,23.805351
2024-01-22T10:00:00Z,23.528000
2024-01-22T10:15:00Z,23.239943
2024-01-22T10:30:00Z,22.942417
2024-01-22T10:45:00Z,22.636697
2024-01-22T11:00:00Z,22.324095
2024-01-22T11:15:00Z,22.005952
2024-01-22T11:30:00Z,21.683631
2024-01-22T11:45:00Z,21.358516
2024-01-22T12:00:00Z,21.032000
2024-01-22T12:15:00Z,20.705484
2024-01-22T12:30:00Z,20.380369
2024-01-22T12:45:00Z,20.058048
2024-01-22T13:00:00Z,19.739905
2024-01-22T13:15:00Z,19.427303
2024-01-22T13:30:00Z,19.121583
2024-01-22T13:45:00Z,18.824057
2024-01-22T14:00:00Z,18.536000
2024-01-22T14:15:00Z,18.258649
2024-01-22T14:30:00Z,17.993193
2024-01-22T14:45:00Z,17.740771
2024-01-22T15:00:00Z,17.502466
2024-01-22T15:15:00Z,17.279301
2024-01-22T15:30:00Z,17.072233
2024-01-22T15:45:00Z,16.882152
2024-01-22T16:00:00Z,16.709873
2024-01-22T16:15:00Z,16.556136
2024-01-22T16:30:00Z,16.421602
2024-01-22T16:45:00Z,16.306849
2024-01-22T17:00:00Z,16.212371
2024-01-22T17:15:00Z,16.138574
2024-01-22T17:30:00Z,16.085776
2024-01-22T17:45:00Z,16.054205
2024-01-22T18:00:00Z,16.044000
2024-01-22T18:15:00Z,16.055205
2024-01-22T18:30:00Z,16.087776
2024-01-22T18:45:00Z,16.141574
2024-01-22T19:00:00Z,16.216371
2024-01-22T19:15:00Z,16.311849
2024-01-22T19:30:00Z,16.427602
2024-01-22T19:45:00Z,16.563136
2024-01-22T20:00:00Z,16.717873
2024-01-22T20:15:00Z,16.891152
2024-01-22T20:30:00Z,17.082233
2024-01-22T20:45:00Z,17.290301
2024-01-22T21:00:00Z,17.514466
2024-01-22T21:15:00Z,17.753771
2024-01-22T21:30:00Z,18.007193
2024-01-22T21:45:00Z,18.273649
2024-01-22T22:00:00Z,18.552000
2024-01-22T22:15:00Z,18.841057
2024-01-22T22:30:00Z,19.139583
2024-01-22T22:45:00Z,19.446303
2024-01-22T23:00:00Z,19.759905
2024-01-22T23:15:00Z,20.079048
2024-01-22T23:30:00Z,20.402369
2024-01-22T23:45:00Z,20.728484
2024-01-23T00:00:00Z,21.056000
2024-01-23T00:15:00Z,21.383516
2024-01-23T00:30:00Z,21.709631
2024-01-23T00:45:00Z,22.032952
2024-01-23T01:00:00Z,22.352095
2024-01-23T01:15:00Z,22.665697
2024-01-23T01:30:00Z,22.972417
2024-01-23T01:45:00Z,23.270943
2024-01-23T02:00:00Z,23.560000
2024-01-23T02:15:00Z,23.838351
2024-01-23T02:30:00Z,24.104807
2024-01-23T02:45:00Z,24.358229
2024-01-23T03:00:00Z,24.597534
2024-01-23T03:15:00Z,24.821699
2024-01-23T03:30:00Z,25.029767
2024-01-23T03:45:00Z,25.220848
2024-01-23T04:00:00Z,25.394127
2024-01-23T04:15:00Z,25.548864
2024-01-23T04:30:00Z,25.684398
2024-01-23T04:45:00Z,25.800151
2024-01-23T05:00:00Z,25.895629
2024-01-23T05:15:00Z,25.970426
2024-01-23T05:30:00Z,26.024224
2024-01-23T05:45:00Z,26.056795
2024-01-23T06:00:00Z,26.068000
2024-01-23T06:15:00Z,26.057795
2024-01-23T06:30:00Z,26.026224
2024-01-23T06:45:00Z,25.973426
2024-01-23T07:00:00Z,25.899629
2024-01-23T07:15:00Z,25.805151
2024-01-23T07:30:00Z,25.690398
2024-01-23T07:45:00Z,25.555864
2024-01-23T08:00:00Z,25.402127
2024-01-23T08:15:00Z,25.229848
2024-01-23T08:30:00Z,25.039767
2024-01-23T08:45:00Z,24.832699
2024-01-23T09:00:00Z,24.609534
2024-01-23T09:15:00Z,24.371229
2024-01-23T09:30:00Z,24.118807
2024-01-23T09:45:00Z,23.853351
2024-01-23T10:00:00Z,23.576000
2024-01-23T10:15:00Z,23.287943
2024-01-23T10:30:00Z,22.990417
2024-01-23T10:45:00Z,22.684697
2024-01-23T11:00:00Z,22.372095
2024-01-23T11:15:00Z,22.053952
2024-01-23T11:30:00Z,21.731631
2024-01-23T11:45:00Z,21.406516
2024-01-23T12:00:00Z,21.080000
2024-01-23T12:15:00Z,20.753484
2024-01-23T12:30:00Z,20.428369
2024-01-23T12:45:00Z,20.106048
2024-01-23T13:00:00Z,19.787905
2024-01-23T13:15:00Z,19.475303
2024-01-23T13:30:00Z,19.169583
2024-01-23T13:45:00Z,18.872057
2024-01-23T14:00:00Z,18.584000
2024-01-23T14:15:00Z,18.306649
2024-01-23T14:30:00Z,18.041193
2024-01-23T14:45:00Z,17.788771
2024-01-23T15:00:00Z,17.550466
2024-01-23T15:15:00Z,17.327301
2024-01-23T15:30:00Z,17.120233
2024-01-23T15:45:00Z,16.930152
2024-01-23T16:00:00Z,16.757873
2024-01-23T16:15:00Z,16.604136
2024-01-23T16:30:00Z,16.469602
2024-01-23T16:45:00Z,16.354849
2024-01-23T17:00:00Z,16.260371
2024-01-23T17:15:00Z,16.186574
2024-01-23T17:30:00Z,16.133776
2024-01-23T17:45:00Z,16.102205
2024-01-23T18:00:00Z,16.092000
2024-01-23T18:15:00Z,16.103205
2024-01-23T18:30:00Z,16.135776
2024-01-23T18:45:00Z,16.189574
2024-01-23T19:00:00Z,16.264371
2024-01-23T19:15:00Z,16.359849
2024-01-23T19:30:00Z,16.475602
2024-01-23T19:45:00Z,16.611136
2024-01-23T20:00:00Z,16.765873
2024-01-23T20:15:00Z,16.939152
2024-01-23T20:30:00Z,17.130233
2024-01-23T20:45:00Z,17.338301
2024-01-23T21:00:00Z,17.562466
2024-01-23T21:15:00Z,17.801771
2024-01-23T21:30:00Z,18.055193
2024-01-23T21:45:00Z,18.321649
2024-01-23T22:00:00Z,18.600000
2024-01-23T22:15:00Z,18.889057
2024-01-23T22:30:00Z,19.187583
2024-01-23T22:45:00Z,19.494303
2024-01-23T23:00:00Z,19.807905
2024-01-23T23:15:00Z,20.127048
2024-01-23T23:30:00Z,20.450369
2024-01-23T23:45:00Z,20.776484
2024-01-24T00:00:00Z,21.104000
2024-01-24T00:15:00Z,21.431516
2024-01-24T00:30:00Z,21.757631
2024-01-24T00:45:00Z,22.080952
2024-01-24T01:00:00Z,22.400095
2024-01-24T01:15:00Z,22.713697
2024-01-24T01:30:00Z,23.020417
2024-01-24T01:45:00Z,23.318943
2024-01-24T02:00:00Z,23.608000
2024-01-24T02:15:00Z,23.886351
2024-01-24T02:30:00Z,24.152807
2024-01-24T02:45:00Z,24.406229
2024-01-24T03:00:00Z,24.645534
2024-01-24T03:15:00Z,24.869699
2024-01-24T03:30:00Z,25.077767
2024-01-24T03:45:00Z,25.268848
2024-01-24T04:00:00Z,25.442127
2024-01-24T04:15:00Z,25.596864
2024-01-24T04:30:00Z,25.732398
2024-01-24T04:45:00Z,25.848151
2024-01-24T05:00:00Z,25.943629
2024-01-24T05:15:00Z,26.018426
2024-01-24T05:30:00Z,26.072224
2024-01-24T05:45:00Z,26.104795
2024-01-24T06:00:00Z,26.116000
2024-01-24T06:15:00Z,26.105795
2024-01-24T06:30:00Z,26.074224
2024-01-24T06:45:00Z,26.021426
2024-01-24T07:00:00Z,25.947629
2024-01-24T07:15:00Z,25.853151
2024-01-24T07:30:00Z,25.738398
2024-01-24T07:45:00Z,25.603864
2024-01-24T08:00:00Z,25.450127
2024-01-24T08:15:00Z,25.277848
2024-01-24T08:30:00Z,25.087767
2024-01-24T08:45:00Z,24.880699
2024-01-24T09:00:00Z,24.657534
2024-01-24T09:15:00Z,24.419229
2024-01-24T09:30:00Z,24.166807
2024-01-24T09:45:00Z,23.901351
2024-01-24T10:00:00Z,23.624000
2024-01-24T10:15:00Z,23.335943
2024-01-24T10:30:00Z,23.038417
2024-01-24T10:45:00Z,22.732697
2024-01-24T11:00:00Z,22.420095
2024-01-24T11:15:00Z,22.101952
2024-01-24T11:30:00Z,21.779631
2024-01-24T11:45:00Z,21.454516
2024-01-24T12:00:00Z,21.128000
2024-01-24T12:15:00Z,20.801484
2024-01-24T12:30:00Z,20.476369
2024-01-24T12:45:00Z,20.154048
2024-01-24T13:00:00Z,19.835905
2024-01-24T13:15:00Z,19.523303
2024-01-24T13:30:00Z,19.217583
2024-01-24T13:45:00Z,18.920057
2024-01-24T14:00:00Z,18.632000
2024-01-24T14:15:00Z,18.354649
2024-01-24T14:30:00Z,18.089193
2024-01-24T14:45:00Z,17.836771
2024-01-24T15:00:00Z,17.598466
2024-01-24T15:15:00Z,17.375301
2024-01-24T15:30:00Z,17.168233
2024-01-24T15:45:00Z,16.978152
2024-01-24T16:00:00Z,16.805873
2024-01-24T16:15:00Z,16.652136
2024-01-24T16:30:00Z,16.517602
2024-01-24T16:45:00Z,16.402849
2024-01-24T17:00:00Z,16.308371
2024-01-24T17:15:00Z,16.234574
2024-01-24T17:30:00Z,16.181776
2024-01-24T17:45:00Z,16.150205
2024-01-24T18:00:00Z,16.140000
2024-01-24T18:15:00Z,16.151205
2024-01-24T18:30:00Z,16.183776
2024-01-24T18:45:00Z,16.237574
2024-01-24T19:00:00Z,16.312371
2024-01-24T19:15:00Z,16.407849
2024-01-24T19:30:00Z,16.523602
2024-01-24T19:45:00Z,16.659136
2024-01-24T20:00:00Z,16.813873
2024-01-24T20:15:00Z,16.987152
2024-01-24T20:30:00Z,17.178233
2024-01-24T20:45:00Z,17.386301
2024-01-24T21:00:00Z,17.610466
2024-01-24T21:15:00Z,17.849771
2024-01-24T21:30:00Z,18.103193
2024-01-24T21:45:00Z,18.369649
2024-01-24T22:00:00Z,18.648000
2024-01-24T22:15:00Z,18.937057
2024-01-24T22:30:00Z,19.235583
2024-01-24T22:45:00Z,19.542303
2024-01-24T23:00:00Z,19.855905
2024-01-24T23:15:00Z,20.175048
2024-01-24T23:30:00Z,20.498369
2024-01-24T23:45:00Z,20.824484
2024-01-25T00:00:00Z,21.152000
2024-01-25T00:15:00Z,21.479516
2024-01-25T00:30:00Z,21.805631
2024-01-25T00:45:00Z,22.128952
2024-01-25T01:00:00Z,22.448095
2024-01-25T01:15:00Z,22.761697
2024-01-25T01:30:00Z,23.068417
2024-01-25T01:45:00Z,23.366943
2024-01-25T02:00:00Z,23.656000
2024-01-25T02:15:00Z,23.934351
2024-01-25T02:30:00Z,24.200807
2024-01-25T02:45:00Z,24.454229
2024-01-25T03:00:00Z,24.693534
2024-01-25T03:15:00Z,24.917699
2024-01-25T03:30:00Z,25.125767
2024-01-25T03:45:00Z,25.316848
2024-01-25T04:00:00Z,25.490127
2024-01-25T04:15:00Z,25.644864
2024-01-25T04:30:00Z,25.780398
2024-01-25T04:45:00Z,25.896151
2024-01-25T05:00:00Z,25.991629
2024-01-25T05:15:00Z,26.066426
2024-01-25T05:30:00Z,26.120224
2024-01-25T05:45:00Z,26.152795
2024-01-25T06:00:00Z,26.164000
2024-01-25T06:15:00Z,26.153795
2024-01-25T06:30:00Z,26.122224
2024-01-25T06:45:00Z,26.069426
2024-01-25T07:00:00Z,25.995629
2024-01-25T07:15:00Z,25.901151
2024-01-25T07:30:00Z,25.786398
2024-01-25T07:45:00Z,25.651864
2024-01-25T08:00:00Z,25.498127
2024-01-25T08:15:00Z,25.325848
2024-01-25T08:30:00Z,25.135767
2024-01-25T08:45:00Z,24.928699
2024-01-25T09:00:00Z,24.705534
2024-01-25T09:15:00Z,24.467229
2024-01-25T09:30:00Z,24.214807
2024-01-25T09:45:00Z,23.949351
2024-01-25T10:00:00Z,23.672000
2024-01-25T10:15:00Z,23.383943
2024-01-25T10:30:00Z,23.086417
2024-01-25T10:45:00Z,22.780697
2024-01-25T11:00:00Z,22.468095
2024-01-25T11:15:00Z,22.149952
2024-01-25T11:30:00Z,21.827631
2024-01-25T11:45:00Z,21.502516
2024-01-25T12:00:00Z,21.176000
2024-01-25T12:15:00Z,20.849484
2024-01-25T12:30:00Z,20.524369
2024-01-25T12:45:00Z,20.202048
2024-01-25T13:00:00Z,19.883905
2024-01-25T13:15:00Z,19.571303
2024-01-25T13:30:00Z,19.265583
2024-01-25T13:45:00Z,18.968057
2024-01-25T14:00:00Z,18.680000
2024-01-25T14:15:00Z,18.402649
2024-01-25T14:30:00Z,18.137193
2024-01-25T14:45:00Z,17.884771
2024-01-25T15:00:00Z,17.646466
2024-01-25T15:15:00Z,17.423301
2024-01-25T15:30:00Z,17.216233
2024-01-25T15:45:00Z,17.026152
2024-01-25T16:00:00Z,16.853873
2024-01-25T16:15:00Z,16.700136
2024-01-25T16:30:00Z,16.565602
2024-01-25T16:45:00Z,16.450849
2024-01-25T17:00:00Z,16.356371
2024-01-25T17:15:00Z,16.282574
2024-01-25T17:30:00Z,16.229776
2024-01-25T17:45:00Z,16.198205
2024-01-25T18:00:00Z,16.188000
2024-01-25T18:15:00Z,16.199205
2024-01-25T18:30:00Z,16.231776
2024-01-25T18:45:00Z,16.285574
2024-01-25T19:00:00Z,16.360371
2024-01-25T19:15:00Z,16.455849
2024-01-25T19:30:00Z,16.571602
2024-01-25T19:45:00Z,16.707136
2024-01-25T20:00:00Z,16.861873
2024-01-25T20:15:00Z,17.035152
2024-01-25T20:30:00Z,17.226233
2024-01-25T20:45:00Z,17.434301
2024-01-25T21:00:00Z,17.658466
2024-01-25T21:15:00Z,17.897771
2024-01-25T21:30:00Z,18.151193
2024-01-25T21:45:00Z,18.417649
2024-01-25T22:00:00Z,18.696000
2024-01-25T22:15:00Z,18.985057
2024-01-25T22:30:00Z,19.283583
2024-01-25T22:45:00Z,19.590303
2024-01-25T23:00:00Z,19.903905
2024-01-25T23:15:00Z,20.223048
2024-01-25T23:30:00Z,20.546369
2024-01-25T23:45:00Z,20.872484
2024-01-26T00:00:00Z,21.200000
2024-01-26T00:15:00Z,21.527516
2024-01-26T00:30:00Z,21.853631
2024-01-26T00:45:00Z,22.176952
2024-01-26T01:00:00Z,22.496095
2024-01-26T01:15:00Z,22.809697
2024-01-26T01:30:00Z,23.116417
2024-01-26T01:45:00Z,23.414943
2024-01-26T02:00:00Z,23.704000
2024-01-26T02:15:00Z,23.982351
2024-01-26T02:30:00Z,24.248807
2024-01-26T02:45:00Z,24.502229
2024-01-26T03:00:00Z,24.741534
2024-01-26T03:15:00Z,24.965699
2024-01-26T03:30:00Z,25.173767
2024-01-26T03:45:00Z,25.364848
2024-01-26T04:00:00Z,25.538127
2024-01-26T04:15:00Z,25.692864
2024-01-26T04:30:00Z,25.828398
2024-01-26T04:45:00Z,25.944151
2024-01-26T05:00:00Z,26.039629
2024-01-26T05:15:00Z,26.114426
2024-01-26T05:30:00Z,26.168224
2024-01-26T05:45:00Z,26.200795
2024-01-26T06:00:00Z,26.212000
2024-01-26T06:15:00Z,26.201795
2024-01-26T06:30:00Z,26.170224
2024-01-26T06:45:00Z,26.117426
2024-01-26T07:00:00Z,26.043629
2024-01-26T07:15:00Z,25.949151
2024-01-26T07:30:00Z,25.834398
2024-01-26T07:45:00Z,25.699864
2024-01-26T08:00:00Z,25.546127
2024-01-26T08:15:00Z,25.373848
2024-01-26T08:30:00Z,25.183767
2024-01-26T08:45:00Z,24.976699
2024-01-26T09:00:00Z,24.753534
2024-01-26T09:15:00Z,24.515229
2024-01-26T09:30:00Z,24.262807
2024-01-26T09:45:00Z,23.997351
2024-01-26T10:00:00Z,23.720000
2024-01-26T10:15:00Z,23.431943
2024-01-26T10:30:00Z,23.134417
2024-01-26T10:45:00Z,22.828697
2024-01-26T11:00:00Z,22.516095
2024-01-26T11:15:00Z,22.197952
2024-01-26T11:30:00Z,21.875631
2024-01-26T11:45:00Z,21.550516
2024-01-26T12:00:00Z,21.224000
2024-01-26T12:15:00Z,20.897484
2024-01-26T12:30:00Z,20.572369
2024-01-26T12:45:00Z,20.250048
2024-01-26T13:00:00Z,19.931905
2024-01-26T13:15:00Z,19.619303
2024-01-26T13:30:00Z,19.313583
2024-01-26T13:45:00Z,19.016057
2024-01-26T14:00:00Z,18.728000
2024-01-26T14:15:00Z,18.450649
2024-01-26T14:30:00Z,18.185193
2024-01-26T14:45:00Z,17.932771
2024-01-26T15:00:00Z,17.694466
2024-01-26T15:15:00Z,17.471301
2024-01-26T15:30:00Z,17.264233
2024-01-26T15:45:00Z,17.074152
2024-01-26T16:00:00Z,16.901873
2024-01-26T16:15:00Z,16.748136
2024-01-26T16:30:00Z,16.613602
2024-01-26T16:45:00Z,16.498849
2024-01-26T17:00:00Z,16.404371
2024-01-26T17:15:00Z,16.330574
2024-01-26T17:30:00Z,16.277776
2024-01-26T17:45:00Z,16.246205
2024-01-26T18:00:00Z,16.236000
2024-01-26T18:15:00Z,16.247205
2024-01-26T18:30:00Z,16.279776
2024-01-26T18:45:00Z,16.333574
2024-01-26T19:00:00Z,16.408371
2024-01-26T19:15:00Z,16.503849
2024-01-26T19:30:00Z,16.619602
2024-01-26T19:45:00Z,16.755136
2024-01-26T20:00:00Z,16.909873
2024-01-26T20:15:00Z,17.083152
2024-01-26T20:30:00Z,17.274233
2024-01-26T20:45:00Z,17.482301
2024-01-26T21:00:00Z,17.706466
2024-01-26T21:15:00Z,17.945771
2024-01-26T21:30:00Z,18.199193
2024-01-26T21:45:00Z,18.465649
2024-01-26T22:00:00Z,18.744000
2024-01-26T22:15:00Z,19.033057
2024-01-26T22:30:00Z,19.331583
2024-01-26T22:45:00Z,19.638303
2024-01-26T23:00:00Z,19.951905
2024-01-26T23:15:00Z,20.271048
2024-01-26T23:30:00Z,20.594369
2024-01-26T23:45:00Z,20.920484
2024-01-27T00:00:00Z,21.248000
2024-01-27T00:15:00Z,21.575516
2024-01-27T00:30:00Z,21.901631
2024-01-27T00:45:00Z,22.224952
2024-01-27T01:00:00Z,22.544095
2024-01-27T01:15:00Z,22.857697
2024-01-27T01:30:00Z,23.164417
2024-01-27T01:45:00Z,23.462943
2024-01-27T02:00:00Z,23.752000
2024-01-27T02:15:00Z,24.030351
2024-01-27T02:30:00Z,24.296807
2024-01-27T02:45:00Z,24.550229
2024-01-27T03:00:00Z,24.789534
2024-01-27T03:15:00Z,25.013699
2024-01-27T03:30:00Z,25.221767
2024-01-27T03:45:00Z,25.412848
2024-01-27T04:00:00Z,25.586127
2024-01-27T04:15:00Z,25.740864
2024-01-27T04:30:00Z,25.876398
2024-01-27T04:45:00Z,25.992151
2024-01-27T05:00:00Z,26.087629
2024-01-27T05:15:00Z,26.162426
2024-01-27T05:30:00Z,26.216224
2024-01-27T05:45:00Z,26.248795
2024-01-27T06:00:00Z,26.260000
2024-01-27T06:15:00Z,26.249795
2024-01-27T06:30:00Z,26.218224
2024-01-27T06:45:00Z,26.165426
2024-01-27T07:00:00Z,26.091629
2024-01-27T07:15:00Z,25.997151
2024-01-27T07:30:00Z,25.882398
2024-01-27T07:45:00Z,25.747864
2024-01-27T08:00:00Z,25.594127
2024-01-27T08:15:00Z,25.421848
2024-01-27T08:30:00Z,25.231767
2024-01-27T08:45:00Z,25.024699
2024-01-27T09:00:00Z,24.801534
2024-01-27T09:15:00Z,24.563229
2024-01-27T09:30:00Z,24.310807
2024-01-27T09:45:00Z,24.045351
2024-01-27T10:00:00Z,23.768000
2024-01-27T10:15:00Z,23.479943
2024-01-27T10:30:00Z,23.182417
2024-01-27T10:45:00Z,22.876697
2024-01-27T11:00:00Z,22.564095
2024-01-27T11:15:00Z,22.245952
2024-01-27T11:30:00Z,21.923631
2024-01-27T11:45:00Z,21.598516
2024-01-27T12:00:00Z,21.272000
2024-01-27T12:15:00Z,20.945484
2024-01-27T12:30:00Z,20.620369
2024-01-27T12:45:00Z,20.298048
2024-01-27T13:00:00Z,19.979905
2024-01-27T13:15:00Z,19.667303
2024-01-27T13:30:00Z,19.361583
2024-01-27T13:45:00Z,19.064057
2024-01-27T14:00:00Z,18.776000
2024-01-27T14:15:00Z,18.498649
2024-01-27T14:30:00Z,18.233193
2024-01-27T14:45:00Z,17.980771
2024-01-27T15:00:00Z,17.742466
2024-01-27T15:15:00Z,17.519301
2024-01-27T15:30:00Z,17.312233
2024-01-27T15:45:00Z,17.122152
2024-01-27T16:00:00Z,16.949873
2024-01-27T16:15:00Z,16.796136
2024-01-27T16:30:00Z,16.661602
2024-01-27T16:45:00Z,16.546849
2024-01-27T17:00:00Z,16.452371
2024-01-27T17:15:00Z,16.378574
2024-01-27T17:30:00Z,16.325776
2024-01-27T17:45:00Z,16.294205
2024-01-27T18:00:00Z,16.284000
2024-01-27T18:15:00Z,16.295205
2024-01-27T18:30:00Z,16.327776
2024-01-27T18:45:00Z,16.381574
2024-01-27T19:00:00Z,16.456371
2024-01-27T19:15:00Z,16.551849
2024-01-27T19:30:00Z,16.667602
2024-01-27T19:45:00Z,16.803136
2024-01-27T20:00:00Z,16.957873
2024-01-27T20:15:00Z,17.131152
2024-01-27T20:30:00Z,17.322233
2024-01-27T20:45:00Z,17.530301
2024-01-27T21:00:00Z,17.754466
2024-01-27T21:15:00Z,17.993771
2024-01-27T21:30:00Z,18.247193
2024-01-27T21:45:00Z,18.513649
2024-01-27T22:00:00Z,18.792000
2024-01-27T22:15:00Z,19.081057
2024-01-27T22:30:00Z,19.379583
2024-01-27T22:45:00Z,19.686303
2024-01-27T23:00:00Z,19.999905
2024-01-27T23:15:00Z,20.319048
2024-01-27T23:30:00Z,20.642369
2024-01-27T23:45:00Z,20.968484
2024-01-28T00:00:00Z,21.296000
2024-01-28T00:15:00Z,21.623516
2024-01-28T00:30:00Z,21.949631
2024-01-28T00:45:00Z,22.272952
2024-01-28T01:00:00Z,22.592095
2024-01-28T01:15:00Z,22.905697
2024-01-28T01:30:00Z,23.212417
2024-01-28T01:45:00Z,23.510943
2024-01-28T02:00:00Z,23.800000
2024-01-28T02:15:00Z,24.078351
2024-01-28T02:30:00Z,24.344807
2024-01-28T02:45:00Z,24.598229
2024-01-28T03:00:00Z,24.837534
2024-01-28T03:15:00Z,25.061699
2024-01-28T03:30:00Z,25.269767
2024-01-28T03:45:00Z,25.460848
2024-01-28T04:00:00Z,25.634127
2024-01-28T04:15:00Z,25.788864
2024-01-28T04:30:00Z,25.924398
2024-01-28T04:45:00Z,26.040151
2024-01-28T05:00:00Z,26.135629
2024-01-28T05:15:00Z,26.210426
2024-01-28T05:30:00Z,26.264224
2024-01-28T05:45:00Z,26.296795
2024-01-28T06:00:00Z,26.308000
2024-01-28T06:15:00Z,26.297795
2024-01-28T06:30:00Z,26.266224
2024-01-28T06:45:00Z,26.213426
2024-01-28T07:00:00Z,26.139629
2024-01-28T07:15:00Z,26.045151
2024-01-28T07:30:00Z,25.930398
2024-01-28T07:45:00Z,25.795864
2024-01-28T08:00:00Z,25.642127
2024-01-28T08:15:00Z,25.469848
2024-01-28T08:30:00Z,25.279767
2024-01-28T08:45:00Z,25.072699
2024-01-28T09:00:00Z,24.849534
2024-01-28T09:15:00Z,24.611229
2024-01-28T09:30:00Z,24.358807
2024-01-28T09:45:00Z,24.093351
2024-01-28T10:00:00Z,23.816000
2024-01-28T10:15:00Z,23.527943
2024-01-28T10:30:00Z,23.230417
2024-01-28T10:45:00Z,22.924697
2024-01-28T11:00:00Z,22.612095
2024-01-28T11:15:00Z,22.293952
2024-01-28T11:30:00Z,21.971631
2024-01-28T11:45:00Z,21.646516
2024-01-28T12:00:00Z,21.320000
2024-01-28T12:15:00Z,20.993484
2024-01-28T12:30:00Z,20.668369
2024-01-28T12:45:00Z,20.346048
2024-01-28T13:00:00Z,20.027905
2024-01-28T13:15:00Z,19.715303
2024-01-28T13:30:00Z,19.409583
2024-01-28T13:45:00Z,19.112057
2024-01-28T14:00:00Z,18.824000
2024-01-28T14:15:00Z,18.546649
2024-01-28T14:30:00Z,18.281193
2024-01-28T14:45:00Z,18.028771
2024-01-28T15:00:00Z,17.790466
2024-01-28T15:15:00Z,17.567301
2024-01-28T15:30:00Z,17.360233
2024-01-28T15:45:00Z,17.170152
2024-01-28T16:00:00Z,16.997873
2024-01-28T16:15:00Z,16.844136
2024-01-28T16:30:00Z,16.709602
2024-01-28T16:45:00Z,16.594849
2024-01-28T17:00:00Z,16.500371
2024-01-28T17:15:00Z,16.426574
2024-01-28T17:30:00Z,16.373776
2024-01-28T17:45:00Z,16.342205
2024-01-28T18:00:00Z,16.332000
2024-01-28T18:15:00Z,16.343205
2024-01-28T18:30:00Z,16.375776
2024-01-28T18:45:00Z,16.429574
2024-01-28T19:00:00Z,16.504371
2024-01-28T19:15:00Z,16.599849
2024-01-28T19:30:00Z,16.715602
2024-01-28T19:45:00Z,16.851136
2024-01-28T20:00:00Z,17.005873
2024-01-28T20:15:00Z,17.179152
2024-01-28T20:30:00Z,17.370233
2024-01-28T20:45:00Z,17.578301
2024-01-28T21:00:00Z,17.802466
2024-01-28T21:15:00Z,18.041771
2024-01-28T21:30:00Z,18.295193
2024-01-28T21:45:00Z,18.561649
2024-01-28T22:00:00Z,18.840000
2024-01-28T22:15:00Z,19.129057
2024-01-28T22:30:00Z,19.427583
2024-01-28T22:45:00Z,19.734303
2024-01-28T23:00:00Z,20.047905
2024-01-28T23:15:00Z,20.367048
2024-01-28T23:30:00Z,20.690369
2024-01-28T23:45:00Z,21.016484
2024-01-29T00:00:00Z,21.344000
2024-01-29T00:15:00Z,21.671516
2024-01-29T00:30:00Z,21.997631
2024-01-29T00:45:00Z,22.320952
2024-01-29T01:00:00Z,22.640095
2024-01-29T01:15:00Z,22.953697
2024-01-29T01:30:00Z,23.260417
2024-01-29T01:45:00Z,23.558943
2024-01-29T02:00:00Z,23.848000
2024-01-29T02:15:00Z,24.126351
2024-01-29T02:30:00Z,24.392807
2024-01-29T02:45:00Z,24.646229
2024-01-29T03:00:00Z,24.885534
2024-01-29T03:15:00Z,25.109699
2024-01-29T03:30:00Z,25.317767
2024-01-29T03:45:00Z,25.508848
2024-01-29T04:00:00Z,25.682127
2024-01-29T04:15:00Z,25.836864
2024-01-29T04:30:00Z,25.972398
2024-01-29T04:45:00Z,26.088151
2024-01-29T05:00:00Z,26.183629
2024-01-29T05:15:00Z,26.258426
2024-01-29T05:30:00Z,26.312224
2024-01-29T05:45:00Z,26.344795
2024-01-29T06:00:00Z,26.356000
2024-01-29T06:15:00Z,26.345795
2024-01-29T06:30:00Z,26.314224
2024-01-29T06:45:00Z,26.261426
2024-01-29T07:00:00Z,26.187629
2024-01-29T07:15:00Z,26.093151
2024-01-29T07:30:00Z,25.978398
2024-01-29T07:45:00Z,25.843864
2024-01-29T08:00:00Z,25.690127
2024-01-29T08:15:00Z,25.517848
2024-01-29T08:30:00Z,25.327767
2024-01-29T08:45:00Z,25.120699
2024-01-29T09:00:00Z,24.897534
2024-01-29T09:15:00Z,24.659229
2024-01-29T09:30:00Z,24.406807
2024-01-29T09:45:00Z,24.141351
2024-01-29T10:00:00Z,23.864000
2024-01-29T10:15:00Z,23.575943
2024-01-29T10:30:00Z,23.278417
2024-01-29T10:45:00Z,22.972697
2024-01-29T11:00:00Z,22.660095
2024-01-29T11:15:00Z,22.341952
2024-01-29T11:30:00Z,22.019631
2024-01-29T11:45:00Z,21.694516
2024-01-29T12:00:00Z,21.368000
2024-01-29T12:15:00Z,21.041484
2024-01-29T12:30:00Z,20.716369
2024-01-29T12:45:00Z,20.394048
2024-01-29T13:00:00Z,20.075905
2024-01-29T13:15:00Z,19.763303
2024-01-29T13:30:00Z,19.457583
2024-01-29T13:45:00Z,19.160057
2024-01-29T14:00:00Z,18.872000
2024-01-29T14:15:00Z,18.594649
2024-01-29T14:30:00Z,18.329193
2024-01-29T14:45:00Z,18.076771
2024-01-29T15:00:00Z,17.838466
2024-01-29T15:15:00Z,17.615301
2024-01-29T15:30:00Z,17.408233
2024-01-29T15:45:00Z,17.218152
2024-01-29T16:00:00Z,17.045873
2024-01-29T16:15:00Z,16.892136
2024-01-29T16:30:00Z,16.757602
2024-01-29T16:45:00Z,16.642849
2024-01-29T17:00:00Z,16.548371
2024-01-29T17:15:00Z,16.474574
2024-01-29T17:30:00Z,16.421776
2024-01-29T17:45:00Z,16.390205
2024-01-29T18:00:00Z,16.380000
2024-01-29T18:15:00Z,16.391205
2024-01-29T18:30:00Z,16.423776
2024-01-29T18:45:00Z,16.477574
2024-01-29T19:00:00Z,16.552371
2024-01-29T19:15:00Z,16.647849
2024-01-29T19:30:00Z,16.763602
2024-01-29T19:45:00Z,16.899136
2024-01-29T20:00:00Z,17.053873
2024-01-29T20:15:00Z,17.227152
2024-01-29T20:30:00Z,17.418233
2024-01-29T20:45:00Z,17.626301
2024-01-29T21:00:00Z,17.850466
2024-01-29T21:15:00Z,18.089771
2024-01-29T21:30:00Z,18.343193
2024-01-29T21:45:00Z,18.609649
2024-01-29T22:00:00Z,18.888000
2024-01-29T22:15:00Z,19.177057
2024-01-29T22:30:00Z,19.475583
2024-01-29T22:45:00Z,19.782303
2024-01-29T23:00:00Z,20.095905
2024-01-29T23:15:00Z,20.415048
2024-01-29T23:30:00Z,20.738369
2024-01-29T23:45:00Z,21.064484
2024-01-30T00:00:00Z,21.392000
2024-01-30T00:15:00Z,21.719516
2024-01-30T00:30:00Z,22.045631
2024-01-30T00:45:00Z,22.368952
2024-01-30T01:00:00Z,22.688095
2024-01-30T01:15:00Z,23.001697
2024-01-30T01:30:00Z,23.308417
2024-01-30T01:45:00Z,23.606943
2024-01-30T02:00:00Z,23.896000
2024-01-30T02:15:00Z,24.174351
2024-01-30T02:30:00Z,24.440807
2024-01-30T02:45:00Z,24.694229
2024-01-30T03:00:00Z,24.933534
2024-01-30T03:15:00Z,25.157699
2024-01-30T03:30:00Z,25.365767
2024-01-30T03:45:00Z,25.556848
2024-01-30T04:00:00Z,25.730127
2024-01-30T04:15:00Z,25.884864
2024-01-30T04:30:00Z,26.020398
2024-01-30T04:45:00Z,26.136151
2024-01-30T05:00:00Z,26.231629
2024-01-30T05:15:00Z,26.306426
2024-01-30T05:30:00Z,26.360224
2024-01-30T05:45:00Z,26.392795
2024-01-30T06:00:00Z,26.404000
2024-01-30T06:15:00Z,26.393795
2024-01-30T06:30:00Z,26.362224
2024-01-30T06:45:00Z,26.309426
2024-01-30T07:00:00Z,26.235629
2024-01-30T07:15:00Z,26.141151
2024-01-30T07:30:00Z,26.026398
2024-01-30T07:45:00Z,25.891864
2024-01-30T08:00:00Z,25.738127
2024-01-30T08:15:00Z,25.565848
2024-01-30T08:30:00Z,25.375767
2024-01-30T08:45:00Z,25.168699
2024-01-30T09:00:00Z,24.945534
2024-01-30T09:15:00Z,24.707229
2024-01-30T09:30:00Z,24.454807
2024-01-30T09:45:00Z,24.189351
2024-01-30T10:00:00Z,23.912000
2024-01-30T10:15:00Z,23.623943
2024-01-30T10:30:00Z,23.326417
2024-01-30T10:45:00Z,23.020697
2024-01-30T11:00:00Z,22.708095
2024-01-30T11:15:00Z,22.389952
2024-01-30T11:30:00Z,22.067631
2024-01-30T11:45:00Z,21.742516
2024-01-30T12:00:00Z,21.416000
2024-01-30T12:15:00Z,21.089484
2024-01-30T12:30:00Z,20.764369
2024-01-30T12:45:00Z,20.442048
2024-01-30T13:00:00Z,20.123905
2024-01-30T13:15:00Z,19.811303
2024-01-30T13:30:00Z,19.505583
2024-01-30T13:45:00Z,19.208057
2024-01-30T14:00:00Z,18.920000
2024-01-30T14:15:00Z,18.642649
2024-01-30T14:30:00Z,18.377193
2024-01-30T14:45:00Z,18.124771
2024-01-30T15:00:00Z,17.886466
2024-01-30T15:15:00Z,17.663301
2024-01-30T15:30:00Z,17.456233
2024-01-30T15:45:00Z,17.266152
2024-01-30T16:00:00Z,17.093873
2024-01-30T16:15:00Z,16.940136
2024-01-30T16:30:00Z,16.805602
2024-01-30T16:45:00Z,16.690849
2024-01-30T17:00:00Z,16.596371
2024-01-30T17:15:00Z,16.522574
2024-01-30T17:30:00Z,16.469776
2024-01-30T17:45:00Z,16.438205
2024-01-30T18:00:00Z,16.428000
2024-01-30T18:15:00Z,16.439205
2024-01-30T18:30:00Z,16.471776
2024-01-30T18:45:00Z,16.525574
2024-01-30T19:00:00Z,16.600371
2024-01-30T19:15:00Z,16.695849
2024-01-30T19:30:00Z,16.811602
2024-01-30T19:45:00Z,16.947136
2024-01-30T20:00:00Z,17.101873
2024-01-30T20:15:00Z,17.275152
2024-01-30T20:30:00Z,17.466233
2024-01-30T20:45:00Z,17.674301
2024-01-30T21:00:00Z,17.898466
2024-01-30T21:15:00Z,18.137771
2024-01-30T21:30:00Z,18.391193
2024-01-30T21:45:00Z,18.657649
2024-01-30T22:00:00Z,18.936000
2024-01-30T22:15:00Z,19.225057
2024-01-30T22:30:00Z,19.523583
2024-01-30T22:45:00Z,19.830303
2024-01-30T23:00:00Z,20.143905
2024-01-30T23:15:00Z,20.463048
2024-01-30T23:30:00Z,20.786369
2024-01-30T23:45:00Z,21.112484
2024-01-31T00:00:00Z,21.440000
2024-01-31T00:15:00Z,21.767516
2024-01-31T00:30:00Z,22.093631
2024-01-31T00:45:00Z,22.416952
2024-01-31T01:00:00Z,22.736095
2024-01-31T01:15:00Z,23.049697
2024-01-31T01:30:00Z,23.356417
2024-01-31T01:45:00Z,23.654943
2024-01-31T02:00:00Z,23.944000
2024-01-31T02:15:00Z,24.222351
2024-01-31T02:30:00Z,24.488807
2024-01-31T02:45:00Z,24.742229
2024-01-31T03:00:00Z,24.981534
2024-01-31T03:15:00Z,25.205699
2024-01-31T03:30:00Z,25.413767
2024-01-31T03:45:00Z,25.604848
2024-01-31T04:00:00Z,25.778127
2024-01-31T04:15:00Z,25.932864
2024-01-31T04:30:00Z,26.068398
2024-01-31T04:45:00Z,26.184151
2024-01-31T05:00:00Z,26.279629
2024-01-31T05:15:00Z,26.354426
2024-01-31T05:30:00Z,26.408224
2024-01-31T05:45:00Z,26.440795
2024-01-31T06:00:00Z,26.452000
2024-01-31T06:15:00Z,26.441795
2024-01-31T06:30:00Z,26.410224
2024-01-31T06:45:00Z,26.357426
2024-01-31T07:00:00Z,26.283629
2024-01-31T07:15:00Z,26.189151
2024-01-31T07:30:00Z,26.074398
2024-01-31T07:45:00Z,25.939864
2024-01-31T08:00:00Z,25.786127
2024-01-31T08:15:00Z,25.613848
2024-01-31T08:30:00Z,25.423767
2024-01-31T08:45:00Z,25.216699
2024-01-31T09:00:00Z,24.993534
2024-01-31T09:15:00Z,24.755229
2024-01-31T09:30:00Z,24.502807
2024-01-31T09:45:00Z,24.237351
2024-01-31T10:00:00Z,23.960000
2024-01-31T10:15:00Z,23.671943
2024-01-31T10:30:00Z,23.374417
2024-01-31T10:45:00Z,23.068697
2024-01-31T11:00:00Z,22.756095
2024-01-31T11:15:00Z,22.437952
2024-01-31T11:30:00Z,22.115631
2024-01-31T11:45:00Z,21.790516
2024-01-31T12:00:00Z,21.464000
2024-01-31T12:15:00Z,21.137484
2024-01-31T12:30:00Z,20.812369
2024-01-31T12:45:00Z,20.490048
2024-01-31T13:00:00Z,20.171905
2024-01-31T13:15:00Z,19.859303
2024-01-31T13:30:00Z,19.553583
2024-01-31T13:45:00Z,19.256057
2024-01-31T14:00:00Z,18.968000
2024-01-31T14:15:00Z,18.690649
2024-01-31T14:30:00Z,18.425193
2024-01-31T14:45:00Z,18.172771
2024-01-31T15:00:00Z,17.934466
2024-01-31T15:15:00Z,17.711301
2024-01-31T15:30:00Z,17.504233
2024-01-31T15:45:00Z,17.314152
2024-01-31T16:00:00Z,17.141873
2024-01-31T16:15:00Z,16.988136
2024-01-31T16:30:00Z,16.853602
2024-01-31T16:45:00Z,16.738849
2024-01-31T17:00:00Z,16.644371
2024-01-31T17:15:00Z,16.570574
2024-01-31T17:30:00Z,16.517776
2024-01-31T17:45:00Z,16.486205
2024-01-31T18:00:00Z,16.476000
2024-01-31T18:15:00Z,16.487205
2024-01-31T18:30:00Z,16.519776
2024-01-31T18:45:00Z,16.573574
2024-01-31T19:00:00Z,16.648371
2024-01-31T19:15:00Z,16.743849
2024-01-31T19:30:00Z,16.859602
2024-01-31T19:45:00Z,16.995136
2024-01-31T20:00:00Z,17.149873
2024-01-31T20:15:00Z,17.323152
2024-01-31T20:30:00Z,17.514233
2024-01-31T20:45:00Z,17.722301
2024-01-31T21:00:00Z,17.946466
2024-01-31T21:15:00Z,18.185771
2024-01-31T21:30:00Z,18.439193
2024-01-31T21:45:00Z,18.705649
2024-01-31T22:00:00Z,18.984000
2024-01-31T22:15:00Z,19.273057
2024-01-31T22:30:00Z,19.571583
2024-01-31T22:45:00Z,19.878303
2024-01-31T23:00:00Z,20.191905
2024-01-31T23:15:00Z,20.511048
2024-01-31T23:30:00Z,20.834369
2024-01-31T23:45:00Z,21.160484
2024-02-01T00:00:00Z,21.488000
2024-02-01T00:15:00Z,21.815516
2024-02-01T00:30:00Z,22.141631
2024-02-01T00:45:00Z,22.464952
2024-02-01T01:00:00Z,22.784095
2024-02-01T01:15:00Z,23.097697
2024-02-01T01:30:00Z,23.404417
2024-02-01T01:45:00Z,23.702943
2024-02-01T02:00:00Z,23.992000
2024-02-01T02:15:00Z,24.270351
2024-02-01T02:30:00Z,24.536807
2024-02-01T02:45:00Z,24.790229
2024-02-01T03:00:00Z,25.029534
2024-02-01T03:15:00Z,25.253699
2024-02-01T03:30:00Z,25.461767
2024-02-01T03:45:00Z,25.652848
2024-02-01T04:00:00Z,25.826127
2024-02-01T04:15:00Z,25.980864
2024-02-01T04:30:00Z,26.116398
2024-02-01T04:45:00Z,26.232151
2024-02-01T05:00:00Z,26.327629
2024-02-01T05:15:00Z,26.402426
2024-02-01T05:30:00Z,26.456224
2024-02-01T05:45:00Z,26.488795
2024-02-01T06:00:00Z,26.500000
2024-02-01T06:15:00Z,26.489795
2024-02-01T06:30:00Z,26.458224
2024-02-01T06:45:00Z,26.405426
2024-02-01T07:00:00Z,26.331629
2024-02-01T07:15:00Z,26.237151
2024-02-01T07:30:00Z,26.122398
2024-02-01T07:45:00Z,25.987864
2024-02-01T08:00:00Z,25.834127
2024-02-01T08:15:00Z,25.661848
2024-02-01T08:30:00Z,25.471767
2024-02-01T08:45:00Z,25.264699
2024-02-01T09:00:00Z,25.041534
2024-02-01T09:15:00Z,24.803229
2024-02-01T09:30:00Z,24.550807
2024-02-01T09:45:00Z,24.285351
2024-02-01T10:00:00Z,24.008000
2024-02-01T10:15:00Z,23.719943
2024-02-01T10:30:00Z,23.422417
2024-02-01T10:45:00Z,23.116697
2024-02-01T11:00:00Z,22.804095
2024-02-01T11:15:00Z,22.485952
2024-02-01T11:30:00Z,22.163631
2024-02-01T11:45:00Z,21.838516
2024-02-01T12:00:00Z,21.512000
2024-02-01T12:15:00Z,21.185484
2024-02-01T12:30:00Z,20.860369
2024-02-01T12:45:00Z,20.538048
2024-02-01T13:00:00Z,20.219905
2024-02-01T13:15:00Z,19.907303
2024-02-01T13:30:00Z,19.601583
2024-02-01T13:45:00Z,19.304057
2024-02-01T14:00:00Z,19.016000
2024-02-01T14:15:00Z,18.738649
2024-02-01T14:30:00Z,18.473193
2024-02-01T14:45:00Z,18.220771
2024-02-01T15:00:00Z,17.982466
2024-02-01T15:15:00Z,17.759301
2024-02-01T15:30:00Z,17.552233
2024-02-01T15:45:00Z,17.362152
2024-02-01T16:00:00Z,17.189873
2024-02-01T16:15:00Z,17.036136
2024-02-01T16:30:00Z,16.901602
2024-02-01T16:45:00Z,16.786849
2024-02-01T17:00:00Z,16.692371
2024-02-01T17:15:00Z,16.618574
2024-02-01T17:30:00Z,16.565776
2024-02-01T17:45:00Z,16.534205
2024-02-01T18:00:00Z,16.524000
2024-02-01T18:15:00Z,16.535205
2024-02-01T18:30:00Z,16.567776
2024-02-01T18:45:00Z,16.621574
2024-02-01T19:00:00Z,16.696371
2024-02-01T19:15:00Z,16.791849
2024-02-01T19:30:00Z,16.907602
2024-02-01T19:45:00Z,17.043136
2024-02-01T20:00:00Z,17.197873
2024-02-01T20:15:00Z,17.371152
2024-02-01T20:30:00Z,17.562233
2024-02-01T20:45:00Z,17.770301
2024-02-01T21:00:00Z,17.994466
2024-02-01T21:15:00Z,18.233771
2024-02-01T21:30:00Z,18.487193
2024-02-01T21:45:00Z,18.753649
2024-02-01T22:00:00Z,19.032000
2024-02-01T22:15:00Z,19.321057
2024-02-01T22:30:00Z,19.619583
2024-02-01T22:45:00Z,19.926303
2024-02-01T23:00:00Z,20.239905
2024-02-01T23:15:00Z,20.559048
2024-02-01T23:30:00Z,20.882369
2024-02-01T23:45:00Z,21.208484
2024-02-02T00:00:00Z,21.536000
2024-02-02T00:15:00Z,21.863516
2024-02-02T00:30:00Z,22.189631
2024-02-02T00:45:00Z,22.512952
2024-02-02T01:00:00Z,22.832095
2024-02-02T01:15:00Z,23.145697
2024-02-02T01:30:00Z,23.452417
2024-02-02T01:45:00Z,23.750943
2024-02-02T02:00:00Z,24.040000
2024-02-02T02:15:00Z,24.318351
2024-02-02T02:30:00Z,24.584807
2024-02-02T02:45:00Z,24.838229
2024-02-02T03:00:00Z,25.077534
2024-02-02T03:15:00Z,25.301699
2024-02-02T03:30:00Z,25.509767
2024-02-02T03:45:00Z,25.700848
2024-02-02T04:00:00Z,25.874127
2024-02-02T04:15:00Z,26.028864
2024-02-02T04:30:00Z,26.164398
2024-02-02T04:45:00Z,26.280151
2024-02-02T05:00:00Z,26.375629
2024-02-02T05:15:00Z,26.450426
2024-02-02T05:30:00Z,26.504224
2024-02-02T05:45:00Z,26.536795
2024-02-02T06:00:00Z,26.548000
2024-02-02T06:15:00Z,26.537795
2024-02-02T06:30:00Z,26.506224
2024-02-02T06:45:00Z,26.453426
2024-02-02T07:00:00Z,26.379629
2024-02-02T07:15:00Z,26.285151
2024-02-02T07:30:00Z,26.170398
2024-02-02T07:45:00Z,26.035864
2024-02-02T08:00:00Z,25.882127
2024-02-02T08:15:00Z,25.709848
2024-02-02T08:30:00Z,25.519767
2024-02-02T08:45:00Z,25.312699
2024-02-02T09:00:00Z,25.089534
2024-02-02T09:15:00Z,24.851229
2024-02-02T09:30:00Z,24.598807
2024-02-02T09:45:00Z,24.333351
2024-02-02T10:00:00Z,24.056000
2024-02-02T10:15:00Z,23.767943
2024-02-02T10:30:00Z,23.470417
2024-02-02T10:45:00Z,23.164697
2024-02-02T11:00:00Z,22.852095
2024-02-02T11:15:00Z,22.533952
2024-02-02T11:30:00Z,22.211631
2024-02-02T11:45:00Z,21.886516
2024-02-02T12:00:00Z,21.560000
2024-02-02T12:15:00Z,21.233484
2024-02-02T12:30:00Z,20.908369
2024-02-02T12:45:00Z,20.586048
2024-02-02T13:00:00Z,20.267905
2024-02-02T13:15:00Z,19.955303
2024-02-02T13:30:00Z,19.649583
2024-02-02T13:45:00Z,19.352057
2024-02-02T14:00:00Z,19.064000
2024-02-02T14:15:00Z,18.786649
2024-02-02T14:30:00Z,18.521193
2024-02-02T14:45:00Z,18.268771
2024-02-02T15:00:00Z,18.030466
2024-02-02T15:15:00Z,17.807301
2024-02-02T15:30:00Z,17.600233
2024-02-02T15:45:00Z,17.410152
2024-02-02T16:00:00Z,17.237873
2024-02-02T16:15:00Z,17.084136
2024-02-02T16:30:00Z,16.949602
2024-02-02T16:45:00Z,16.834849
2024-02-02T17:00:00Z,16.740371
2024-02-02T17:15:00Z,16.666574
2024-02-02T17:30:00Z,16.613776
2024-02-02T17:45:00Z,16.582205
2024-02-02T18:00:00Z,16.572000
2024-02-02T18:15:00Z,16.583205
2024-02-02T18:30:00Z,16.615776
2024-02-02T18:45:00Z,16.669574
2024-02-02T19:00:00Z,16.744371
2024-02-02T19:15:00Z,16.839849
2024-02-02T19:30:00Z,16.955602
2024-02-02T19:45:00Z,17.091136
2024-02-02T20:00:00Z,17.245873
2024-02-02T20:15:00Z,17.419152
2024-02-02T20:30:00Z,17.610233
2024-02-02T20:45:00Z,17.818301
2024-02-02T21:00:00Z,18.042466
2024-02-02T21:15:00Z,18.281771
2024-02-02T21:30:00Z,18.535193
2024-02-02T21:45:00Z,18.801649
2024-02-02T22:00:00Z,19.080000
2024-02-02T22:15:00Z,19.369057
2024-02-02T22:30:00Z,19.667583
2024-02-02T22:45:00Z,19.974303
2024-02-02T23:00:00Z,20.287905
2024-02-02T23:15:00Z,20.607048
2024-02-02T23:30:00Z,20.930369
2024-02-02T23:45:00Z,21.256484
2024-02-03T00:00:00Z,21.584000
2024-02-03T00:15:00Z,21.911516
2024-02-03T00:30:00Z,22.237631
2024-02-03T00:45:00Z,22.560952
2024-02-03T01:00:00Z,22.880095
2024-02-03T01:15:00Z,23.193697
2024-02-03T01:30:00Z,23.500417
2024-02-03T01:45:00Z,23.798943
2024-02-03T02:00:00Z,24.088000
2024-02-03T02:15:00Z,24.366351
2024-02-03T02:30:00Z,24.632807
2024-02-03T02:45:00Z,24.886229
2024-02-03T03:00:00Z,25.125534
2024-02-03T03:15:00Z,25.349699
2024-02-03T03:30:00Z,25.557767
2024-02-03T03:45:00Z,25.748848
2024-02-03T04:00:00Z,25.922127
2024-02-03T04:15:00Z,26.076864
2024-02-03T04:30:00Z,26.212398
2024-02-03T04:45:00Z,26.328151
2024-02-03T05:00:00Z,26.423629
2024-02-03T05:15:00Z,26.498426
2024-02-03T05:30:00Z,26.552224
2024-02-03T05:45:00Z,26.584795
2024-02-03T06:00:00Z,26.596000
2024-02-03T06:15:00Z,26.585795
2024-02-03T06:30:00Z,26.554224
2024-02-03T06:45:00Z,26.501426
2024-02-03T07:00:00Z,26.427629
2024-02-03T07:15:00Z,26.333151
2024-02-03T07:30:00Z,26.218398
2024-02-03T07:45:00Z,26.083864
2024-02-03T08:00:00Z,25.930127
2024-02-03T08:15:00Z,25.757848
2024-02-03T08:30:00Z,25.567767
2024-02-03T08:45:00Z,25.360699
2024-02-03T09:00:00Z,25.137534
2024-02-03T09:15:00Z,24.899229
2024-02-03T09:30:00Z,24.646807
2024-02-03T09:45:00Z,24.381351
2024-02-03T10:00:00Z,24.104000
2024-02-03T10:15:00Z,23.815943
2024-02-03T10:30:00Z,23.518417
2024-02-03T10:45:00Z,23.212697
2024-02-03T11:00:00Z,22.900095
2024-02-03T11:15:00Z,22.581952
2024-02-03T11:30:00Z,22.259631
2024-02-03T11:45:00Z,21.934516
2024-02-03T12:00:00Z,21.608000
2024-02-03T12:15:00Z,21.281484
2024-02-03T12:30:00Z,20.956369
2024-02-03T12:45:00Z,20.634048
2024-02-03T13:00:00Z,20.315905
2024-02-03T13:15:00Z,20.003303
2024-02-03T13:30:00Z,19.697583
2024-02-03T13:45:00Z,19.400057
2024-02-03T14:00:00Z,19.112000
2024-02-03T14:15:00Z,18.834649
2024-02-03T14:30:00Z,18.569193
2024-02-03T14:45:00Z,18.316771
2024-02-03T15:00:00Z,18.078466
2024-02-03T15:15:00Z,17.855301
2024-02-03T15:30:00Z,17.648233
2024-02-03T15:45:00Z,17.458152
2024-02-03T16:00:00Z,17.285873
2024-02-03T16:15:00Z,17.132136
2024-02-03T16:30:00Z,16.997602
2024-02-03T16:45:00Z,16.882849
2024-02-03T17:00:00Z,16.788371
2024-02-03T17:15:00Z,16.714574
2024-02-03T17:30:00Z,16.661776
2024-02-03T17:45:00Z,16.630205
2024-02-03T18:00:00Z,16.620000
2024-02-03T18:15:00Z,16.631205
2024-02-03T18:30:00Z,16.663776
2024-02-03T18:45:00Z,16.717574
2024-02-03T19:00:00Z,16.792371
2024-02-03T19:15:00Z,16.887849
2024-02-03T19:30:00Z,17.003602
2024-02-03T19:45:00Z,17.139136
2024-02-03T20:00:00Z,17.293873
2024-02-03T20:15:00Z,17.467152
2024-02-03T20:30:00Z,17.658233
2024-02-03T20:45:00Z,17.866301
2024-02-03T21:00:00Z,18.090466
2024-02-03T21:15:00Z,18.329771
2024-02-03T21:30:00Z,18.583193
2024-02-03T21:45:00Z,18.849649
2024-02-03T22:00:00Z,19.128000
2024-02-03T22:15:00Z,19.417057
2024-02-03T22:30:00Z,19.715583
2024-02-03T22:45:00Z,20.022303
2024-02-03T23:00:00Z,20.335905
2024-02-03T23:15:00Z,20.655048
2024-02-03T23:30:00Z,20.978369
2024-02-03T23:45:00Z,21.304484
2024-02-04T00:00:00Z,21.632000
2024-02-04T00:15:00Z,21.959516
2024-02-04T00:30:00Z,22.285631
2024-02-04T00:45:00Z,22.608952
2024-02-04T01:00:00Z,22.928095
2024-02-04T01:15:00Z,23.241697
2024-02-04T01:30:00Z,23.548417
2024-02-04T01:45:00Z,23.846943
2024-02-04T02:00:00Z,24.136000
2024-02-04T02:15:00Z,24.414351
2024-02-04T02:30:00Z,24.680807
2024-02-04T02:45:00Z,24.934229
2024-02-04T03:00:00Z,25.173534
2024-02-04T03:15:00Z,25.397699
2024-02-04T03:30:00Z,25.605767
2024-02-04T03:45:00Z,25.796848
2024-02-04T04:00:00Z,25.970127
2024-02-04T04:15:00Z,26.124864
2024-02-04T04:30:00Z,26.260398
2024-02-04T04:45:00Z,26.376151
2024-02-04T05:00:00Z,26.471629
2024-02-04T05:15:00Z,26.546426
2024-02-04T05:30:00Z,26.600224
2024-02-04T05:45:00Z,26.632795
2024-02-04T06:00:00Z,26.644000
2024-02-04T06:15:00Z,26.633795
2024-02-04T06:30:00Z,26.602224
2024-02-04T06:45:00Z,26.549426
2024-02-04T07:00:00Z,26.475629
2024-02-04T07:15:00Z,26.381151
2024-02-04T07:30:00Z,26.266398
2024-02-04T07:45:00Z,26.131864
2024-02-04T08:00:00Z,25.978127
2024-02-04T08:15:00Z,25.805848
2024-02-04T08:30:00Z,25.615767
2024-02-04T08:45:00Z,25.408699
2024-02-04T09:00:00Z,25.185534
2024-02-04T09:15:00Z,24.947229
2024-02-04T09:30:00Z,24.694807
2024-02-04T09:45:00Z,24.429351
2024-02-04T10:00:00Z,24.152000
2024-02-04T10:15:00Z,23.863943
2024-02-04T10:30:00Z,23.566417
2024-02-04T10:45:00Z,23.260697
2024-02-04T11:00:00Z,22.948095
2024-02-04T11:15:00Z,22.629952
2024-02-04T11:30:00Z,22.307631
2024-02-04T11:45:00Z,21.982516
2024-02-04T12:00:00Z,21.656000
2024-02-04T12:15:00Z,21.329484
2024-02-04T12:30:00Z,21.004369
2024-02-04T12:45:00Z,20.682048
2024-02-04T13:00:00Z,20.363905
2024-02-04T13:15:00Z,20.051303
2024-02-04T13:30:00Z,19.745583
2024-02-04T13:45:00Z,19.448057
2024-02-04T14:00:00Z,19.160000
2024-02-04T14:15:00Z,18.882649
2024-02-04T14:30:00Z,18.617193
2024-02-04T14:45:00Z,18.364771
2024-02-04T15:00:00Z,18.126466
2024-02-04T15:15:00Z,17.903301
2024-02-04T15:30:00Z,17.696233
2024-02-04T15:45:00Z,17.506152
2024-02-04T16:00:00Z,17.333873
2024-02-04T16:15:00Z,17.180136
2024-02-04T16:30:00Z,17.045602
2024-02-04T16:45:00Z,16.930849
2024-02-04T17:00:00Z,16.836371
2024-02-04T17:15:00Z,16.762574
2024-02-04T17:30:00Z,16.709776
2024-02-04T17:45:00Z,16.678205
2024-02-04T18:00:00Z,16.668000
2024-02-04T18:15:00Z,16.679205
2024-02-04T18:30:00Z,16.711776
2024-02-04T18:45:00Z,16.765574
2024-02-04T19:00:00Z,16.840371
2024-02-04T19:15:00Z,16.935849
2024-02-04T19:30:00Z,17.051602
2024-02-04T19:45:00Z,17.187136
2024-02-04T20:00:00Z,17.341873
2024-02-04T20:15:00Z,17.515152
2024-02-04T20:30:00Z,17.706233
2024-02-04T20:45:00Z,17.914301
2024-02-04T21:00:00Z,18.138466
2024-02-04T21:15:00Z,18.377771
2024-02-04T21:30:00Z,18.631193
2024-02-04T21:45:00Z,18.897649
2024-02-04T22:00:00Z,19.176000
2024-02-04T22:15:00Z,19.465057
2024-02-04T22:30:00Z,19.763583
2024-02-04T22:45:00Z,20.070303
2024-02-04T23:00:00Z,20.383905
2024-02-04T23:15:00Z,20.703048
2024-02-04T23:30:00Z,21.026369
2024-02-04T23:45:00Z,21.352484
2024-02-05T00:00:00Z,21.680000
2024-02-05T00:15:00Z,22.007516
2024-02-05T00:30:00Z,22.333631
2024-02-05T00:45:00Z,22.656952
2024-02-05T01:00:00Z,22.976095
2024-02-05T01:15:00Z,23.289697
2024-02-05T01:30:00Z,23.596417
2024-02-05T01:45:00Z,23.894943
2024-02-05T02:00:00Z,24.184000
2024-02-05T02:15:00Z,24.462351
2024-02-05T02:30:00Z,24.728807
2024-02-05T02:45:00Z,24.982229
2024-02-05T03:00:00Z,25.221534
2024-02-05T03:15:00Z,25.445699
2024-02-05T03:30:00Z,25.653767
2024-02-05T03:45:00Z,25.844848
2024-02-05T04:00:00Z,26.018127
2024-02-05T04:15:00Z,26.172864
2024-02-05T04:30:00Z,26.308398
2024-02-05T04:45:00Z,26.424151
2024-02-05T05:00:00Z,26.519629
2024-02-05T05:15:00Z,26.594426
2024-02-05T05:30:00Z,26.648224
2024-02-05T05:45:00Z,26.680795
2024-02-05T06:00:00Z,26.692000
2024-02-05T06:15:00Z,26.681795
2024-02-05T06:30:00Z,26.650224
2024-02-05T06:45:00Z,26.597426
2024-02-05T07:00:00Z,26.523629
2024-02-05T07:15:00Z,26.429151
2024-02-05T07:30:00Z,26.314398
2024-02-05T07:45:00Z,26.179864
2024-02-05T08:00:00Z,26.026127
2024-02-05T08:15:00Z,25.853848
2024-02-05T08:30:00Z,25.663767
2024-02-05T08:45:00Z,25.456699
2024-02-05T09:00:00Z,25.233534
2024-02-05T09:15:00Z,24.995229
2024-02-05T09:30:00Z,24.742807
2024-02-05T09:45:00Z,24.477351
2024-02-05T10:00:00Z,24.200000
2024-02-05T10:15:00Z,23.911943
2024-02-05T10:30:00Z,23.614417
2024-02-05T10:45:00Z,23.308697
2024-02-05T11:00:00Z,22.996095
2024-02-05T11:15:00Z,22.677952
2024-02-05T11:30:00Z,22.355631
2024-02-05T11:45:00Z,22.030516
2024-02-05T12:00:00Z,21.704000
2024-02-05T12:15:00Z,21.377484
2024-02-05T12:30:00Z,21.052369
2024-02-05T12:45:00Z,20.730048
2024-02-05T13:00:00Z,20.411905
2024-02-05T13:15:00Z,20.099303
2024-02-05T13:30:00Z,19.793583
2024-02-05T13:45:00Z,19.496057
2024-02-05T14:00:00Z,19.208000
2024-02-05T14:15:00Z,18.930649
2024-02-05T14:30:00Z,18.665193
2024-02-05T14:45:00Z,18.412771
2024-02-05T15:00:00Z,18.174466
2024-02-05T15:15:00Z,17.951301
2024-02-05T15:30:00Z,17.744233
2024-02-05T15:45:00Z,17.554152
2024-02-05T16:00:00Z,17.381873
2024-02-05T16:15:00Z,17.228136
2024-02-05T16:30:00Z,17.093602
2024-02-05T16:45:00Z,16.978849
2024-02-05T17:00:00Z,16.884371
2024-02-05T17:15:00Z,16.810574
2024-02-05T17:30:00Z,16.757776
2024-02-05T17:45:00Z,16.726205
2024-02-05T18:00:00Z,16.716000
2024-02-05T18:15:00Z,16.727205
2024-02-05T18:30:00Z,16.759776
2024-02-05T18:45:00Z,16.813574
2024-02-05T19:00:00Z,16.888371
2024-02-05T19:15:00Z,16.983849
2024-02-05T19:30:00Z,17.099602
2024-02-05T19:45:00Z,17.235136
2024-02-05T20:00:00Z,17.389873
2024-02-05T20:15:00Z,17.563152
2024-02-05T20:30:00Z,17.754233
2024-02-05T20:45:00Z,17.962301
2024-02-05T21:00:00Z,18.186466
2024-02-05T21:15:00Z,18.425771
2024-02-05T21:30:00Z,18.679193
2024-02-05T21:45:00Z,18.945649
2024-02-05T22:00:00Z,19.224000
2024-02-05T22:15:00Z,19.513057
2024-02-05T22:30:00Z,19.811583
2024-02-05T22:45:00Z,20.118303
2024-02-05T23:00:00Z,20.431905
2024-02-05T23:15:00Z,20.751048
2024-02-05T23:30:00Z,21.074369
2024-02-05T23:45:00Z,21.400484
2024-02-06T00:00:00Z,21.728000
2024-02-06T00:15:00Z,22.055516
2024-02-06T00:30:00Z,22.381631
2024-02-06T00:45:00Z,22.704952
2024-02-06T01:00:00Z,23.024095
2024-02-06T01:15:00Z,23.337697
2024-02-06T01:30:00Z,23.644417
2024-02-06T01:45:00Z,23.942943
2024-02-06T02:00:00Z,24.232000
2024-02-06T02:15:00Z,24.510351
2024-02-06T02:30:00Z,24.776807
2024-02-06T02:45:00Z,25.030229
2024-02-06T03:00:00Z,25.269534
2024-02-06T03:15:00Z,25.493699
2024-02-06T03:30:00Z,25.701767
2024-02-06T03:45:00Z,25.892848
2024-02-06T04:00:00Z,26.066127
2024-02-06T04:15:00Z,26.220864
2024-02-06T04:30:00Z,26.356398
2024-02-06T04:45:00Z,26.472151
2024-02-06T05:00:00Z,26.567629
2024-02-06T05:15:00Z,26.642426
2024-02-06T05:30:00Z,26.696224
2024-02-06T05:45:00Z,26.728795
2024-02-06T06:00:00Z,26.740000
2024-02-06T06:15:00Z,26.729795
2024-02-06T06:30:00Z,26.698224
2024-02-06T06:45:00Z,26.645426
2024-02-06T07:00:00Z,26.571629
2024-02-06T07:15:00Z,26.477151
2024-02-06T07:30:00Z,26.362398
2024-02-06T07:45:00Z,26.227864
2024-02-06T08:00:00Z,26.074127
2024-02-06T08:15:00Z,25.901848
2024-02-06T08:30:00Z,25.711767
2024-02-06T08:45:00Z,25.504699
2024-02-06T09:00:00Z,25.281534
2024-02-06T09:15:00Z,25.043229
2024-02-06T09:30:00Z,24.790807
2024-02-06T09:45:00Z,24.525351
2024-02-06T10:00:00Z,24.248000
2024-02-06T10:15:00Z,23.959943
2024-02-06T10:30:00Z,23.662417
2024-02-06T10:45:00Z,23.356697
2024-02-06T11:00:00Z,23.044095
2024-02-06T11:15:00Z,22.725952
2024-02-06T11:30:00Z,22.403631
2024-02-06T11:45:00Z,22.078516
2024-02-06T12:00:00Z,21.752000
2024-02-06T12:15:00Z,21.425484
2024-02-06T12:30:00Z,21.100369
2024-02-06T12:45:00Z,20.778048
2024-02-06T13:00:00Z,20.459905
2024-02-06T13:15:00Z,20.147303
2024-02-06T13:30:00Z,19.841583
2024-02-06T13:45:00Z,19.544057
2024-02-06T14:00:00Z,19.256000
2024-02-06T14:15:00Z,18.978649
2024-02-06T14:30:00Z,18.713193
2024-02-06T14:45:00Z,18.460771
2024-02-06T15:00:00Z,18.222466
2024-02-06T15:15:00Z,17.999301
2024-02-06T15:30:00Z,17.792233
2024-02-06T15:45:00Z,17.602152
2024-02-06T16:00:00Z,17.429873
2024-02-06T16:15:00Z,17.276136
2024-02-06T16:30:00Z,17.141602
2024-02-06T16:45:00Z,17.026849
2024-02-06T17:00:00Z,16.932371
2024-02-06T17:15:00Z,16.858574
2024-02-06T17:30:00Z,16.805776
2024-02-06T17:45:00Z,16.774205
2024-02-06T18:00:00Z,16.764000
2024-02-06T18:15:00Z,16.775205
2024-02-06T18:30:00Z,16.807776
2024-02-06T18:45:00Z,16.861574
2024-02-06T19:00:00Z,16.936371
2024-02-06T19:15:00Z,17.031849
2024-02-06T19:30:00Z,17.147602
2024-02-06T19:45:00Z,17.283136
2024-02-06T20:00:00Z,17.437873
2024-02-06T20:15:00Z,17.611152
2024-02-06T20:30:00Z,17.802233
2024-02-06T20:45:00Z,18.010301
2024-02-06T21:00:00Z,18.234466
2024-02-06T21:15:00Z,18.473771
2024-02-06T21:30:00Z,18.727193
2024-02-06T21:45:00Z,18.993649
2024-02-06T22:00:00Z,19.272000
2024-02-06T22:15:00Z,19.561057
2024-02-06T22:30:00Z,19.859583
2024-02-06T22:45:00Z,20.166303
2024-02-06T23:00:00Z,20.479905
2024-02-06T23:15:00Z,20.799048
2024-02-06T23:30:00Z,21.122369
2024-02-06T23:45:00Z,21.448484
2024-02-07T00:00:00Z,21.776000
2024-02-07T00:15:00Z,22.103516
2024-02-07T00:30:00Z,22.429631
2024-02-07T00:45:00Z,22.752952
2024-02-07T01:00:00Z,23.072095
2024-02-07T01:15:00Z,23.385697
2024-02-07T01:30:00Z,23.692417
2024-02-07T01:45:00Z,23.990943
2024-02-07T02:00:00Z,24.280000
2024-02-07T02:15:00Z,24.558351
2024-02-07T02:30:00Z,24.824807
2024-02-07T02:45:00Z,25.078229
2024-02-07T03:00:00Z,25.317534
2024-02-07T03:15:00Z,25.541699
2024-02-07T03:30:00Z,25.749767
2024-02-07T03:45:00Z,25.940848
2024-02-07T04:00:00Z,26.114127
2024-02-07T04:15:00Z,26.268864
2024-02-07T04:30:00Z,26.404398
2024-02-07T04:45:00Z,26.520151
2024-02-07T05:00:00Z,26.615629
2024-02-07T05:15:00Z,26.690426
2024-02-07T05:30:00Z,26.744224
2024-02-07T05:45:00Z,26.776795
2024-02-07T06:00:00Z,26.788000
2024-02-07T06:15:00Z,26.777795
2024-02-07T06:30:00Z,26.746224
2024-02-07T06:45:00Z,26.693426
2024-02-07T07:00:00Z,26.619629
2024-02-07T07:15:00Z,26.525151
2024-02-07T07:30:00Z,26.410398
2024-02-07T07:45:00Z,26.275864
2024-02-07T08:00:00Z,26.122127
2024-02-07T08:15:00Z,25.949848
2024-02-07T08:30:00Z,25.759767
2024-02-07T08:45:00Z,25.552699
2024-02-07T09:00:00Z,25.329534
2024-02-07T09:15:00Z,25.091229
2024-02-07T09:30:00Z,24.838807
2024-02-07T09:45:00Z,24.573351
2024-02-07T10:00:00Z,24.296000
2024-02-07T10:15:00Z,24.007943
2024-02-07T10:30:00Z,23.710417
2024-02-07T10:45:00Z,23.404697
2024-02-07T11:00:00Z,23.092095
2024-02-07T11:15:00Z,22.773952
2024-02-07T11:30:00Z,22.451631
2024-02-07T11:45:00Z,22.126516
2024-02-07T12:00:00Z,21.800000
2024-02-07T12:15:00Z,21.473484
2024-02-07T12:30:00Z,21.148369
2024-02-07T12:45:00Z,20.826048
2024-02-07T13:00:00Z,20.507905
2024-02-07T13:15:00Z,20.195303
2024-02-07T13:30:00Z,19.889583
2024-02-07T13:45:00Z,19.592057
2024-02-07T14:00:00Z,19.304000
2024-02-07T14:15:00Z,19.026649
2024-02-07T14:30:00Z,18.761193
2024-02-07T14:45:00Z,18.508771
2024-02-07T15:00:00Z,18.270466
2024-02-07T15:15:00Z,18.047301
2024-02-07T15:30:00Z,17.840233
2024-02-07T15:45:00Z,17.650152
2024-02-07T16:00:00Z,17.477873
2024-02-07T16:15:00Z,17.324136
2024-02-07T16:30:00Z,17.189602
2024-02-07T16:45:00Z,17.074849
2024-02-07T17:00:00Z,16.980371
2024-02-07T17:15:00Z,16.906574
2024-02-07T17:30:00Z,16.853776
2024-02-07T17:45:00Z,16.822205
2024-02-07T18:00:00Z,16.812000
2024-02-07T18:15:00Z,16.823205
2024-02-07T18:30:00Z,16.855776
2024-02-07T18:45:00Z,16.909574
2024-02-07T19:00:00Z,16.984371
2024-02-07T19:15:00Z,17.079849
2024-02-07T19:30:00Z,17.195602
2024-02-07T19:45:00Z,17.331136
2024-02-07T20:00:00Z,17.485873
2024-02-07T20:15:00Z,17.659152
2024-02-07T20:30:00Z,17.850233
2024-02-07T20:45:00Z,18.058301
2024-02-07T21:00:00Z,18.282466
2024-02-07T21:15:00Z,18.521771
2024-02-07T21:30:00Z,18.775193
2024-02-07T21:45:00Z,19.041649
2024-02-07T22:00:00Z,19.320000
2024-02-07T22:15:00Z,19.609057
2024-02-07T22:30:00Z,19.907583
2024-02-07T22:45:00Z,20.214303
2024-02-07T23:00:00Z,20.527905
2024-02-07T23:15:00Z,20.847048
2024-02-07T23:30:00Z,21.170369
2024-02-07T23:45:00Z,21.496484
2024-02-08T00:00:00Z,21.824000
2024-02-08T00:15:00Z,22.151516
2024-02-08T00:30:00Z,22.477631
2024-02-08T00:45:00Z,22.800952
2024-02-08T01:00:00Z,23.120095
2024-02-08T01:15:00Z,23.433697
2024-02-08T01:30:00Z,23.740417
2024-02-08T01:45:00Z,24.038943
2024-02-08T02:00:00Z,24.328000
2024-02-08T02:15:00Z,24.606351
2024-02-08T02:30:00Z,24.872807
2024-02-08T02:45:00Z,25.126229
2024-02-08T03:00:00Z,25.365534
2024-02-08T03:15:00Z,25.589699
2024-02-08T03:30:00Z,25.797767
2024-02-08T03:45:00Z,25.988848
2024-02-08T04:00:00Z,26.162127
2024-02-08T04:15:00Z,26.316864
2024-02-08T04:30:00Z,26.452398
2024-02-08T04:45:00Z,26.568151
2024-02-08T05:00:00Z,26.663629
2024-02-08T05:15:00Z,26.738426
2024-02-08T05:30:00Z,26.792224
2024-02-08T05:45:00Z,26.824795
2024-02-08T06:00:00Z,26.836000
2024-02-08T06:15:00Z,26.825795
2024-02-08T06:30:00Z,26.794224
2024-02-08T06:45:00Z,26.741426
2024-02-08T07:00:00Z,26.667629
2024-02-08T07:15:00Z,26.573151
2024-02-08T07:30:00Z,26.458398
2024-02-08T07:45:00Z,26.323864
2024-02-08T08:00:00Z,26.170127
2024-02-08T08:15:00Z,25.997848
2024-02-08T08:30:00Z,25.807767
2024-02-08T08:45:00Z,25.600699
2024-02-08T09:00:00Z,25.377534
2024-02-08T09:15:00Z,25.139229
2024-02-08T09:30:00Z,24.886807
2024-02-08T09:45:00Z,24.621351
2024-02-08T10:00:00Z,24.344000
2024-02-08T10:15:00Z,24.055943
2024-02-08T10:30:00Z,23.758417
2024-02-08T10:45:00Z,23.452697
2024-02-08T11:00:00Z,23.140095
2024-02-08T11:15:00Z,22.821952
2024-02-08T11:30:00Z,22.499631
2024-02-08T11:45:00Z,22.174516
2024-02-08T12:00:00Z,21.848000
2024-02-08T12:15:00Z,21.521484
2024-02-08T12:30:00Z,21.196369
2024-02-08T12:45:00Z,20.874048
2024-02-08T13:00:00Z,20.555905
2024-02-08T13:15:00Z,20.243303
2024-02-08T13:30:00Z,19.937583
2024-02-08T13:45:00Z,19.640057
2024-02-08T14:00:00Z,19.352000
2024-02-08T14:15:00Z,19.074649
2024-02-08T14:30:00Z,18.809193
2024-02-08T14:45:00Z,18.556771
2024-02-08T15:00:00Z,18.318466
2024-02-08T15:15:00Z,18.095301
2024-02-08T15:30:00Z,17.888233
2024-02-08T15:45:00Z,17.698152
2024-02-08T16:00:00Z,17.525873
2024-02-08T16:15:00Z,17.372136
2024-02-08T16:30:00Z,17.237602
2024-02-08T16:45:00Z,17.122849
2024-02-08T17:00:00Z,17.028371
2024-02-08T17:15:00Z,16.954574
2024-02-08T17:30:00Z,16.901776
2024-02-08T17:45:00Z,16.870205
2024-02-08T18:00:00Z,16.860000
2024-02-08T18:15:00Z,16.871205
2024-02-08T18:30:00Z,16.903776
2024-02-08T18:45:00Z,16.957574
2024-02-08T19:00:00Z,17.032371
2024-02-08T19:15:00Z,17.127849
2024-02-08T19:30:00Z,17.243602
2024-02-08T19:45:00Z,17.379136
2024-02-08T20:00:00Z,17.533873
2024-02-08T20:15:00Z,17.707152
2024-02-08T20:30:00Z,17.898233
2024-02-08T20:45:00Z,18.106301
2024-02-08T21:00:00Z,18.330466
2024-02-08T21:15:00Z,18.569771
2024-02-08T21:30:00Z,18.823193
2024-02-08T21:45:00Z,19.089649
2024-02-08T22:00:00Z,19.368000
2024-02-08T22:15:00Z,19.657057
2024-02-08T22:30:00Z,19.955583
2024-02-08T22:45:00Z,20.262303
2024-02-08T23:00:00Z,20.575905
2024-02-08T23:15:00Z,20.895048
2024-02-08T23:30:00Z,21.218369
2024-02-08T23:45:00Z,21.544484
2024-02-09T00:00:00Z,21.872000
2024-02-09T00:15:00Z,22.199516
2024-02-09T00:30:00Z,22.525631
2024-02-09T00:45:00Z,22.848952
2024-02-09T01:00:00Z,23.168095
2024-02-09T01:15:00Z,23.481697
2024-02-09T01:30:00Z,23.788417
2024-02-09T01:45:00Z,24.086943
2024-02-09T02:00:00Z,24.376000
2024-02-09T02:15:00Z,24.654351
2024-02-09T02:30:00Z,24.920807
2024-02-09T02:45:00Z,25.174229
2024-02-09T03:00:00Z,25.413534
2024-02-09T03:15:00Z,25.637699
2024-02-09T03:30:00Z,25.845767
2024-02-09T03:45:00Z,26.036848
2024-02-09T04:00:00Z,26.210127
2024-02-09T04:15:00Z,26.364864
2024-02-09T04:30:00Z,26.500398
2024-02-09T04:45:00Z,26.616151
2024-02-09T05:00:00Z,26.711629
2024-02-09T05:15:00Z,26.786426
2024-02-09T05:30:00Z,26.840224
2024-02-09T05:45:00Z,26.872795
2024-02-09T06:00:00Z,26.884000
2024-02-09T06:15:00Z,26.873795
2024-02-09T06:30:00Z,26.842224
2024-02-09T06:45:00Z,26.789426
2024-02-09T07:00:00Z,26.715629
2024-02-09T07:15:00Z,26.621151
2024-02-09T07:30:00Z,26.506398
2024-02-09T07:45:00Z,26.371864
2024-02-09T08:00:00Z,26.218127
2024-02-09T08:15:00Z,26.045848
2024-02-09T08:30:00Z,25.855767
2024-02-09T08:45:00Z,25.648699
2024-02-09T09:00:00Z,25.425534
2024-02-09T09:15:00Z,25.187229
2024-02-09T09:30:00Z,24.934807
2024-02-09T09:45:00Z,24.669351
2024-02-09T10:00:00Z,24.392000
2024-02-09T10:15:00Z,24.103943
2024-02-09T10:30:00Z,23.806417
2024-02-09T10:45:00Z,23.500697
2024-02-09T11:00:00Z,23.188095
2024-02-09T11:15:00Z,22.869952
2024-02-09T11:30:00Z,22.547631
2024-02-09T11:45:00Z,22.222516
2024-02-09T12:00:00Z,21.896000
2024-02-09T12:15:00Z,21.569484
2024-02-09T12:30:00Z,21.244369
2024-02-09T12:45:00Z,20.922048
2024-02-09T13:00:00Z,20.603905
2024-02-09T13:15:00Z,20.291303
2024-02-09T13:30:00Z,19.985583
2024-02-09T13:45:00Z,19.688057
2024-02-09T14:00:00Z,19.400000
2024-02-09T14:15:00Z,19.122649
2024-02-09T14:30:00Z,18.857193
2024-02-09T14:45:00Z,18.604771
2024-02-09T15:00:00Z,18.366466
2024-02-09T15:15:00Z,18.143301
2024-02-09T15:30:00Z,17.936233
2024-02-09T15:45:00Z,17.746152
2024-02-09T16:00:00Z,17.573873
2024-02-09T16:15:00Z,17.420136
2024-02-09T16:30:00Z,17.285602
2024-02-09T16:45:00Z,17.170849
2024-02-09T17:00:00Z,17.076371
2024-02-09T17:15:00Z,17.002574
2024-02-09T17:30:00Z,16.949776
2024-02-09T17:45:00Z,16.918205
2024-02-09T18:00:00Z,16.908000
2024-02-09T18:15:00Z,16.919205
2024-02-09T18:30:00Z,16.951776
2024-02-09T18:45:00Z,17.005574
2024-02-09T19:00:00Z,17.080371
2024-02-09T19:15:00Z,17.175849
2024-02-09T19:30:00Z,17.291602
2024-02-09T19:45:00Z,17.427136
2024-02-09T20:00:00Z,17.581873
2024-02-09T20:15:00Z,17.755152
2024-02-09T20:30:00Z,17.946233
2024-02-09T20:45:00Z,18.154301
2024-02-09T21:00:00Z,18.378466
2024-02-09T21:15:00Z,18.617771
2024-02-09T21:30:00Z,18.871193
2024-02-09T21:45:00Z,19.137649
2024-02-09T22:00:00Z,19.416000
2024-02-09T22:15:00Z,19.705057
2024-02-09T22:30:00Z,20.003583
2024-02-09T22:45:00Z,20.310303
2024-02-09T23:00:00Z,20.623905
2024-02-09T23:15:00Z,20.943048
2024-02-09T23:30:00Z,21.266369
2024-02-09T23:45:00Z,21.592484
2024-02-10T00:00:00Z,21.920000
2024-02-10T00:15:00Z,22.247516
2024-02-10T00:30:00Z,22.573631
2024-02-10T00:45:00Z,22.896952
2024-02-10T01:00:00Z,23.216095
2024-02-10T01:15:00Z,23.529697
2024-02-10T01:30:00Z,23.836417
2024-02-10T01:45:00Z,24.134943
2024-02-10T02:00:00Z,24.424000
2024-02-10T02:15:00Z,24.702351
2024-02-10T02:30:00Z,24.968807
2024-02-10T02:45:00Z,25.222229
2024-02-10T03:00:00Z,25.461534
2024-02-10T03:15:00Z,25.685699
2024-02-10T03:30:00Z,25.893767
2024-02-10T03:45:00Z,26.084848
2024-02-10T04:00:00Z,26.258127
2024-02-10T04:15:00Z,26.412864
2024-02-10T04:30:00Z,26.548398
2024-02-10T04:45:00Z,26.664151
2024-02-10T05:00:00Z,26.759629
2024-02-10T05:15:00Z,26.834426
2024-02-10T05:30:00Z,26.888224
2024-02-10T05:45:00Z,26.920795
2024-02-10T06:00:00Z,26.932000
2024-02-10T06:15:00Z,26.921795
2024-02-10T06:30:00Z,26.890224
2024-02-10T06:45:00Z,26.837426
2024-02-10T07:00:00Z,26.763629
2024-02-10T07:15:00Z,26.669151
2024-02-10T07:30:00Z,26.554398
2024-02-10T07:45:00Z,26.419864
2024-02-10T08:00:00Z,26.266127
2024-02-10T08:15:00Z,26.093848
2024-02-10T08:30:00Z,25.903767
2024-02-10T08:45:00Z,25.696699
2024-02-10T09:00:00Z,25.473534
2024-02-10T09:15:00Z,25.235229
2024-02-10T09:30:00Z,24.982807
2024-02-10T09:45:00Z,24.717351
2024-02-10T10:00:00Z,24.440000
2024-02-10T10:15:00Z,24.151943
2024-02-10T10:30:00Z,23.854417
2024-02-10T10:45:00Z,23.548697
2024-02-10T11:00:00Z,23.236095
2024-02-10T11:15:00Z,22.917952
2024-02-10T11:30:00Z,22.595631
2024-02-10T11:45:00Z,22.270516
2024-02-10T12:00:00Z,21.944000
2024-02-10T12:15:00Z,21.617484
2024-02-10T12:30:00Z,21.292369
2024-02-10T12:45:00Z,20.970048
2024-02-10T13:00:00Z,20.651905
2024-02-10T13:15:00Z,20.339303
2024-02-10T13:30:00Z,20.033583
2024-02-10T13:45:00Z,19.736057
2024-02-10T14:00:00Z,19.448000
2024-02-10T14:15:00Z,19.170649
2024-02-10T14:30:00Z,18.905193
2024-02-10T14:45:00Z,18.652771
2024-02-10T15:00:00Z,18.414466
2024-02-10T15:15:00Z,18.191301
2024-02-10T15:30:00Z,17.984233
2024-02-10T15:45:00Z,17.794152
2024-02-10T16:00:00Z,17.621873
2024-02-10T16:15:00Z,17.468136
2024-02-10T16:30:00Z,17.333602
2024-02-10T16:45:00Z,17.218849
2024-02-10T17:00:00Z,17.124371
2024-02-10T17:15:00Z,17.050574
2024-02-10T17:30:00Z,16.997776
2024-02-10T17:45:00Z,16.966205
2024-02-10T18:00:00Z,16.956000
2024-02-10T18:15:00Z,16.967205
2024-02-10T18:30:00Z,16.999776
2024-02-10T18:45:00Z,17.053574
2024-02-10T19:00:00Z,17.128371
2024-02-10T19:15:00Z,17.223849
2024-02-10T19:30:00Z,17.339602
2024-02-10T19:45:00Z,17.475136
2024-02-10T20:00:00Z,17.629873
2024-02-10T20:15:00Z,17.803152
2024-02-10T20:30:00Z,17.994233
2024-02-10T20:45:00Z,18.202301
2024-02-10T21:00:00Z,18.426466
2024-02-10T21:15:00Z,18.665771
2024-02-10T21:30:00Z,18.919193
2024-02-10T21:45:00Z,19.185649
2024-02-10T22:00:00Z,19.464000
2024-02-10T22:15:00Z,19.753057
2024-02-10T22:30:00Z,20.051583
2024-02-10T22:45:00Z,20.358303
2024-02-10T23:00:00Z,20.671905
2024-02-10T23:15:00Z,20.991048
2024-02-10T23:30:00Z,21.314369
2024-02-10T23:45:00Z,21.640484
2024-02-11T00:00:00Z,21.968000
2024-02-11T00:15:00Z,22.295516
2024-02-11T00:30:00Z,22.621631
2024-02-11T00:45:00Z,22.944952
2024-02-11T01:00:00Z,23.264095
2024-02-11T01:15:00Z,23.577697
2024-02-11T01:30:00Z,23.884417
2024-02-11T01:45:00Z,24.182943
2024-02-11T02:00:00Z,24.472000
2024-02-11T02:15:00Z,24.750351
2024-02-11T02:30:00Z,25.016807
2024-02-11T02:45:00Z,25.270229
2024-02-11T03:00:00Z,25.509534
2024-02-11T03:15:00Z,25.733699
2024-02-11T03:30:00Z,25.941767
2024-02-11T03:45:00Z,26.132848
2024-02-11T04:00:00Z,26.306127
2024-02-11T04:15:00Z,26.460864
2024-02-11T04:30:00Z,26.596398
2024-02-11T04:45:00Z,26.712151
2024-02-11T05:00:00Z,26.807629
2024-02-11T05:15:00Z,26.882426
2024-02-11T05:30:00Z,26.936224
2024-02-11T05:45:00Z,26.968795
2024-02-11T06:00:00Z,26.980000
2024-02-11T06:15:00Z,26.969795
2024-02-11T06:30:00Z,26.938224
2024-02-11T06:45:00Z,26.885426
2024-02-11T07:00:00Z,26.811629
2024-02-11T07:15:00Z,26.717151
2024-02-11T07:30:00Z,26.602398
2024-02-11T07:45:00Z,26.467864
2024-02-11T08:00:00Z,26.314127
2024-02-11T08:15:00Z,26.141848
2024-02-11T08:30:00Z,25.951767
2024-02-11T08:45:00Z,25.744699
2024-02-11T09:00:00Z,25.521534
2024-02-11T09:15:00Z,25.283229
2024-02-11T09:30:00Z,25.030807
2024-02-11T09:45:00Z,24.765351
2024-02-11T10:00:00Z,24.488000
2024-02-11T10:15:00Z,24.199943
2024-02-11T10:30:00Z,23.902417
2024-02-11T10:45:00Z,23.596697
2024-02-11T11:00:00Z,23.284095
2024-02-11T11:15:00Z,22.965952
2024-02-11T11:30:00Z,22.643631
2024-02-11T11:45:00Z,22.318516
2024-02-11T12:00:00Z,21.992000
2024-02-11T12:15:00Z,21.665484
2024-02-11T12:30:00Z,21.340369
2024-02-11T12:45:00Z,21.018048
2024-02-11T13:00:00Z,20.699905
2024-02-11T13:15:00Z,20.387303
2024-02-11T13:30:00Z,20.081583
2024-02-11T13:45:00Z,19.784057
2024-02-11T14:00:00Z,19.496000
2024-02-11T14:15:00Z,19.218649
2024-02-11T14:30:00Z,18.953193
2024-02-11T14:45:00Z,18.700771
2024-02-11T15:00:00Z,18.462466
2024-02-11T15:15:00Z,18.239301
2024-02-11T15:30:00Z,18.032233
2024-02-11T15:45:00Z,17.842152
2024-02-11T16:00:00Z,17.669873
2024-02-11T16:15:00Z,17.516136
2024-02-11T16:30:00Z,17.381602
2024-02-11T16:45:00Z,17.266849
2024-02-11T17:00:00Z,17.172371
2024-02-11T17:15:00Z,17.098574
2024-02-11T17:30:00Z,17.045776
2024-02-11T17:45:00Z,17.014205
2024-02-11T18:00:00Z,17.004000
2024-02-11T18:15:00Z,17.015205
2024-02-11T18:30:00Z,17.047776
2024-02-11T18:45:00Z,17.101574
2024-02-11T19:00:00Z,17.176371
2024-02-11T19:15:00Z,17.271849
2024-02-11T19:30:00Z,17.387602
2024-02-11T19:45:00Z,17.523136
2024-02-11T20:00:00Z,17.677873
2024-02-11T20:15:00Z,17.851152
2024-02-11T20:30:00Z,18.042233
2024-02-11T20:45:00Z,18.250301
2024-02-11T21:00:00Z,18.474466
2024-02-11T21:15:00Z,18.713771
2024-02-11T21:30:00Z,18.967193
2024-02-11T21:45:00Z,19.233649
2024-02-11T22:00:00Z,19.512000
2024-02-11T22:15:00Z,19.801057
2024-02-11T22:30:00Z,20.099583
2024-02-11T22:45:00Z,20.406303
2024-02-11T23:00:00Z,20.719905
2024-02-11T23:15:00Z,21.039048
2024-02-11T23:30:00Z,21.362369
2024-02-11T23:45:00Z,21.688484
2024-02-12T00:00:00Z,22.016000
2024-02-12T00:15:00Z,22.343516
2024-02-12T00:30:00Z,22.669631
2024-02-12T00:45:00Z,22.992952
2024-02-12T01:00:00Z,23.312095
2024-02-12T01:15:00Z,23.625697
2024-02-12T01:30:00Z,23.932417
2024-02-12T01:45:00Z,24.230943
2024-02-12T02:00:00Z,24.520000
2024-02-12T02:15:00Z,24.798351
2024-02-12T02:30:00Z,25.064807
2024-02-12T02:45:00Z,25.318229
2024-02-12T03:00:00Z,25.557534
2024-02-12T03:15:00Z,25.781699
2024-02-12T03:30:00Z,25.989767
2024-02-12T03:45:00Z,26.180848
2024-02-12T04:00:00Z,26.354127
2024-02-12T04:15:00Z,26.508864
2024-02-12T04:30:00Z,26.644398
2024-02-12T04:45:00Z,26.760151
2024-02-12T05:00:00Z,26.855629
2024-02-12T05:15:00Z,26.930426
2024-02-12T05:30:00Z,26.984224
2024-02-12T05:45:00Z,27.016795
2024-02-12T06:00:00Z,27.028000
2024-02-12T06:15:00Z,27.017795
2024-02-12T06:30:00Z,26.986224
2024-02-12T06:45:00Z,26.933426
2024-02-12T07:00:00Z,26.859629
2024-02-12T07:15:00Z,26.765151
2024-02-12T07:30:00Z,26.650398
2024-02-12T07:45:00Z,26.515864
2024-02-12T08:00:00Z,26.362127
2024-02-12T08:15:00Z,26.189848
2024-02-12T08:30:00Z,25.999767
2024-02-12T08:45:00Z,25.792699
2024-02-12T09:00:00Z,25.569534
2024-02-12T09:15:00Z,25.331229
2024-02-12T09:30:00Z,25.078807
2024-02-12T09:45:00Z,24.813351
2024-02-12T10:00:00Z,24.536000
2024-02-12T10:15:00Z,24.247943
2024-02-12T10:30:00Z,23.950417
2024-02-12T10:45:00Z,23.644697
2024-02-12T11:00:00Z,23.332095
2024-02-12T11:15:00Z,23.013952
2024-02-12T11:30:00Z,22.691631
2024-02-12T11:45:00Z,22.366516
2024-02-12T12:00:00Z,22.040000
2024-02-12T12:15:00Z,21.713484
2024-02-12T12:30:00Z,21.388369
2024-02-12T12:45:00Z,21.066048
2024-02-12T13:00:00Z,20.747905
2024-02-12T13:15:00Z,20.435303
2024-02-12T13:30:00Z,20.129583
2024-02-12T13:45:00Z,19.832057
2024-02-12T14:00:00Z,19.544000
2024-02-12T14:15:00Z,19.266649
2024-02-12T14:30:00Z,19.001193
2024-02-12T14:45:00Z,18.748771
2024-02-12T15:00:00Z,18.510466
2024-02-12T15:15:00Z,18.287301
2024-02-12T15:30:00Z,18.080233
2024-02-12T15:45:00Z,17.890152
2024-02-12T16:00:00Z,17.717873
2024-02-12T16:15:00Z,17.564136
2024-02-12T16:30:00Z,17.429602
2024-02-12T16:45:00Z,17.314849
2024-02-12T17:00:00Z,17.220371
2024-02-12T17:15:00Z,17.146574
2024-02-12T17:30:00Z,17.093776
2024-02-12T17:45:00Z,17.062205
2024-02-12T18:00:00Z,17.052000
2024-02-12T18:15:00Z,17.063205
2024-02-12T18:30:00Z,17.095776
2024-02-12T18:45:00Z,17.149574
2024-02-12T19:00:00Z,17.224371
2024-02-12T19:15:00Z,17.319849
2024-02-12T19:30:00Z,17.435602
2024-02-12T19:45:00Z,17.571136
2024-02-12T20:00:00Z,17.725873
2024-02-12T20:15:00Z,17.899152
2024-02-12T20:30:00Z,18.090233
2024-02-12T20:45:00Z,18.298301
2024-02-12T21:00:00Z,18.522466
2024-02-12T21:15:00Z,18.761771
2024-02-12T21:30:00Z,19.015193
2024-02-12T21:45:00Z,19.281649
2024-02-12T22:00:00Z,19.560000
2024-02-12T22:15:00Z,19.849057
2024-02-12T22:30:00Z,20.147583
2024-02-12T22:45:00Z,20.454303
2024-02-12T23:00:00Z,20.767905
2024-02-12T23:15:00Z,21.087048
2024-02-12T23:30:00Z,21.410369
2024-02-12T23:45:00Z,21.736484
2024-02-13T00:00:00Z,22.064000
2024-02-13T00:15:00Z,22.391516
2024-02-13T00:30:00Z,22.717631
2024-02-13T00:45:00Z,23.040952
2024-02-13T01:00:00Z,23.360095
2024-02-13T01:15:00Z,23.673697
2024-02-13T01:30:00Z,23.980417
2024-02-13T01:45:00Z,24.278943
2024-02-13T02:00:00Z,24.568000
2024-02-13T02:15:00Z,24.846351
2024-02-13T02:30:00Z,25.112807
2024-02-13T02:45:00Z,25.366229
2024-02-13T03:00:00Z,25.605534
2024-02-13T03:15:00Z,25.829699
2024-02-13T03:30:00Z,26.037767
2024-02-13T03:45:00Z,26.228848
2024-02-13T04:00:00Z,26.402127
2024-02-13T04:15:00Z,26.556864
2024-02-13T04:30:00Z,26.692398
2024-02-13T04:45:00Z,26.808151
2024-02-13T05:00:00Z,26.903629
2024-02-13T05:15:00Z,26.978426
2024-02-13T05:30:00Z,27.032224
2024-02-13T05:45:00Z,27.064795
2024-02-13T06:00:00Z,27.076000
2024-02-13T06:15:00Z,27.065795
2024-02-13T06:30:00Z,27.034224
2024-02-13T06:45:00Z,26.981426
2024-02-13T07:00:00Z,26.907629
2024-02-13T07:15:00Z,26.813151
2024-02-13T07:30:00Z,26.698398
2024-02-13T07:45:00Z,26.563864
2024-02-13T08:00:00Z,26.410127
2024-02-13T08:15:00Z,26.237848
2024-02-13T08:30:00Z,26.047767
2024-02-13T08:45:00Z,25.840699
2024-02-13T09:00:00Z,25.617534
2024-02-13T09:15:00Z,25.379229
2024-02-13T09:30:00Z,25.126807
2024-02-13T09:45:00Z,24.861351
2024-02-13T10:00:00Z,24.584000
2024-02-13T10:15:00Z,24.295943
2024-02-13T10:30:00Z,23.998417
2024-02-13T10:45:00Z,23.692697
2024-02-13T11:00:00Z,23.380095
2024-02-13T11:15:00Z,23.061952
2024-02-13T11:30:00Z,22.739631
2024-02-13T11:45:00Z,22.414516
2024-02-13T12:00:00Z,22.088000
2024-02-13T12:15:00Z,21.761484
2024-02-13T12:30:00Z,21.436369
2024-02-13T12:45:00Z,21.114048
2024-02-13T13:00:00Z,20.795905
2024-02-13T13:15:00Z,20.483303
2024-02-13T13:30:00Z,20.177583
2024-02-13T13:45:00Z,19.880057
2024-02-13T14:00:00Z,19.592000
2024-02-13T14:15:00Z,19.314649
2024-02-13T14:30:00Z,19.049193
2024-02-13T14:45:00Z,18.796771
2024-02-13T15:00:00Z,18.558466
2024-02-13T15:15:00Z,18.335301
2024-02-13T15:30:00Z,18.128233
2024-02-13T15:45:00Z,17.938152
2024-02-13T16:00:00Z,17.765873
2024-02-13T16:15:00Z,17.612136
2024-02-13T16:30:00Z,17.477602
2024-02-13T16:45:00Z,17.362849
2024-02-13T17:00:00Z,17.268371
2024-02-13T17:15:00Z,17.194574
2024-02-13T17:30:00Z,17.141776
2024-02-13T17:45:00Z,17.110205
2024-02-13T18:00:00Z,17.100000
2024-02-13T18:15:00Z,17.111205
2024-02-13T18:30:00Z,17.143776
2024-02-13T18:45:00Z,17.197574
2024-02-13T19:00:00Z,17.272371
2024-02-13T19:15:00Z,17.367849
2024-02-13T19:30:00Z,17.483602
2024-02-13T19:45:00Z,17.619136
2024-02-13T20:00:00Z,17.773873
2024-02-13T20:15:00Z,17.947152
2024-02-13T20:30:00Z,18.138233
2024-02-13T20:45:00Z,18.346301
2024-02-13T21:00:00Z,18.570466
2024-02-13T21:15:00Z,18.809771
2024-02-13T21:30:00Z,19.063193
2024-02-13T21:45:00Z,19.329649
2024-02-13T22:00:00Z,19.608000
2024-02-13T22:15:00Z,19.897057
2024-02-13T22:30:00Z,20.195583
2024-02-13T22:45:00Z,20.502303
2024-02-13T23:00:00Z,20.815905
2024-02-13T23:15:00Z,21.135048
2024-02-13T23:30:00Z,21.458369
2024-02-13T23:45:00Z,21.784484
2024-02-14T00:00:00Z,22.112000
2024-02-14T00:15:00Z,22.439516
2024-02-14T00:30:00Z,22.765631
2024-02-14T00:45:00Z,23.088952
2024-02-14T01:00:00Z,23.408095
2024-02-14T01:15:00Z,23.721697
2024-02-14T01:30:00Z,24.028417
2024-02-14T01:45:00Z,24.326943
2024-02-14T02:00:00Z,24.616000
2024-02-14T02:15:00Z,24.894351
2024-02-14T02:30:00Z,25.160807
2024-02-14T02:45:00Z,25.414229
2024-02-14T03:00:00Z,25.653534
2024-02-14T03:15:00Z,25.877699
2024-02-14T03:30:00Z,26.085767
2024-02-14T03:45:00Z,26.276848
2024-02-14T04:00:00Z,26.450127
2024-02-14T04:15:00Z,26.604864
2024-02-14T04:30:00Z,26.740398
2024-02-14T04:45:00Z,26.856151
2024-02-14T05:00:00Z,26.951629
2024-02-14T05:15:00Z,27.026426
2024-02-14T05:30:00Z,27.080224
2024-02-14T05:45:00Z,27.112795
2024-02-14T06:00:00Z,27.124000
2024-02-14T06:15:00Z,27.113795
2024-02-14T06:30:00Z,27.082224
2024-02-14T06:45:00Z,27.029426
2024-02-14T07:00:00Z,26.955629
2024-02-14T07:15:00Z,26.861151
2024-02-14T07:30:00Z,26.746398
2024-02-14T07:45:00Z,26.611864
2024-02-14T08:00:00Z,26.458127
2024-02-14T08:15:00Z,26.285848
2024-02-14T08:30:00Z,26.095767
2024-02-14T08:45:00Z,25.888699
2024-02-14T09:00:00Z,25.665534
2024-02-14T09:15:00Z,25.427229
2024-02-14T09:30:00Z,25.174807
2024-02-14T09:45:00Z,24.909351
2024-02-14T10:00:00Z,24.632000
2024-02-14T10:15:00Z,24.343943
2024-02-14T10:30:00Z,24.046417
2024-02-14T10:45:00Z,23.740697
2024-02-14T11:00:00Z,23.428095
2024-02-14T11:15:00Z,23.109952
2024-02-14T11:30:00Z,22.787631
2024-02-14T11:45:00Z,22.462516
2024-02-14T12:00:00Z,22.136000
2024-02-14T12:15:00Z,21.809484
2024-02-14T12:30:00Z,21.484369
2024-02-14T12:45:00Z,21.162048
2024-02-14T13:00:00Z,20.843905
2024-02-14T13:15:00Z,20.531303
2024-02-14T13:30:00Z,20.225583
2024-02-14T13:45:00Z,19.928057
2024-02-14T14:00:00Z,19.640000
2024-02-14T14:15:00Z,19.362649
2024-02-14T14:30:00Z,19.097193
2024-02-14T14:45:00Z,18.844771
2024-02-14T15:00:00Z,18.606466
2024-02-14T15:15:00Z,18.383301
2024-02-14T15:30:00Z,18.176233
2024-02-14T15:45:00Z,17.986152
2024-02-14T16:00:00Z,17.813873
2024-02-14T16:15:00Z,17.660136
2024-02-14T16:30:00Z,17.525602
2024-02-14T16:45:00Z,17.410849
2024-02-14T17:00:00Z,17.316371
2024-02-14T17:15:00Z,17.242574
2024-02-14T17:30:00Z,17.189776
2024-02-14T17:45:00Z,17.158205
2024-02-14T18:00:00Z,17.148000
2024-02-14T18:15:00Z,17.159205
2024-02-14T18:30:00Z,17.191776
2024-02-14T18:45:00Z,17.245574
2024-02-14T19:00:00Z,17.320371
2024-02-14T19:15:00Z,17.415849
2024-02-14T19:30:00Z,17.531602
2024-02-14T19:45:00Z,17.667136
2024-02-14T20:00:00Z,17.821873
2024-02-14T20:15:00Z,17.995152
2024-02-14T20:30:00Z,18.186233
2024-02-14T20:45:00Z,18.394301
2024-02-14T21:00:00Z,18.618466
2024-02-14T21:15:00Z,18.857771
2024-02-14T21:30:00Z,19.111193
2024-02-14T21:45:00Z,19.377649
2024-02-14T22:00:00Z,19.656000
2024-02-14T22:15:00Z,19.945057
2024-02-14T22:30:00Z,20.243583
2024-02-14T22:45:00Z,20.550303
2024-02-14T23:00:00Z,20.863905
2024-02-14T23:15:00Z,21.183048
2024-02-14T23:30:00Z,21.506369
2024-02-14T23:45:00Z,21.832484
2024-02-15T00:00:00Z,22.160000
2024-02-15T00:15:00Z,22.487516
2024-02-15T00:30:00Z,22.813631
2024-02-15T00:45:00Z,23.136952
2024-02-15T01:00:00Z,23.456095
2024-02-15T01:15:00Z,23.769697
2024-02-15T01:30:00Z,24.076417
2024-02-15T01:45:00Z,24.374943
2024-02-15T02:00:00Z,24.664000
2024-02-15T02:15:00Z,24.942351
2024-02-15T02:30:00Z,25.208807
2024-02-15T02:45:00Z,25.462229
2024-02-15T03:00:00Z,25.701534
2024-02-15T03:15:00Z,25.925699
2024-02-15T03:30:00Z,26.133767
2024-02-15T03:45:00Z,26.324848
2024-02-15T04:00:00Z,26.498127
2024-02-15T04:15:00Z,26.652864
2024-02-15T04:30:00Z,26.788398
2024-02-15T04:45:00Z,26.904151
2024-02-15T05:00:00Z,26.999629
2024-02-15T05:15:00Z,27.074426
2024-02-15T05:30:00Z,27.128224
2024-02-15T05:45:00Z,27.160795
2024-02-15T06:00:00Z,27.172000
2024-02-15T06:15:00Z,27.161795
2024-02-15T06:30:00Z,27.130224
2024-02-15T06:45:00Z,27.077426
2024-02-15T07:00:00Z,27.003629
2024-02-15T07:15:00Z,26.909151
2024-02-15T07:30:00Z,26.794398
2024-02-15T07:45:00Z,26.659864
2024-02-15T08:00:00Z,26.506127
2024-02-15T08:15:00Z,26.333848
2024-02-15T08:30:00Z,26.143767
2024-02-15T08:45:00Z,25.936699
2024-02-15T09:00:00Z,25.713534
2024-02-15T09:15:00Z,25.475229
2024-02-15T09:30:00Z,25.222807
2024-02-15T09:45:00Z,24.957351
2024-02-15T10:00:00Z,24.680000
2024-02-15T10:15:00Z,24.391943
2024-02-15T10:30:00Z,24.094417
2024-02-15T10:45:00Z,23.788697
2024-02-15T11:00:00Z,23.476095
2024-02-15T11:15:00Z,23.157952
2024-02-15T11:30:00Z,22.835631
2024-02-15T11:45:00Z,22.510516
2024-02-15T12:00:00Z,22.184000
2024-02-15T12:15:00Z,21.857484
2024-02-15T12:30:00Z,21.532369
2024-02-15T12:45:00Z,21.210048
2024-02-15T13:00:00Z,20.891905
2024-02-15T13:15:00Z,20.579303
2024-02-15T13:30:00Z,20.273583
2024-02-15T13:45:00Z,19.976057
2024-02-15T14:00:00Z,19.688000
2024-02-15T14:15:00Z,19.410649
2024-02-15T14:30:00Z,19.145193
2024-02-15T14:45:00Z,18.892771
2024-02-15T15:00:00Z,18.654466
2024-02-15T15:15:00Z,18.431301
2024-02-15T15:30:00Z,18.224233
2024-02-15T15:45:00Z,18.034152
2024-02-15T16:00:00Z,17.861873
2024-02-15T16:15:00Z,17.708136
2024-02-15T16:30:00Z,17.573602
2024-02-15T16:45:00Z,17.458849
2024-02-15T17:00:00Z,17.364371
2024-02-15T17:15:00Z,17.290574
2024-02-15T17:30:00Z,17.237776
2024-02-15T17:45:00Z,17.206205
2024-02-15T18:00:00Z,17.196000
2024-02-15T18:15:00Z,17.207205
2024-02-15T18:30:00Z,17.239776
2024-02-15T18:45:00Z,17.293574
2024-02-15T19:00:00Z,17.368371
2024-02-15T19:15:00Z,17.463849
2024-02-15T19:30:00Z,17.579602
2024-02-15T19:45:00Z,17.715136
2024-02-15T20:00:00Z,17.869873
2024-02-15T20:15:00Z,18.043152
2024-02-15T20:30:00Z,18.234233
2024-02-15T20:45:00Z,18.442301
2024-02-15T21:00:00Z,18.666466
2024-02-15T21:15:00Z,18.905771
2024-02-15T21:30:00Z,19.159193
2024-02-15T21:45:00Z,19.425649
2024-02-15T22:00:00Z,19.704000
2024-02-15T22:15:00Z,19.993057
2024-02-15T22:30:00Z,20.291583
2024-02-15T22:45:00Z,20.598303
2024-02-15T23:00:00Z,20.911905
2024-02-15T23:15:00Z,21.231048
2024-02-15T23:30:00Z,21.554369
2024-02-15T23:45:00Z,21.880484
2024-02-16T00:00:00Z,22.208000
2024-02-16T00:15:00Z,22.535516
2024-02-16T00:30:00Z,22.861631
2024-02-16T00:45:00Z,23.184952
2024-02-16T01:00:00Z,23.504095
2024-02-16T01:15:00Z,23.817697
2024-02-16T01:30:00Z,24.124417
2024-02-16T01:45:00Z,24.422943
2024-02-16T02:00:00Z,24.712000
2024-02-16T02:15:00Z,24.990351
2024-02-16T02:30:00Z,25.256807
2024-02-16T02:45:00Z,25.510229
2024-02-16T03:00:00Z,25.749534
2024-02-16T03:15:00Z,25.973699
2024-02-16T03:30:00Z,26.181767
2024-02-16T03:45:00Z,26.372848
2024-02-16T04:00:00Z,26.546127
2024-02-16T04:15:00Z,26.700864
2024-02-16T04:30:00Z,26.836398
2024-02-16T04:45:00Z,26.952151
2024-02-16T05:00:00Z,27.047629
2024-02-16T05:15:00Z,27.122426
2024-02-16T05:30:00Z,27.176224
2024-02-16T05:45:00Z,27.208795
2024-02-16T06:00:00Z,27.220000
2024-02-16T06:15:00Z,27.209795
2024-02-16T06:30:00Z,27.178224
2024-02-16T06:45:00Z,27.125426
2024-02-16T07:00:00Z,27.051629
2024-02-16T07:15:00Z,26.957151
2024-02-16T07:30:00Z,26.842398
2024-02-16T07:45:00Z,26.707864
2024-02-16T08:00:00Z,26.554127
2024-02-16T08:15:00Z,26.381848
2024-02-16T08:30:00Z,26.191767
2024-02-16T08:45:00Z,25.984699
2024-02-16T09:00:00Z,25.761534
2024-02-16T09:15:00Z,25.523229
2024-02-16T09:30:00Z,25.270807
2024-02-16T09:45:00Z,25.005351
2024-02-16T10:00:00Z,24.728000
2024-02-16T10:15:00Z,24.439943
2024-02-16T10:30:00Z,24.142417
2024-02-16T10:45:00Z,23.836697
2024-02-16T11:00:00Z,23.524095
2024-02-16T11:15:00Z,23.205952
2024-02-16T11:30:00Z,22.883631
2024-02-16T11:45:00Z,22.558516
2024-02-16T12:00:00Z,22.232000
2024-02-16T12:15:00Z,21.905484
2024-02-16T12:30:00Z,21.580369
2024-02-16T12:45:00Z,21.258048
2024-02-16T13:00:00Z,20.939905
2024-02-16T13:15:00Z,20.627303
2024-02-16T13:30:00Z,20.321583
2024-02-16T13:45:00Z,20.024057
2024-02-16T14:00:00Z,19.736000
2024-02-16T14:15:00Z,19.458649
2024-02-16T14:30:00Z,19.193193
2024-02-16T14:45:00Z,18.940771
2024-02-16T15:00:00Z,18.702466
2024-02-16T15:15:00Z,18.479301
2024-02-16T15:30:00Z,18.272233
2024-02-16T15:45:00Z,18.082152
2024-02-16T16:00:00Z,17.909873
2024-02-16T16:15:00Z,17.756136
2024-02-16T16:30:00Z,17.621602
2024-02-16T16:45:00Z,17.506849
2024-02-16T17:00:00Z,17.412371
2024-02-16T17:15:00Z,17.338574
2024-02-16T17:30:00Z,17.285776
2024-02-16T17:45:00Z,17.254205
2024-02-16T18:00:00Z,17.244000
2024-02-16T18:15:00Z,17.255205
2024-02-16T18:30:00Z,17.287776
2024-02-16T18:45:00Z,17.341574
2024-02-16T19:00:00Z,17.416371
2024-02-16T19:15:00Z,17.511849
2024-02-16T19:30:00Z,17.627602
2024-02-16T19:45:00Z,17.763136
2024-02-16T20:00:00Z,17.917873
2024-02-16T20:15:00Z,18.091152
2024-02-16T20:30:00Z,18.282233
2024-02-16T20:45:00Z,18.490301
2024-02-16T21:00:00Z,18.714466
2024-02-16T21:15:00Z,18.953771
2024-02-16T21:30:00Z,19.207193
2024-02-16T21:45:00Z,19.473649
2024-02-16T22:00:00Z,19.752000
2024-02-16T22:15:00Z,20.041057
2024-02-16T22:30:00Z,20.339583
2024-02-16T22:45:00Z,20.646303
2024-02-16T23:00:00Z,20.959905
2024-02-16T23:15:00Z,21.279048
2024-02-16T23:30:00Z,21.602369
2024-02-16T23:45:00Z,21.928484
2024-02-17T00:00:00Z,22.256000
2024-02-17T00:15:00Z,22.583516
2024-02-17T00:30:00Z,22.909631
2024-02-17T00:45:00Z,23.232952
2024-02-17T01:00:00Z,23.552095
2024-02-17T01:15:00Z,23.865697
2024-02-17T01:30:00Z,24.172417
2024-02-17T01:45:00Z,24.470943
2024-02-17T02:00:00Z,24.760000
2024-02-17T02:15:00Z,25.038351
2024-02-17T02:30:00Z,25.304807
2024-02-17T02:45:00Z,25.558229
2024-02-17T03:00:00Z,25.797534
2024-02-17T03:15:00Z,26.021699
2024-02-17T03:30:00Z,26.229767
2024-02-17T03:45:00Z,26.420848
2024-02-17T04:00:00Z,26.594127
2024-02-17T04:15:00Z,26.748864
2024-02-17T04:30:00Z,26.884398
2024-02-17T04:45:00Z,27.000151
2024-02-17T05:00:00Z,27.095629
2024-02-17T05:15:00Z,27.170426
2024-02-17T05:30:00Z,27.224224
2024-02-17T05:45:00Z,27.256795
2024-02-17T06:00:00Z,27.268000
2024-02-17T06:15:00Z,27.257795
2024-02-17T06:30:00Z,27.226224
2024-02-17T06:45:00Z,27.173426
2024-02-17T07:00:00Z,27.099629
2024-02-17T07:15:00Z,27.005151
2024-02-17T07:30:00Z,26.890398
2024-02-17T07:45:00Z,26.755864
2024-02-17T08:00:00Z,26.602127
2024-02-17T08:15:00Z,26.429848
2024-02-17T08:30:00Z,26.239767
2024-02-17T08:45:00Z,26.032699
2024-02-17T09:00:00Z,25.809534
2024-02-17T09:15:00Z,25.571229
2024-02-17T09:30:00Z,25.318807
2024-02-17T09:45:00Z,25.053351
2024-02-17T10:00:00Z,24.776000
2024-02-17T10:15:00Z,24.487943
2024-02-17T10:30:00Z,24.190417
2024-02-17T10:45:00Z,23.884697
2024-02-17T11:00:00Z,23.572095
2024-02-17T11:15:00Z,23.253952
2024-02-17T11:30:00Z,22.931631
2024-02-17T11:45:00Z,22.606516
2024-02-17T12:00:00Z,22.280000
2024-02-17T12:15:00Z,21.953484
2024-02-17T12:30:00Z,21.628369
2024-02-17T12:45:00Z,21.306048
2024-02-17T13:00:00Z,20.987905
2024-02-17T13:15:00Z,20.675303
2024-02-17T13:30:00Z,20.369583
2024-02-17T13:45:00Z,20.072057
2024-02-17T14:00:00Z,19.784000
2024-02-17T14:15:00Z,19.506649
2024-02-17T14:30:00Z,19.241193
2024-02-17T14:45:00Z,18.988771
2024-02-17T15:00:00Z,18.750466
2024-02-17T15:15:00Z,18.527301
2024-02-17T15:30:00Z,18.320233
2024-02-17T15:45:00Z,18.130152
2024-02-17T16:00:00Z,17.957873
2024-02-17T16:15:00Z,17.804136
2024-02-17T16:30:00Z,17.669602
2024-02-17T16:45:00Z,17.554849
2024-02-17T17:00:00Z,17.460371
2024-02-17T17:15:00Z,17.386574
2024-02-17T17:30:00Z,17.333776
2024-02-17T17:45:00Z,17.302205
2024-02-17T18:00:00Z,17.292000
2024-02-17T18:15:00Z,17.303205
2024-02-17T18:30:00Z,17.335776
2024-02-17T18:45:00Z,17.389574
2024-02-17T19:00:00Z,17.464371
2024-02-17T19:15:00Z,17.559849
2024-02-17T19:30:00Z,17.675602
2024-02-17T19:45:00Z,17.811136
2024-02-17T20:00:00Z,17.965873
2024-02-17T20:15:00Z,18.139152
2024-02-17T20:30:00Z,18.330233
2024-02-17T20:45:00Z,18.538301
2024-02-17T21:00:00Z,18.762466
2024-02-17T21:15:00Z,19.001771
2024-02-17T21:30:00Z,19.255193
2024-02-17T21:45:00Z,19.521649
2024-02-17T22:00:00Z,19.800000
2024-02-17T22:15:00Z,20.089057
2024-02-17T22:30:00Z,20.387583
2024-02-17T22:45:00Z,20.694303
2024-02-17T23:00:00Z,21.007905
2024-02-17T23:15:00Z,21.327048
2024-02-17T23:30:00Z,21.650369
2024-02-17T23:45:00Z,21.976484
2024-02-18T00:00:00Z,22.304000
2024-02-18T00:15:00Z,22.631516
2024-02-18T00:30:00Z,22.957631
2024-02-18T00:45:00Z,23.280952
2024-02-18T01:00:00Z,23.600095
2024-02-18T01:15:00Z,23.913697
2024-02-18T01:30:00Z,24.220417
2024-02-18T01:45:00Z,24.518943
2024-02-18T02:00:00Z,24.808000
2024-02-18T02:15:00Z,25.086351
2024-02-18T02:30:00Z,25.352807
2024-02-18T02:45:00Z,25.606229
2024-02-18T03:00:00Z,25.845534
2024-02-18T03:15:00Z,26.069699
2024-02-18T03:30:00Z,26.277767
2024-02-18T03:45:00Z,26.468848
2024-02-18T04:00:00Z,26.642127
2024-02-18T04:15:00Z,26.796864
2024-02-18T04:30:00Z,26.932398
2024-02-18T04:45:00Z,27.048151
2024-02-18T05:00:00Z,27.143629
2024-02-18T05:15:00Z,27.218426
2024-02-18T05:30:00Z,27.272224
2024-02-18T05:45:00Z,27.304795
2024-02-18T06:00:00Z,27.316000
2024-02-18T06:15:00Z,27.305795
2024-02-18T06:30:00Z,27.274224
2024-02-18T06:45:00Z,27.221426
2024-02-18T07:00:00Z,27.147629
2024-02-18T07:15:00Z,27.053151
2024-02-18T07:30:00Z,26.938398
2024-02-18T07:45:00Z,26.803864
2024-02-18T08:00:00Z,26.650127
2024-02-18T08:15:00Z,26.477848
2024-02-18T08:30:00Z,26.287767
2024-02-18T08:45:00Z,26.080699
2024-02-18T09:00:00Z,25.857534
2024-02-18T09:15:00Z,25.619229
2024-02-18T09:30:00Z,25.366807
2024-02-18T09:45:00Z,25.101351
2024-02-18T10:00:00Z,24.824000
2024-02-18T10:15:00Z,24.535943
2024-02-18T10:30:00Z,24.238417
2024-02-18T10:45:00Z,23.932697
2024-02-18T11:00:00Z,23.620095
2024-02-18T11:15:00Z,23.301952
2024-02-18T11:30:00Z,22.979631
2024-02-18T11:45:00Z,22.654516
2024-02-18T12:00:00Z,22.328000
2024-02-18T12:15:00Z,22.001484
2024-02-18T12:30:00Z,21.676369
2024-02-18T12:45:00Z,21.354048
2024-02-18T13:00:00Z,21.035905
2024-02-18T13:15:00Z,20.723303
2024-02-18T13:30:00Z,20.417583
2024-02-18T13:45:00Z,20.120057
2024-02-18T14:00:00Z,19.832000
2024-02-18T14:15:00Z,19.554649
2024-02-18T14:30:00Z,19.289193
2024-02-18T14:45:00Z,19.036771
2024-02-18T15:00:00Z,18.798466
2024-02-18T15:15:00Z,18.575301
2024-02-18T15:30:00Z,18.368233
2024-02-18T15:45:00Z,18.178152
2024-02-18T16:00:00Z,18.005873
2024-02-18T16:15:00Z,17.852136
2024-02-18T16:30:00Z,17.717602
2024-02-18T16:45:00Z,17.602849
2024-02-18T17:00:00Z,17.508371
2024-02-18T17:15:00Z,17.434574
2024-02-18T17:30:00Z,17.381776
2024-02-18T17:45:00Z,17.350205
2024-02-18T18:00:00Z,17.340000
2024-02-18T18:15:00Z,17.351205
2024-02-18T18:30:00Z,17.383776
2024-02-18T18:45:00Z,17.437574
2024-02-18T19:00:00Z,17.512371
2024-02-18T19:15:00Z,17.607849
2024-02-18T19:30:00Z,17.723602
2024-02-18T19:45:00Z,17.859136
2024-02-18T20:00:00Z,18.013873
2024-02-18T20:15:00Z,18.187152
2024-02-18T20:30:00Z,18.378233
2024-02-18T20:45:00Z,18.586301
2024-02-18T21:00:00Z,18.810466
2024-02-18T21:15:00Z,19.049771
2024-02-18T21:30:00Z,19.303193
2024-02-18T21:45:00Z,19.569649
2024-02-18T22:00:00Z,19.848000
2024-02-18T22:15:00Z,20.137057
2024-02-18T22:30:00Z,20.435583
2024-02-18T22:45:00Z,20.742303
2024-02-18T23:00:00Z,21.055905
2024-02-18T23:15:00Z,21.375048
2024-02-18T23:30:00Z,21.698369
2024-02-18T23:45:00Z,22.024484
2024-02-19T00:00:00Z,22.352000
2024-02-19T00:15:00Z,22.679516
2024-02-19T00:30:00Z,23.005631
2024-02-19T00:45:00Z,23.328952
2024-02-19T01:00:00Z,23.648095
2024-02-19T01:15:00Z,23.961697
2024-02-19T01:30:00Z,24.268417
2024-02-19T01:45:00Z,24.566943
2024-02-19T02:00:00Z,24.856000
2024-02-19T02:15:00Z,25.134351
2024-02-19T02:30:00Z,25.400807
2024-02-19T02:45:00Z,25.654229
2024-02-19T03:00:00Z,25.893534
2024-02-19T03:15:00Z,26.117699
2024-02-19T03:30:00Z,26.325767
2024-02-19T03:45:00Z,26.516848
2024-02-19T04:00:00Z,26.690127
2024-02-19T04:15:00Z,26.844864
2024-02-19T04:30:00Z,26.980398
2024-02-19T04:45:00Z,27.096151
2024-02-19T05:00:00Z,27.191629
2024-02-19T05:15:00Z,27.266426
2024-02-19T05:30:00Z,27.320224
2024-02-19T05:45:00Z,27.352795
2024-02-19T06:00:00Z,27.364000
2024-02-19T06:15:00Z,27.353795
2024-02-19T06:30:00Z,27.322224
2024-02-19T06:45:00Z,27.269426
2024-02-19T07:00:00Z,27.195629
2024-02-19T07:15:00Z,27.101151
2024-02-19T07:30:00Z,26.986398
2024-02-19T07:45:00Z,26.851864
2024-02-19T08:00:00Z,26.698127
2024-02-19T08:15:00Z,26.525848
2024-02-19T08:30:00Z,26.335767
2024-02-19T08:45:00Z,26.128699
2024-02-19T09:00:00Z,25.905534
2024-02-19T09:15:00Z,25.667229
2024-02-19T09:30:00Z,25.414807
2024-02-19T09:45:00Z,25.149351
2024-02-19T10:00:00Z,24.872000
2024-02-19T10:15:00Z,24.583943
2024-02-19T10:30:00Z,24.286417
2024-02-19T10:45:00Z,23.980697
2024-02-19T11:00:00Z,23.668095
2024-02-19T11:15:00Z,23.349952
2024-02-19T11:30:00Z,23.027631
2024-02-19T11:45:00Z,22.702516
2024-02-19T12:00:00Z,22.376000
2024-02-19T12:15:00Z,22.049484
2024-02-19T12:30:00Z,21.724369
2024-02-19T12:45:00Z,21.402048
2024-02-19T13:00:00Z,21.083905
2024-02-19T13:15:00Z,20.771303
2024-02-19T13:30:00Z,20.465583
2024-02-19T13:45:00Z,20.168057
2024-02-19T14:00:00Z,19.880000
2024-02-19T14:15:00Z,19.602649
2024-02-19T14:30:00Z,19.337193
2024-02-19T14:45:00Z,19.084771
2024-02-19T15:00:00Z,18.846466
2024-02-19T15:15:00Z,18.623301
2024-02-19T15:30:00Z,18.416233
2024-02-19T15:45:00Z,18.226152
2024-02-19T16:00:00Z,18.053873
2024-02-19T16:15:00Z,17.900136
2024-02-19T16:30:00Z,17.765602
2024-02-19T16:45:00Z,17.650849
2024-02-19T17:00:00Z,17.556371
2024-02-19T17:15:00Z,17.482574
2024-02-19T17:30:00Z,17.429776
2024-02-19T17:45:00Z,17.398205
2024-02-19T18:00:00Z,17.388000
2024-02-19T18:15:00Z,17.399205
2024-02-19T18:30:00Z,17.431776
2024-02-19T18:45:00Z,17.485574
2024-02-19T19:00:00Z,17.560371
2024-02-19T19:15:00Z,17.655849
2024-02-19T19:30:00Z,17.771602
2024-02-19T19:45:00Z,17.907136
2024-02-19T20:00:00Z,18.061873
2024-02-19T20:15:00Z,18.235152
2024-02-19T20:30:00Z,18.426233
2024-02-19T20:45:00Z,18.634301
2024-02-19T21:00:00Z,18.858466
2024-02-19T21:15:00Z,19.097771
2024-02-19T21:30:00Z,19.351193
2024-02-19T21:45:00Z,19.617649
2024-02-19T22:00:00Z,19.896000
2024-02-19T22:15:00Z,20.185057
2024-02-19T22:30:00Z,20.483583
2024-02-19T22:45:00Z,20.790303
2024-02-19T23:00:00Z,21.103905
2024-02-19T23:15:00Z,21.423048
2024-02-19T23:30:00Z,21.746369
2024-02-19T23:45:00Z,22.072484
2024-02-20T00:00:00Z,22.400000
2024-02-20T00:15:00Z,22.727516
2024-02-20T00:30:00Z,23.053631
2024-02-20T00:45:00Z,23.376952
2024-02-20T01:00:00Z,23.696095
2024-02-20T01:15:00Z,24.009697
2024-02-20T01:30:00Z,24.316417
2024-02-20T01:45:00Z,24.614943
2024-02-20T02:00:00Z,24.904000
2024-02-20T02:15:00Z,25.182351
2024-02-20T02:30:00Z,25.448807
2024-02-20T02:45:00Z,25.702229
2024-02-20T03:00:00Z,25.941534
2024-02-20T03:15:00Z,26.165699
2024-02-20T03:30:00Z,26.373767
2024-02-20T03:45:00Z,26.564848
2024-02-20T04:00:00Z,26.738127
2024-02-20T04:15:00Z,26.892864
2024-02-20T04:30:00Z,27.028398
2024-02-20T04:45:00Z,27.144151
2024-02-20T05:00:00Z,27.239629
2024-02-20T05:15:00Z,27.314426
2024-02-20T05:30:00Z,27.368224
2024-02-20T05:45:00Z,27.400795
2024-02-20T06:00:00Z,27.412000
2024-02-20T06:15:00Z,27.401795
2024-02-20T06:30:00Z,27.370224
2024-02-20T06:45:00Z,27.317426
2024-02-20T07:00:00Z,27.243629
2024-02-20T07:15:00Z,27.149151
2024-02-20T07:30:00Z,27.034398
2024-02-20T07:45:00Z,26.899864
2024-02-20T08:00:00Z,26.746127
2024-02-20T08:15:00Z,26.573848
2024-02-20T08:30:00Z,26.383767
2024-02-20T08:45:00Z,26.176699
2024-02-20T09:00:00Z,25.953534
2024-02-20T09:15:00Z,25.715229
2024-02-20T09:30:00Z,25.462807
2024-02-20T09:45:00Z,25.197351
2024-02-20T10:00:00Z,24.920000
2024-02-20T10:15:00Z,24.631943
2024-02-20T10:30:00Z,24.334417
2024-02-20T10:45:00Z,24.028697
2024-02-20T11:00:00Z,23.716095
2024-02-20T11:15:00Z,23.397952
2024-02-20T11:30:00Z,23.075631
2024-02-20T11:45:00Z,22.750516
2024-02-20T12:00:00Z,22.424000
2024-02-20T12:15:00Z,22.097484
2024-02-20T12:30:00Z,21.772369
2024-02-20T12:45:00Z,21.450048
2024-02-20T13:00:00Z,21.131905
2024-02-20T13:15:00Z,20.819303
2024-02-20T13:30:00Z,20.513583
2024-02-20T13:45:00Z,20.216057
2024-02-20T14:00:00Z,19.928000
2024-02-20T14:15:00Z,19.650649
2024-02-20T14:30:00Z,19.385193
2024-02-20T14:45:00Z,19.132771
2024-02-20T15:00:00Z,18.894466
2024-02-20T15:15:00Z,18.671301
2024-02-20T15:30:00Z,18.464233
2024-02-20T15:45:00Z,18.274152
2024-02-20T16:00:00Z,18.101873
2024-02-20T16:15:00Z,17.948136
2024-02-20T16:30:00Z,17.813602
2024-02-20T16:45:00Z,17.698849
2024-02-20T17:00:00Z,17.604371
2024-02-20T17:15:00Z,17.530574
2024-02-20T17:30:00Z,17.477776
2024-02-20T17:45:00Z,17.446205
2024-02-20T18:00:00Z,17.436000
2024-02-20T18:15:00Z,17.447205
2024-02-20T18:30:00Z,17.479776
2024-02-20T18:45:00Z,17.533574
2024-02-20T19:00:00Z,17.608371
2024-02-20T19:15:00Z,17.703849
2024-02-20T19:30:00Z,17.819602
2024-02-20T19:45:00Z,17.955136
2024-02-20T20:00:00Z,18.109873
2024-02-20T20:15:00Z,18.283152
2024-02-20T20:30:00Z,18.474233
2024-02-20T20:45:00Z,18.682301
2024-02-20T21:00:00Z,18.906466
2024-02-20T21:15:00Z,19.145771
2024-02-20T21:30:00Z,19.399193
2024-02-20T21:45:00Z,19.665649
2024-02-20T22:00:00Z,19.944000
2024-02-20T22:15:00Z,20.233057
2024-02-20T22:30:00Z,20.531583
2024-02-20T22:45:00Z,20.838303
2024-02-20T23:00:00Z,21.151905
2024-02-20T23:15:00Z,21.471048
2024-02-20T23:30:00Z,21.794369
2024-02-20T23:45:00Z,22.120484
2024-02-21T00:00:00Z,22.448000
2024-02-21T00:15:00Z,22.775516
2024-02-21T00:30:00Z,23.101631
2024-02-21T00:45:00Z,23.424952
2024-02-21T01:00:00Z,23.744095
2024-02-21T01:15:00Z,24.057697
2024-02-21T01:30:00Z,24.364417
2024-02-21T01:45:00Z,24.662943
2024-02-21T02:00:00Z,24.952000
2024-02-21T02:15:00Z,25.230351
2024-02-21T02:30:00Z,25.496807
2024-02-21T02:45:00Z,25.750229
2024-02-21T03:00:00Z,25.989534
2024-02-21T03:15:00Z,26.213699
2024-02-21T03:30:00Z,26.421767
2024-02-21T03:45:00Z,26.612848
2024-02-21T04:00:00Z,26.786127
2024-02-21T04:15:00Z,26.940864
2024-02-21T04:30:00Z,27.076398
2024-02-21T04:45:00Z,27.192151
2024-02-21T05:00:00Z,27.287629
2024-02-21T05:15:00Z,27.362426
2024-02-21T05:30:00Z,27.416224
2024-02-21T05:45:00Z,27.448795
2024-02-21T06:00:00Z,27.460000
2024-02-21T06:15:00Z,27.449795
2024-02-21T06:30:00Z,27.418224
2024-02-21T06:45:00Z,27.365426
2024-02-21T07:00:00Z,27.291629
2024-02-21T07:15:00Z,27.197151
2024-02-21T07:30:00Z,27.082398
2024-02-21T07:45:00Z,26.947864
2024-02-21T08:00:00Z,26.794127
2024-02-21T08:15:00Z,26.621848
2024-02-21T08:30:00Z,26.431767
2024-02-21T08:45:00Z,26.224699
2024-02-21T09:00:00Z,26.001534
2024-02-21T09:15:00Z,25.763229
2024-02-21T09:30:00Z,25.510807
2024-02-21T09:45:00Z,25.245351
2024-02-21T10:00:00Z,24.968000
2024-02-21T10:15:00Z,24.679943
2024-02-21T10:30:00Z,24.382417
2024-02-21T10:45:00Z,24.076697
2024-02-21T11:00:00Z,23.764095
2024-02-21T11:15:00Z,23.445952
2024-02-21T11:30:00Z,23.123631
2024-02-21T11:45:00Z,22.798516
2024-02-21T12:00:00Z,22.472000
2024-02-21T12:15:00Z,22.145484
2024-02-21T12:30:00Z,21.820369
2024-02-21T12:45:00Z,21.498048
2024-02-21T13:00:00Z,21.179905
2024-02-21T13:15:00Z,20.867303
2024-02-21T13:30:00Z,20.561583
2024-02-21T13:45:00Z,20.264057
2024-02-21T14:00:00Z,19.976000
2024-02-21T14:15:00Z,19.698649
2024-02-21T14:30:00Z,19.433193
2024-02-21T14:45:00Z,19.180771
2024-02-21T15:00:00Z,18.942466
2024-02-21T15:15:00Z,18.719301
2024-02-21T15:30:00Z,18.512233
2024-02-21T15:45:00Z,18.322152
2024-02-21T16:00:00Z,18.149873
2024-02-21T16:15:00Z,17.996136
2024-02-21T16:30:00Z,17.861602
2024-02-21T16:45:00Z,17.746849
2024-02-21T17:00:00Z,17.652371
2024-02-21T17:15:00Z,17.578574
2024-02-21T17:30:00Z,17.525776
2024-02-21T17:45:00Z,17.494205
2024-02-21T18:00:00Z,17.484000
2024-02-21T18:15:00Z,17.495205
2024-02-21T18:30:00Z,17.527776
2024-02-21T18:45:00Z,17.581574
2024-02-21T19:00:00Z,17.656371
2024-02-21T19:15:00Z,17.751849
2024-02-21T19:30:00Z,17.867602
2024-02-21T19:45:00Z,18.003136
2024-02-21T20:00:00Z,18.157873
2024-02-21T20:15:00Z,18.331152
2024-02-21T20:30:00Z,18.522233
2024-02-21T20:45:00Z,18.730301
2024-02-21T21:00:00Z,18.954466
2024-02-21T21:15:00Z,19.193771
2024-02-21T21:30:00Z,19.447193
2024-02-21T21:45:00Z,19.713649
2024-02-21T22:00:00Z,19.992000
2024-02-21T22:15:00Z,20.281057
2024-02-21T22:30:00Z,20.579583
2024-02-21T22:45:00Z,20.886303
2024-02-21T23:00:00Z,21.199905
2024-02-21T23:15:00Z,21.519048
2024-02-21T23:30:00Z,21.842369
2024-02-21T23:45:00Z,22.168484
2024-02-22T00:00:00Z,22.496000
2024-02-22T00:15:00Z,22.823516
2024-02-22T00:30:00Z,23.149631
2024-02-22T00:45:00Z,23.472952
2024-02-22T01:00:00Z,23.792095
2024-02-22T01:15:00Z,24.105697
2024-02-22T01:30:00Z,24.412417
2024-02-22T01:45:00Z,24.710943
2024-02-22T02:00:00Z,25.000000
2024-02-22T02:15:00Z,25.278351
2024-02-22T02:30:00Z,25.544807
2024-02-22T02:45:00Z,25.798229
2024-02-22T03:00:00Z,26.037534
2024-02-22T03:15:00Z,26.261699
2024-02-22T03:30:00Z,26.469767
2024-02-22T03:45:00Z,26.660848
2024-02-22T04:00:00Z,26.834127
2024-02-22T04:15:00Z,26.988864
2024-02-22T04:30:00Z,27.124398
2024-02-22T04:45:00Z,27.240151
2024-02-22T05:00:00Z,27.335629
2024-02-22T05:15:00Z,27.410426
2024-02-22T05:30:00Z,27.464224
2024-02-22T05:45:00Z,27.496795
2024-02-22T06:00:00Z,27.508000
2024-02-22T06:15:00Z,27.497795
2024-02-22T06:30:00Z,27.466224
2024-02-22T06:45:00Z,27.413426
2024-02-22T07:00:00Z,27.339629
2024-02-22T07:15:00Z,27.245151
2024-02-22T07:30:00Z,27.130398
2024-02-22T07:45:00Z,26.995864
2024-02-22T08:00:00Z,26.842127
2024-02-22T08:15:00Z,26.669848
2024-02-22T08:30:00Z,26.479767
2024-02-22T08:45:00Z,26.272699
2024-02-22T09:00:00Z,26.049534
2024-02-22T09:15:00Z,25.811229
2024-02-22T09:30:00Z,25.558807
2024-02-22T09:45:00Z,25.293351
2024-02-22T10:00:00Z,25.016000
2024-02-22T10:15:00Z,24.727943
2024-02-22T10:30:00Z,24.430417
2024-02-22T10:45:00Z,24.124697
2024-02-22T11:00:00Z,23.812095
2024-02-22T11:15:00Z,23.493952
2024-02-22T11:30:00Z,23.171631
2024-02-22T11:45:00Z,22.846516
2024-02-22T12:00:00Z,22.520000
2024-02-22T12:15:00Z,22.193484
2024-02-22T12:30:00Z,21.868369
2024-02-22T12:45:00Z,21.546048
2024-02-22T13:00:00Z,21.227905
2024-02-22T13:15:00Z,20.915303
2024-02-22T13:30:00Z,20.609583
2024-02-22T13:45:00Z,20.312057
2024-02-22T14:00:00Z,20.024000
2024-02-22T14:15:00Z,19.746649
2024-02-22T14:30:00Z,19.481193
2024-02-22T14:45:00Z,19.228771
2024-02-22T15:00:00Z,18.990466
2024-02-22T15:15:00Z,18.767301
2024-02-22T15:30:00Z,18.560233
2024-02-22T15:45:00Z,18.370152
2024-02-22T16:00:00Z,18.197873
2024-02-22T16:15:00Z,18.044136
2024-02-22T16:30:00Z,17.909602
2024-02-22T16:45:00Z,17.794849
2024-02-22T17:00:00Z,17.700371
2024-02-22T17:15:00Z,17.626574
2024-02-22T17:30:00Z,17.573776
2024-02-22T17:45:00Z,17.542205
2024-02-22T18:00:00Z,17.532000
2024-02-22T18:15:00Z,17.543205
2024-02-22T18:30:00Z,17.575776
2024-02-22T18:45:00Z,17.629574
2024-02-22T19:00:00Z,17.704371
2024-02-22T19:15:00Z,17.799849
2024-02-22T19:30:00Z,17.915602
2024-02-22T19:45:00Z,18.051136
2024-02-22T20:00:00Z,18.205873
2024-02-22T20:15:00Z,18.379152
2024-02-22T20:30:00Z,18.570233
2024-02-22T20:45:00Z,18.778301
2024-02-22T21:00:00Z,19.002466
2024-02-22T21:15:00Z,19.241771
2024-02-22T21:30:00Z,19.495193
2024-02-22T21:45:00Z,19.761649
2024-02-22T22:00:00Z,20.040000
2024-02-22T22:15:00Z,20.329057
2024-02-22T22:30:00Z,20.627583
2024-02-22T22:45:00Z,20.934303
2024-02-22T23:00:00Z,21.247905
2024-02-22T23:15:00Z,21.567048
2024-02-22T23:30:00Z,21.890369
2024-02-22T23:45:00Z,22.216484
2024-02-23T00:00:00Z,22.544000
2024-02-23T00:15:00Z,22.871516
2024-02-23T00:30:00Z,23.197631
2024-02-23T00:45:00Z,23.520952
2024-02-23T01:00:00Z,23.840095
2024-02-23T01:15:00Z,24.153697
2024-02-23T01:30:00Z,24.460417
2024-02-23T01:45:00Z,24.758943
2024-02-23T02:00:00Z,25.048000
2024-02-23T02:15:00Z,25.326351
2024-02-23T02:30:00Z,25.592807
2024-02-23T02:45:00Z,25.846229
2024-02-23T03:00:00Z,26.085534
2024-02-23T03:15:00Z,26.309699
2024-02-23T03:30:00Z,26.517767
2024-02-23T03:45:00Z,26.708848
2024-02-23T04:00:00Z,26.882127
2024-02-23T04:15:00Z,27.036864
2024-02-23T04:30:00Z,27.172398
2024-02-23T04:45:00Z,27.288151
2024-02-23T05:00:00Z,27.383629
2024-02-23T05:15:00Z,27.458426
2024-02-23T05:30:00Z,27.512224
2024-02-23T05:45:00Z,27.544795
2024-02-23T06:00:00Z,27.556000
2024-02-23T06:15:00Z,27.545795
2024-02-23T06:30:00Z,27.514224
2024-02-23T06:45:00Z,27.461426
2024-02-23T07:00:00Z,27.387629
2024-02-23T07:15:00Z,27.293151
2024-02-23T07:30:00Z,27.178398
2024-02-23T07:45:00Z,27.043864
2024-02-23T08:00:00Z,26.890127
2024-02-23T08:15:00Z,26.717848
2024-02-23T08:30:00Z,26.527767
2024-02-23T08:45:00Z,26.320699
2024-02-23T09:00:00Z,26.097534
2024-02-23T09:15:00Z,25.859229
2024-02-23T09:30:00Z,25.606807
2024-02-23T09:45:00Z,25.341351
2024-02-23T10:00:00Z,25.064000
2024-02-23T10:15:00Z,24.775943
2024-02-23T10:30:00Z,24.478417
2024-02-23T10:45:00Z,24.172697
2024-02-23T11:00:00Z,23.860095
2024-02-23T11:15:00Z,23.541952
2024-02-23T11:30:00Z,23.219631
2024-02-23T11:45:00Z,22.894516
2024-02-23T12:00:00Z,22.568000
2024-02-23T12:15:00Z,22.241484
2024-02-23T12:30:00Z,21.916369
2024-02-23T12:45:00Z,21.594048
2024-02-23T13:00:00Z,21.275905
2024-02-23T13:15:00Z,20.963303
2024-02-23T13:30:00Z,20.657583
2024-02-23T13:45:00Z,20.360057
2024-02-23T14:00:00Z,20.072000
2024-02-23T14:15:00Z,19.794649
2024-02-23T14:30:00Z,19.529193
2024-02-23T14:45:00Z,19.276771
2024-02-23T15:00:00Z,19.038466
2024-02-23T15:15:00Z,18.815301
2024-02-23T15:30:00Z,18.608233
2024-02-23T15:45:00Z,18.418152
2024-02-23T16:00:00Z,18.245873
2024-02-23T16:15:00Z,18.092136
2024-02-23T16:30:00Z,17.957602
2024-02-23T16:45:00Z,17.842849
2024-02-23T17:00:00Z,17.748371
2024-02-23T17:15:00Z,17.674574
2024-02-23T17:30:00Z,17.621776
2024-02-23T17:45:00Z,17.590205
2024-02-23T18:00:00Z,17.580000
2024-02-23T18:15:00Z,17.591205
2024-02-23T18:30:00Z,17.623776
2024-02-23T18:45:00Z,17.677574
2024-02-23T19:00:00Z,17.752371
2024-02-23T19:15:00Z,17.847849
2024-02-23T19:30:00Z,17.963602
2024-02-23T19:45:00Z,18.099136
2024-02-23T20:00:00Z,18.253873
2024-02-23T20:15:00Z,18.427152
2024-02-23T20:30:00Z,18.618233
2024-02-23T20:45:00Z,18.826301
2024-02-23T21:00:00Z,19.050466
2024-02-23T21:15:00Z,19.289771
2024-02-23T21:30:00Z,19.543193
2024-02-23T21:45:00Z,19.809649
2024-02-23T22:00:00Z,20.088000
2024-02-23T22:15:00Z,20.377057
2024-02-23T22:30:00Z,20.675583
2024-02-23T22:45:00Z,20.982303
2024-02-23T23:00:00Z,21.295905
2024-02-23T23:15:00Z,21.615048
2024-02-23T23:30:00Z,21.938369
2024-02-23T23:45:00Z,22.264484
2024-02-24T00:00:00Z,22.592000
2024-02-24T00:15:00Z,22.919516
2024-02-24T00:30:00Z,23.245631
2024-02-24T00:45:00Z,23.568952
2024-02-24T01:00:00Z,23.888095
2024-02-24T01:15:00Z,24.201697
2024-02-24T01:30:00Z,24.508417
2024-02-24T01:45:00Z,24.806943
2024-02-24T02:00:00Z,25.096000
2024-02-24T02:15:00Z,25.374351
2024-02-24T02:30:00Z,25.640807
2024-02-24T02:45:00Z,25.894229
2024-02-24T03:00:00Z,26.133534
2024-02-24T03:15:00Z,26.357699
2024-02-24T03:30:00Z,26.565767
2024-02-24T03:45:00Z,26.756848
2024-02-24T04:00:00Z,26.930127
2024-02-24T04:15:00Z,27.084864
2024-02-24T04:30:00Z,27.220398
2024-02-24T04:45:00Z,27.336151
2024-02-24T05:00:00Z,27.431629
2024-02-24T05:15:00Z,27.506426
2024-02-24T05:30:00Z,27.560224
2024-02-24T05:45:00Z,27.592795
2024-02-24T06:00:00Z,27.604000
2024-02-24T06:15:00Z,27.593795
2024-02-24T06:30:00Z,27.562224
2024-02-24T06:45:00Z,27.509426
2024-02-24T07:00:00Z,27.435629
2024-02-24T07:15:00Z,27.341151
2024-02-24T07:30:00Z,27.226398
2024-02-24T07:45:00Z,27.091864
2024-02-24T08:00:00Z,26.938127
2024-02-24T08:15:00Z,26.765848
2024-02-24T08:30:00Z,26.575767
2024-02-24T08:45:00Z,26.368699
2024-02-24T09:00:00Z,26.145534
2024-02-24T09:15:00Z,25.907229
2024-02-24T09:30:00Z,25.654807
2024-02-24T09:45:00Z,25.389351
2024-02-24T10:00:00Z,25.112000
2024-02-24T10:15:00Z,24.823943
2024-02-24T10:30:00Z,24.526417
2024-02-24T10:45:00Z,24.220697
2024-02-24T11:00:00Z,23.908095
2024-02-24T11:15:00Z,23.589952
2024-02-24T11:30:00Z,23.267631
2024-02-24T11:45:00Z,22.942516
2024-02-24T12:00:00Z,22.616000
2024-02-24T12:15:00Z,22.289484
2024-02-24T12:30:00Z,21.964369
2024-02-24T12:45:00Z,21.642048
2024-02-24T13:00:00Z,21.323905
2024-02-24T13:15:00Z,21.011303
2024-02-24T13:30:00Z,20.705583
2024-02-24T13:45:00Z,20.408057
2024-02-24T14:00:00Z,20.120000
2024-02-24T14:15:00Z,19.842649
2024-02-24T14:30:00Z,19.577193
2024-02-24T14:45:00Z,19.324771
2024-02-24T15:00:00Z,19.086466
2024-02-24T15:15:00Z,18.863301
2024-02-24T15:30:00Z,18.656233
2024-02-24T15:45:00Z,18.466152
2024-02-24T16:00:00Z,18.293873
2024-02-24T16:15:00Z,18.140136
2024-02-24T16:30:00Z,18.005602
2024-02-24T16:45:00Z,17.890849
2024-02-24T17:00:00Z,17.796371
2024-02-24T17:15:00Z,17.722574
2024-02-24T17:30:00Z,17.669776
2024-02-24T17:45:00Z,17.638205
2024-02-24T18:00:00Z,17.628000
2024-02-24T18:15:00Z,17.639205
2024-02-24T18:30:00Z,17.671776
2024-02-24T18:45:00Z,17.725574
2024-02-24T19:00:00Z,17.800371
2024-02-24T19:15:00Z,17.895849
2024-02-24T19:30:00Z,18.011602
2024-02-24T19:45:00Z,18.147136
2024-02-24T20:00:00Z,18.301873
2024-02-24T20:15:00Z,18.475152
2024-02-24T20:30:00Z,18.666233
2024-02-24T20:45:00Z,18.874301
2024-02-24T21:00:00Z,19.098466
2024-02-24T21:15:00Z,19.337771
2024-02-24T21:30:00Z,19.591193
2024-02-24T21:45:00Z,19.857649
2024-02-24T22:00:00Z,20.136000
2024-02-24T22:15:00Z,20.425057
2024-02-24T22:30:00Z,20.723583
2024-02-24T22:45:00Z,21.030303
2024-02-24T23:00:00Z,21.343905
2024-02-24T23:15:00Z,21.663048
2024-02-24T23:30:00Z,21.986369
2024-02-24T23:45:00Z,22.312484
2024-02-25T00:00:00Z,22.640000
2024-02-25T00:15:00Z,22.967516
2024-02-25T00:30:00Z,23.293631
2024-02-25T00:45:00Z,23.616952
2024-02-25T01:00:00Z,23.936095
2024-02-25T01:15:00Z,24.249697
2024-02-25T01:30:00Z,24.556417
2024-02-25T01:45:00Z,24.854943
2024-02-25T02:00:00Z,25.144000
2024-02-25T02:15:00Z,25.422351
2024-02-25T02:30:00Z,25.688807
2024-02-25T02:45:00Z,25.942229
2024-02-25T03:00:00Z,26.181534
2024-02-25T03:15:00Z,26.405699
2024-02-25T03:30:00Z,26.613767
2024-02-25T03:45:00Z,26.804848
2024-02-25T04:00:00Z,26.978127
2024-02-25T04:15:00Z,27.132864
2024-02-25T04:30:00Z,27.268398
2024-02-25T04:45:00Z,27.384151
2024-02-25T05:00:00Z,27.479629
2024-02-25T05:15:00Z,27.554426
2024-02-25T05:30:00Z,27.608224
2024-02-25T05:45:00Z,27.640795
2024-02-25T06:00:00Z,27.652000
2024-02-25T06:15:00Z,27.641795
2024-02-25T06:30:00Z,27.610224
2024-02-25T06:45:00Z,27.557426
2024-02-25T07:00:00Z,27.483629
2024-02-25T07:15:00Z,27.389151
2024-02-25T07:30:00Z,27.274398
2024-02-25T07:45:00Z,27.139864
2024-02-25T08:00:00Z,26.986127
2024-02-25T08:15:00Z,26.813848
2024-02-25T08:30:00Z,26.623767
2024-02-25T08:45:00Z,26.416699
2024-02-25T09:00:00Z,26.193534
2024-02-25T09:15:00Z,25.955229
2024-02-25T09:30:00Z,25.702807
2024-02-25T09:45:00Z,25.437351
2024-02-25T10:00:00Z,25.160000
2024-02-25T10:15:00Z,24.871943
2024-02-25T10:30:00Z,24.574417
2024-02-25T10:45:00Z,24.268697
2024-02-25T11:00:00Z,23.956095
2024-02-25T11:15:00Z,23.637952
2024-02-25T11:30:00Z,23.315631
2024-02-25T11:45:00Z,22.990516
2024-02-25T12:00:00Z,22.664000
2024-02-25T12:15:00Z,22.337484
2024-02-25T12:30:00Z,22.012369
2024-02-25T12:45:00Z,21.690048
2024-02-25T13:00:00Z,21.371905
2024-02-25T13:15:00Z,21.059303
2024-02-25T13:30:00Z,20.753583
2024-02-25T13:45:00Z,20.456057
2024-02-25T14:00:00Z,20.168000
2024-02-25T14:15:00Z,19.890649
2024-02-25T14:30:00Z,19.625193
2024-02-25T14:45:00Z,19.372771
2024-02-25T15:00:00Z,19.134466
2024-02-25T15:15:00Z,18.911301
2024-02-25T15:30:00Z,18.704233
2024-02-25T15:45:00Z,18.514152
2024-02-25T16:00:00Z,18.341873
2024-02-25T16:15:00Z,18.188136
2024-02-25T16:30:00Z,18.053602
2024-02-25T16:45:00Z,17.938849
2024-02-25T17:00:00Z,17.844371
2024-02-25T17:15:00Z,17.770574
2024-02-25T17:30:00Z,17.717776
2024-02-25T17:45:00Z,17.686205
2024-02-25T18:00:00Z,17.676000
2024-02-25T18:15:00Z,17.687205
2024-02-25T18:30:00Z,17.719776
2024-02-25T18:45:00Z,17.773574
2024-02-25T19:00:00Z,17.848371
2024-02-25T19:15:00Z,17.943849
2024-02-25T19:30:00Z,18.059602
2024-02-25T19:45:00Z,18.195136
2024-02-25T20:00:00Z,18.349873
2024-02-25T20:15:00Z,18.523152
2024-02-25T20:30:00Z,18.714233
2024-02-25T20:45:00Z,18.922301
2024-02-25T21:00:00Z,19.146466
2024-02-25T21:15:00Z,19.385771
2024-02-25T21:30:00Z,19.639193
2024-02-25T21:45:00Z,19.905649
2024-02-25T22:00:00Z,20.184000
2024-02-25T22:15:00Z,20.473057
2024-02-25T22:30:00Z,20.771583
2024-02-25T22:45:00Z,21.078303
2024-02-25T23:00:00Z,21.391905
2024-02-25T23:15:00Z,21.711048
2024-02-25T23:30:00Z,22.034369
2024-02-25T23:45:00Z,22.360484
2024-02-26T00:00:00Z,22.688000
2024-02-26T00:15:00Z,23.015516
2024-02-26T00:30:00Z,23.341631
2024-02-26T00:45:00Z,23.664952
2024-02-26T01:00:00Z,23.984095
2024-02-26T01:15:00Z,24.297697
2024-02-26T01:30:00Z,24.604417
2024-02-26T01:45:00Z,24.902943
2024-02-26T02:00:00Z,25.192000
2024-02-26T02:15:00Z,25.470351
2024-02-26T02:30:00Z,25.736807
2024-02-26T02:45:00Z,25.990229
2024-02-26T03:00:00Z,26.229534
2024-02-26T03:15:00Z,26.453699
2024-02-26T03:30:00Z,26.661767
2024-02-26T03:45:00Z,26.852848
2024-02-26T04:00:00Z,27.026127
2024-02-26T04:15:00Z,27.180864
2024-02-26T04:30:00Z,27.316398
2024-02-26T04:45:00Z,27.432151
2024-02-26T05:00:00Z,27.527629
2024-02-26T05:15:00Z,27.602426
2024-02-26T05:30:00Z,27.656224
2024-02-26T05:45:00Z,27.688795
2024-02-26T06:00:00Z,27.700000
2024-02-26T06:15:00Z,27.689795
2024-02-26T06:30:00Z,27.658224
2024-02-26T06:45:00Z,27.605426
2024-02-26T07:00:00Z,27.531629
2024-02-26T07:15:00Z,27.437151
2024-02-26T07:30:00Z,27.322398
2024-02-26T07:45:00Z,27.187864
2024-02-26T08:00:00Z,27.034127
2024-02-26T08:15:00Z,26.861848
2024-02-26T08:30:00Z,26.671767
2024-02-26T08:45:00Z,26.464699
2024-02-26T09:00:00Z,26.241534
2024-02-26T09:15:00Z,26.003229
2024-02-26T09:30:00Z,25.750807
2024-02-26T09:45:00Z,25.485351
2024-02-26T10:00:00Z,25.208000
2024-02-26T10:15:00Z,24.919943
2024-02-26T10:30:00Z,24.622417
2024-02-26T10:45:00Z,24.316697
2024-02-26T11:00:00Z,24.004095
2024-02-26T11:15:00Z,23.685952
2024-02-26T11:30:00Z,23.363631
2024-02-26T11:45:00Z,23.038516
2024-02-26T12:00:00Z,22.712000
2024-02-26T12:15:00Z,22.385484
2024-02-26T12:30:00Z,22.060369
2024-02-26T12:45:00Z,21.738048
2024-02-26T13:00:00Z,21.419905
2024-02-26T13:15:00Z,21.107303
2024-02-26T13:30:00Z,20.801583
2024-02-26T13:45:00Z,20.504057
2024-02-26T14:00:00Z,20.216000
2024-02-26T14:15:00Z,19.938649
2024-02-26T14:30:00Z,19.673193
2024-02-26T14:45:00Z,19.420771
2024-02-26T15:00:00Z,19.182466
2024-02-26T15:15:00Z,18.959301
2024-02-26T15:30:00Z,18.752233
2024-02-26T15:45:00Z,18.562152
2024-02-26T16:00:00Z,18.389873
2024-02-26T16:15:00Z,18.236136
2024-02-26T16:30:00Z,18.101602
2024-02-26T16:45:00Z,17.986849
2024-02-26T17:00:00Z,17.892371
2024-02-26T17:15:00Z,17.818574
2024-02-26T17:30:00Z,17.765776
2024-02-26T17:45:00Z,17.734205
2024-02-26T18:00:00Z,17.724000
2024-02-26T18:15:00Z,17.735205
2024-02-26T18:30:00Z,17.767776
2024-02-26T18:45:00Z,17.821574
2024-02-26T19:00:00Z,17.896371
2024-02-26T19:15:00Z,17.991849
2024-02-26T19:30:00Z,18.107602
2024-02-26T19:45:00Z,18.243136
2024-02-26T20:00:00Z,18.397873
2024-02-26T20:15:00Z,18.571152
2024-02-26T20:30:00Z,18.762233
2024-02-26T20:45:00Z,18.970301
2024-02-26T21:00:00Z,19.194466
2024-02-26T21:15:00Z,19.433771
2024-02-26T21:30:00Z,19.687193
2024-02-26T21:45:00Z,19.953649
2024-02-26T22:00:00Z,20.232000
2024-02-26T22:15:00Z,20.521057
2024-02-26T22:30:00Z,20.819583
2024-02-26T22:45:00Z,21.126303
2024-02-26T23:00:00Z,21.439905
2024-02-26T23:15:00Z,21.759048
2024-02-26T23:30:00Z,22.082369
2024-02-26T23:45:00Z,22.408484
2024-02-27T00:00:00Z,22.736000
2024-02-27T00:15:00Z,23.063516
2024-02-27T00:30:00Z,23.389631
2024-02-27T00:45:00Z,23.712952
2024-02-27T01:00:00Z,24.032095
2024-02-27T01:15:00Z,24.345697
2024-02-27T01:30:00Z,24.652417
2024-02-27T01:45:00Z,24.950943
2024-02-27T02:00:00Z,25.240000
2024-02-27T02:15:00Z,25.518351
2024-02-27T02:30:00Z,25.784807
2024-02-27T02:45:00Z,26.038229
2024-02-27T03:00:00Z,26.277534
2024-02-27T03:15:00Z,26.501699
2024-02-27T03:30:00Z,26.709767
2024-02-27T03:45:00Z,26.900848
2024-02-27T04:00:00Z,27.074127
2024-02-27T04:15:00Z,27.228864
2024-02-27T04:30:00Z,27.364398
2024-02-27T04:45:00Z,27.480151
2024-02-27T05:00:00Z,27.575629
2024-02-27T05:15:00Z,27.650426
2024-02-27T05:30:00Z,27.704224
2024-02-27T05:45:00Z,27.736795
2024-02-27T06:00:00Z,27.748000
2024-02-27T06:15:00Z,27.737795
2024-02-27T06:30:00Z,27.706224
2024-02-27T06:45:00Z,27.653426
2024-02-27T07:00:00Z,27.579629
2024-02-27T07:15:00Z,27.485151
2024-02-27T07:30:00Z,27.370398
2024-02-27T07:45:00Z,27.235864
2024-02-27T08:00:00Z,27.082127
2024-02-27T08:15:00Z,26.909848
2024-02-27T08:30:00Z,26.719767
2024-02-27T08:45:00Z,26.512699
2024-02-27T09:00:00Z,26.289534
2024-02-27T09:15:00Z,26.051229
2024-02-27T09:30:00Z,25.798807
2024-02-27T09:45:00Z,25.533351
2024-02-27T10:00:00Z,25.256000
2024-02-27T10:15:00Z,24.967943
2024-02-27T10:30:00Z,24.670417
2024-02-27T10:45:00Z,24.364697
2024-02-27T11:00:00Z,24.052095
2024-02-27T11:15:00Z,23.733952
2024-02-27T11:30:00Z,23.411631
2024-02-27T11:45:00Z,23.086516
2024-02-27T12:00:00Z,22.760000
2024-02-27T12:15:00Z,22.433484
2024-02-27T12:30:00Z,22.108369
2024-02-27T12:45:00Z,21.786048
2024-02-27T13:00:00Z,21.467905
2024-02-27T13:15:00Z,21.155303
2024-02-27T13:30:00Z,20.849583
2024-02-27T13:45:00Z,20.552057
2024-02-27T14:00:00Z,20.264000
2024-02-27T14:15:00Z,19.986649
2024-02-27T14:30:00Z,19.721193
2024-02-27T14:45:00Z,19.468771
2024-02-27T15:00:00Z,19.230466
2024-02-27T15:15:00Z,19.007301
2024-02-27T15:30:00Z,18.800233
2024-02-27T15:45:00Z,18.610152
2024-02-27T16:00:00Z,18.437873
2024-02-27T16:15:00Z,18.284136
2024-02-27T16:30:00Z,18.149602
2024-02-27T16:45:00Z,18.034849
2024-02-27T17:00:00Z,17.940371
2024-02-27T17:15:00Z,17.866574
2024-02-27T17:30:00Z,17.813776
2024-02-27T17:45:00Z,17.782205
2024-02-27T18:00:00Z,17.772000
2024-02-27T18:15:00Z,17.783205
2024-02-27T18:30:00Z,17.815776
2024-02-27T18:45:00Z,17.869574
2024-02-27T19:00:00Z,17.944371
2024-02-27T19:15:00Z,18.039849
2024-02-27T19:30:00Z,18.155602
2024-02-27T19:45:00Z,18.291136
2024-02-27T20:00:00Z,18.445873
2024-02-27T20:15:00Z,18.619152
2024-02-27T20:30:00Z,18.810233
2024-02-27T20:45:00Z,19.018301
2024-02-27T21:00:00Z,19.242466
2024-02-27T21:15:00Z,19.481771
2024-02-27T21:30:00Z,19.735193
2024-02-27T21:45:00Z,20.001649
2024-02-27T22:00:00Z,20.280000
2024-02-27T22:15:00Z,20.569057
2024-02-27T22:30:00Z,20.867583
2024-02-27T22:45:00Z,21.174303
2024-02-27T23:00:00Z,21.487905
2024-02-27T23:15:00Z,21.807048
2024-02-27T23:30:00Z,22.130369
2024-02-27T23:45:00Z,22.456484
2024-02-28T00:00:00Z,22.784000
2024-02-28T00:15:00Z,23.111516
2024-02-28T00:30:00Z,23.437631
2024-02-28T00:45:00Z,23.760952
2024-02-28T01:00:00Z,24.080095
2024-02-28T01:15:00Z,24.393697
2024-02-28T01:30:00Z,24.700417
2024-02-28T01:45:00Z,24.998943
2024-02-28T02:00:00Z,25.288000
2024-02-28T02:15:00Z,25.566351
2024-02-28T02:30:00Z,25.832807
2024-02-28T02:45:00Z,26.086229
2024-02-28T03:00:00Z,26.325534
2024-02-28T03:15:00Z,26.549699
2024-02-28T03:30:00Z,26.757767
2024-02-28T03:45:00Z,26.948848
2024-02-28T04:00:00Z,27.122127
2024-02-28T04:15:00Z,27.276864
2024-02-28T04:30:00Z,27.412398
2024-02-28T04:45:00Z,27.528151
2024-02-28T05:00:00Z,27.623629
2024-02-28T05:15:00Z,27.698426
2024-02-28T05:30:00Z,27.752224
2024-02-28T05:45:00Z,27.784795
2024-02-28T06:00:00Z,27.796000
2024-02-28T06:15:00Z,27.785795
2024-02-28T06:30:00Z,27.754224
2024-02-28T06:45:00Z,27.701426
2024-02-28T07:00:00Z,27.627629
2024-02-28T07:15:00Z,27.533151
2024-02-28T07:30:00Z,27.418398
2024-02-28T07:45:00Z,27.283864
2024-02-28T08:00:00Z,27.130127
2024-02-28T08:15:00Z,26.957848
2024-02-28T08:30:00Z,26.767767
2024-02-28T08:45:00Z,26.560699
2024-02-28T09:00:00Z,26.337534
2024-02-28T09:15:00Z,26.099229
2024-02-28T09:30:00Z,25.846807
2024-02-28T09:45:00Z,25.581351
2024-02-28T10:00:00Z,25.304000
2024-02-28T10:15:00Z,25.015943
2024-02-28T10:30:00Z,24.718417
2024-02-28T10:45:00Z,24.412697
2024-02-28T11:00:00Z,24.100095
2024-02-28T11:15:00Z,23.781952
2024-02-28T11:30:00Z,23.459631
2024-02-28T11:45:00Z,23.134516
2024-02-28T12:00:00Z,22.808000
2024-02-28T12:15:00Z,22.481484
2024-02-28T12:30:00Z,22.156369
2024-02-28T12:45:00Z,21.834048
2024-02-28T13:00:00Z,21.515905
2024-02-28T13:15:00Z,21.203303
2024-02-28T13:30:00Z,20.897583
2024-02-28T13:45:00Z,20.600057
2024-02-28T14:00:00Z,20.312000
2024-02-28T14:15:00Z,20.034649
2024-02-28T14:30:00Z,19.769193
2024-02-28T14:45:00Z,19.516771
2024-02-28T15:00:00Z,19.278466
2024-02-28T15:15:00Z,19.055301
2024-02-28T15:30:00Z,18.848233
2024-02-28T15:45:00Z,18.658152
2024-02-28T16:00:00Z,18.485873
2024-02-28T16:15:00Z,18.332136
2024-02-28T16:30:00Z,18.197602
2024-02-28T16:45:00Z,18.082849
2024-02-28T17:00:00Z,17.988371
2024-02-28T17:15:00Z,17.914574
2024-02-28T17:30:00Z,17.861776
2024-02-28T17:45:00Z,17.830205
2024-02-28T18:00:00Z,17.820000
2024-02-28T18:15:00Z,17.831205
2024-02-28T18:30:00Z,17.863776
2024-02-28T18:45:00Z,17.917574
2024-02-28T19:00:00Z,17.992371
2024-02-28T19:15:00Z,18.087849
2024-02-28T19:30:00Z,18.203602
2024-02-28T19:45:00Z,18.339136
2024-02-28T20:00:00Z,18.493873
2024-02-28T20:15:00Z,18.667152
2024-02-28T20:30:00Z,18.858233
2024-02-28T20:45:00Z,19.066301
2024-02-28T21:00:00Z,19.290466
2024-02-28T21:15:00Z,19.529771
2024-02-28T21:30:00Z,19.783193
2024-02-28T21:45:00Z,20.049649
2024-02-28T22:00:00Z,20.328000
2024-02-28T22:15:00Z,20.617057
2024-02-28T22:30:00Z,20.915583
2024-02-28T22:45:00Z,21.222303
2024-02-28T23:00:00Z,21.535905
2024-02-28T23:15:00Z,21.855048
2024-02-28T23:30:00Z,22.178369
2024-02-28T23:45:00Z,22.504484
2024-02-29T00:00:00Z,22.832000
2024-02-29T00:15:00Z,23.159516
2024-02-29T00:30:00Z,23.485631
2024-02-29T00:45:00Z,23.808952
2024-02-29T01:00:00Z,24.128095
2024-02-29T01:15:00Z,24.441697
2024-02-29T01:30:00Z,24.748417
2024-02-29T01:45:00Z,25.046943
2024-02-29T02:00:00Z,25.336000
2024-02-29T02:15:00Z,25.614351
2024-02-29T02:30:00Z,25.880807
2024-02-29T02:45:00Z,26.134229
2024-02-29T03:00:00Z,26.373534
2024-02-29T03:15:00Z,26.597699
2024-02-29T03:30:00Z,26.805767
2024-02-29T03:45:00Z,26.996848
2024-02-29T04:00:00Z,27.170127
2024-02-29T04:15:00Z,27.324864
2024-02-29T04:30:00Z,27.460398
2024-02-29T04:45:00Z,27.576151
2024-02-29T05:00:00Z,27.671629
2024-02-29T05:15:00Z,27.746426
2024-02-29T05:30:00Z,27.800224
2024-02-29T05:45:00Z,27.832795
2024-02-29T06:00:00Z,27.844000
2024-02-29T06:15:00Z,27.833795
2024-02-29T06:30:00Z,27.802224
2024-02-29T06:45:00Z,27.749426
2024-02-29T07:00:00Z,27.675629
2024-02-29T07:15:00Z,27.581151
2024-02-29T07:30:00Z,27.466398
2024-02-29T07:45:00Z,27.331864
2024-02-29T08:00:00Z,27.178127
2024-02-29T08:15:00Z,27.005848
2024-02-29T08:30:00Z,26.815767
2024-02-29T08:45:00Z,26.608699
2024-02-29T09:00:00Z,26.385534
2024-02-29T09:15:00Z,26.147229
2024-02-29T09:30:00Z,25.894807
2024-02-29T09:45:00Z,25.629351
2024-02-29T10:00:00Z,25.352000
2024-02-29T10:15:00Z,25.063943
2024-02-29T10:30:00Z,24.766417
2024-02-29T10:45:00Z,24.460697
2024-02-29T11:00:00Z,24.148095
2024-02-29T11:15:00Z,23.829952
2024-02-29T11:30:00Z,23.507631
2024-02-29T11:45:00Z,23.182516
2024-02-29T12:00:00Z,22.856000
2024-02-29T12:15:00Z,22.529484
2024-02-29T12:30:00Z,22.204369
2024-02-29T12:45:00Z,21.882048
2024-02-29T13:00:00Z,21.563905
2024-02-29T13:15:00Z,21.251303
2024-02-29T13:30:00Z,20.945583
2024-02-29T13:45:00Z,20.648057
2024-02-29T14:00:00Z,20.360000
2024-02-29T14:15:00Z,20.082649
2024-02-29T14:30:00Z,19.817193
2024-02-29T14:45:00Z,19.564771
2024-02-29T15:00:00Z,19.326466
2024-02-29T15:15:00Z,19.103301
2024-02-29T15:30:00Z,18.896233
2024-02-29T15:45:00Z,18.706152
2024-02-29T16:00:00Z,18.533873
2024-02-29T16:15:00Z,18.380136
2024-02-29T16:30:00Z,18.245602
2024-02-29T16:45:00Z,18.130849
2024-02-29T17:00:00Z,18.036371
2024-02-29T17:15:00Z,17.962574
2024-02-29T17:30:00Z,17.909776
2024-02-29T17:45:00Z,17.878205
2024-02-29T18:00:00Z,17.868000
2024-02-29T18:15:00Z,17.879205
2024-02-29T18:30:00Z,17.911776
2024-02-29T18:45:00Z,17.965574
2024-02-29T19:00:00Z,18.040371
2024-02-29T19:15:00Z,18.135849
2024-02-29T19:30:00Z,18.251602
2024-02-29T19:45:00Z,18.387136
2024-02-29T20:00:00Z,18.541873
2024-02-29T20:15:00Z,18.715152
2024-02-29T20:30:00Z,18.906233
2024-02-29T20:45:00Z,19.114301
2024-02-29T21:00:00Z,19.338466
2024-02-29T21:15:00Z,19.577771
2024-02-29T21:30:00Z,19.831193
2024-02-29T21:45:00Z,20.097649
2024-02-29T22:00:00Z,20.376000
2024-02-29T22:15:00Z,20.665057
2024-02-29T22:30:00Z,20.963583
2024-02-29T22:45:00Z,21.270303
2024-02-29T23:00:00Z,21.583905
2024-02-29T23:15:00Z,21.903048
2024-02-29T23:30:00Z,22.226369
2024-02-29T23:45:00Z,22.552484
2024-03-01T00:00:00Z,22.880000
2024-03-01T00:15:00Z,23.207516
2024-03-01T00:30:00Z,23.533631
2024-03-01T00:45:00Z,23.856952
2024-03-01T01:00:00Z,24.176095
2024-03-01T01:15:00Z,24.489697
2024-03-01T01:30:00Z,24.796417
2024-03-01T01:45:00Z,25.094943
2024-03-01T02:00:00Z,25.384000
2024-03-01T02:15:00Z,25.662351
2024-03-01T02:30:00Z,25.928807
2024-03-01T02:45:00Z,26.182229
2024-03-01T03:00:00Z,26.421534
2024-03-01T03:15:00Z,26.645699
2024-03-01T03:30:00Z,26.853767
2024-03-01T03:45:00Z,27.044848
2024-03-01T04:00:00Z,27.218127
2024-03-01T04:15:00Z,27.372864
2024-03-01T04:30:00Z,27.508398
2024-03-01T04:45:00Z,27.624151
2024-03-01T05:00:00Z,27.719629
2024-03-01T05:15:00Z,27.794426
2024-03-01T05:30:00Z,27.848224
2024-03-01T05:45:00Z,27.880795
2024-03-01T06:00:00Z,27.892000
2024-03-01T06:15:00Z,27.881795
2024-03-01T06:30:00Z,27.850224
2024-03-01T06:45:00Z,27.797426
2024-03-01T07:00:00Z,27.723629
2024-03-01T07:15:00Z,27.629151
2024-03-01T07:30:00Z,27.514398
2024-03-01T07:45:00Z,27.379864
2024-03-01T08:00:00Z,27.226127
2024-03-01T08:15:00Z,27.053848
2024-03-01T08:30:00Z,26.863767
2024-03-01T08:45:00Z,26.656699
2024-03-01T09:00:00Z,26.433534
2024-03-01T09:15:00Z,26.195229
2024-03-01T09:30:00Z,25.942807
2024-03-01T09:45:00Z,25.677351
2024-03-01T10:00:00Z,25.400000
2024-03-01T10:15:00Z,25.111943
2024-03-01T10:30:00Z,24.814417
2024-03-01T10:45:00Z,24.508697
2024-03-01T11:00:00Z,24.196095
2024-03-01T11:15:00Z,23.877952
2024-03-01T11:30:00Z,23.555631
2024-03-01T11:45:00Z,23.230516
2024-03-01T12:00:00Z,22.904000
2024-03-01T12:15:00Z,22.577484
2024-03-01T12:30:00Z,22.252369
2024-03-01T12:45:00Z,21.930048
2024-03-01T13:00:00Z,21.611905
2024-03-01T13:15:00Z,21.299303
2024-03-01T13:30:00Z,20.993583
2024-03-01T13:45:00Z,20.696057
2024-03-01T14:00:00Z,20.408000
2024-03-01T14:15:00Z,20.130649
2024-03-01T14:30:00Z,19.865193
2024-03-01T14:45:00Z,19.612771
2024-03-01T15:00:00Z,19.374466
2024-03-01T15:15:00Z,19.151301
2024-03-01T15:30:00Z,18.944233
2024-03-01T15:45:00Z,18.754152
2024-03-01T16:00:00Z,18.581873
2024-03-01T16:15:00Z,18.428136
2024-03-01T16:30:00Z,18.293602
2024-03-01T16:45:00Z,18.178849
2024-03-01T17:00:00Z,18.084371
2024-03-01T17:15:00Z,18.010574
2024-03-01T17:30:00Z,17.957776
2024-03-01T17:45:00Z,17.926205
2024-03-01T18:00:00Z,17.916000
2024-03-01T18:15:00Z,17.927205
2024-03-01T18:30:00Z,17.959776
2024-03-01T18:45:00Z,18.013574
2024-03-01T19:00:00Z,18.088371
2024-03-01T19:15:00Z,18.183849
2024-03-01T19:30:00Z,18.299602
2024-03-01T19:45:00Z,18.435136
2024-03-01T20:00:00Z,18.589873
2024-03-01T20:15:00Z,18.763152
2024-03-01T20:30:00Z,18.954233
2024-03-01T20:45:00Z,19.162301
2024-03-01T21:00:00Z,19.386466
2024-03-01T21:15:00Z,19.625771
2024-03-01T21:30:00Z,19.879193
2024-03-01T21:45:00Z,20.145649
2024-03-01T22:00:00Z,20.424000
2024-03-01T22:15:00Z,20.713057
2024-03-01T22:30:00Z,21.011583
2024-03-01T22:45:00Z,21.318303
2024-03-01T23:00:00Z,21.631905
2024-03-01T23:15:00Z,21.951048
2024-03-01T23:30:00Z,22.274369
2024-03-01T23:45:00Z,22.600484
2024-03-02T00:00:00Z,22.928000
2024-03-02T00:15:00Z,23.255516
2024-03-02T00:30:00Z,23.581631
2024-03-02T00:45:00Z,23.904952
2024-03-02T01:00:00Z,24.224095
2024-03-02T01:15:00Z,24.537697
2024-03-02T01:30:00Z,24.844417
2024-03-02T01:45:00Z,25.142943
2024-03-02T02:00:00Z,25.432000
2024-03-02T02:15:00Z,25.710351
2024-03-02T02:30:00Z,25.976807
2024-03-02T02:45:00Z,26.230229
2024-03-02T03:00:00Z,26.469534
2024-03-02T03:15:00Z,26.693699
2024-03-02T03:30:00Z,26.901767
2024-03-02T03:45:00Z,27.092848
2024-03-02T04:00:00Z,27.266127
2024-03-02T04:15:00Z,27.420864
2024-03-02T04:30:00Z,27.556398
2024-03-02T04:45:00Z,27.672151
2024-03-02T05:00:00Z,27.767629
2024-03-02T05:15:00Z,27.842426
2024-03-02T05:30:00Z,27.896224
2024-03-02T05:45:00Z,27.928795
2024-03-02T06:00:00Z,27.940000
2024-03-02T06:15:00Z,27.929795
2024-03-02T06:30:00Z,27.898224
2024-03-02T06:45:00Z,27.845426
2024-03-02T07:00:00Z,27.771629
2024-03-02T07:15:00Z,27.677151
2024-03-02T07:30:00Z,27.562398
2024-03-02T07:45:00Z,27.427864
2024-03-02T08:00:00Z,27.274127
2024-03-02T08:15:00Z,27.101848
2024-03-02T08:30:00Z,26.911767
2024-03-02T08:45:00Z,26.704699
2024-03-02T09:00:00Z,26.481534
2024-03-02T09:15:00Z,26.243229
2024-03-02T09:30:00Z,25.990807
2024-03-02T09:45:00Z,25.725351
2024-03-02T10:00:00Z,25.448000
2024-03-02T10:15:00Z,25.159943
2024-03-02T10:30:00Z,24.862417
2024-03-02T10:45:00Z,24.556697
2024-03-02T11:00:00Z,24.244095
2024-03-02T11:15:00Z,23.925952
2024-03-02T11:30:00Z,23.603631
2024-03-02T11:45:00Z,23.278516
2024-03-02T12:00:00Z,22.952000
2024-03-02T12:15:00Z,22.625484
2024-03-02T12:30:00Z,22.300369
2024-03-02T12:45:00Z,21.978048
2024-03-02T13:00:00Z,21.659905
2024-03-02T13:15:00Z,21.347303
2024-03-02T13:30:00Z,21.041583
2024-03-02T13:45:00Z,20.744057
2024-03-02T14:00:00Z,20.456000
2024-03-02T14:15:00Z,20.178649
2024-03-02T14:30:00Z,19.913193
2024-03-02T14:45:00Z,19.660771
2024-03-02T15:00:00Z,19.422466
2024-03-02T15:15:00Z,19.199301
2024-03-02T15:30:00Z,18.992233
2024-03-02T15:45:00Z,18.802152
2024-03-02T16:00:00Z,18.629873
2024-03-02T16:15:00Z,18.476136
2024-03-02T16:30:00Z,18.341602
2024-03-02T16:45:00Z,18.226849
2024-03-02T17:00:00Z,18.132371
2024-03-02T17:15:00Z,18.058574
2024-03-02T17:30:00Z,18.005776
2024-03-02T17:45:00Z,17.974205
2024-03-02T18:00:00Z,17.964000
2024-03-02T18:15:00Z,17.975205
2024-03-02T18:30:00Z,18.007776
2024-03-02T18:45:00Z,18.061574
2024-03-02T19:00:00Z,18.136371
2024-03-02T19:15:00Z,18.231849
2024-03-02T19:30:00Z,18.347602
2024-03-02T19:45:00Z,18.483136
2024-03-02T20:00:00Z,18.637873
2024-03-02T20:15:00Z,18.811152
2024-03-02T20:30:00Z,19.002233
2024-03-02T20:45:00Z,19.210301
2024-03-02T21:00:00Z,19.434466
2024-03-02T21:15:00Z,19.673771
2024-03-02T21:30:00Z,19.927193
2024-03-02T21:45:00Z,20.193649
2024-03-02T22:00:00Z,20.472000
2024-03-02T22:15:00Z,20.761057
2024-03-02T22:30:00Z,21.059583
2024-03-02T22:45:00Z,21.366303
2024-03-02T23:00:00Z,21.679905
2024-03-02T23:15:00Z,21.999048
2024-03-02T23:30:00Z,22.322369
2024-03-02T23:45:00Z,22.648484
2024-03-03T00:00:00Z,22.976000
2024-03-03T00:15:00Z,23.303516
2024-03-03T00:30:00Z,23.629631
2024-03-03T00:45:00Z,23.952952
2024-03-03T01:00:00Z,24.272095
2024-03-03T01:15:00Z,24.585697
2024-03-03T01:30:00Z,24.892417
2024-03-03T01:45:00Z,25.190943
2024-03-03T02:00:00Z,25.480000
2024-03-03T02:15:00Z,25.758351
2024-03-03T02:30:00Z,26.024807
2024-03-03T02:45:00Z,26.278229
2024-03-03T03:00:00Z,26.517534
2024-03-03T03:15:00Z,26.741699
2024-03-03T03:30:00Z,26.949767
2024-03-03T03:45:00Z,27.140848
2024-03-03T04:00:00Z,27.314127
2024-03-03T04:15:00Z,27.468864
2024-03-03T04:30:00Z,27.604398
2024-03-03T04:45:00Z,27.720151
2024-03-03T05:00:00Z,27.815629
2024-03-03T05:15:00Z,27.890426
2024-03-03T05:30:00Z,27.944224
2024-03-03T05:45:00Z,27.976795
2024-03-03T06:00:00Z,27.988000
2024-03-03T06:15:00Z,27.977795
2024-03-03T06:30:00Z,27.946224
2024-03-03T06:45:00Z,27.893426
2024-03-03T07:00:00Z,27.819629
2024-03-03T07:15:00Z,27.725151
2024-03-03T07:30:00Z,27.610398
2024-03-03T07:45:00Z,27.475864
2024-03-03T08:00:00Z,27.322127
2024-03-03T08:15:00Z,27.149848
2024-03-03T08:30:00Z,26.959767
2024-03-03T08:45:00Z,26.752699
2024-03-03T09:00:00Z,26.529534
2024-03-03T09:15:00Z,26.291229
2024-03-03T09:30:00Z,26.038807
2024-03-03T09:45:00Z,25.773351
2024-03-03T10:00:00Z,25.496000
2024-03-03T10:15:00Z,25.207943
2024-03-03T10:30:00Z,24.910417
2024-03-03T10:45:00Z,24.604697
2024-03-03T11:00:00Z,24.292095
2024-03-03T11:15:00Z,23.973952
2024-03-03T11:30:00Z,23.651631
2024-03-03T11:45:00Z,23.326516
2024-03-03T12:00:00Z,23.000000
2024-03-03T12:15:00Z,22.673484
2024-03-03T12:30:00Z,22.348369
2024-03-03T12:45:00Z,22.026048
2024-03-03T13:00:00Z,21.707905
2024-03-03T13:15:00Z,21.395303
2024-03-03T13:30:00Z,21.089583
2024-03-03T13:45:00Z,20.792057
2024-03-03T14:00:00Z,20.504000
2024-03-03T14:15:00Z,20.226649
2024-03-03T14:30:00Z,19.961193
2024-03-03T14:45:00Z,19.708771
2024-03-03T15:00:00Z,19.470466
2024-03-03T15:15:00Z,19.247301
2024-03-03T15:30:00Z,19.040233
2024-03-03T15:45:00Z,18.850152
2024-03-03T16:00:00Z,18.677873
2024-03-03T16:15:00Z,18.524136
2024-03-03T16:30:00Z,18.389602
2024-03-03T16:45:00Z,18.274849
2024-03-03T17:00:00Z,18.180371
2024-03-03T17:15:00Z,18.106574
2024-03-03T17:30:00Z,18.053776
2024-03-03T17:45:00Z,18.022205
2024-03-03T18:00:00Z,18.012000
2024-03-03T18:15:00Z,18.023205
2024-03-03T18:30:00Z,18.055776
2024-03-03T18:45:00Z,18.109574
2024-03-03T19:00:00Z,18.184371
2024-03-03T19:15:00Z,18.279849
2024-03-03T19:30:00Z,18.395602
2024-03-03T19:45:00Z,18.531136
2024-03-03T20:00:00Z,18.685873
2024-03-03T20:15:00Z,18.859152
2024-03-03T20:30:00Z,19.050233
2024-03-03T20:45:00Z,19.258301
2024-03-03T21:00:00Z,19.482466
2024-03-03T21:15:00Z,19.721771
2024-03-03T21:30:00Z,19.975193
2024-03-03T21:45:00Z,20.241649
2024-03-03T22:00:00Z,20.520000
2024-03-03T22:15:00Z,20.809057
2024-03-03T22:30:00Z,21.107583
2024-03-03T22:45:00Z,21.414303
2024-03-03T23:00:00Z,21.727905
2024-03-03T23:15:00Z,22.047048
2024-03-03T23:30:00Z,22.370369
2024-03-03T23:45:00Z,22.696484
2024-03-04T00:00:00Z,23.024000
2024-03-04T00:15:00Z,23.351516
2024-03-04T00:30:00Z,23.677631
2024-03-04T00:45:00Z,24.000952
2024-03-04T01:00:00Z,24.320095
2024-03-04T01:15:00Z,24.633697
2024-03-04T01:30:00Z,24.940417
2024-03-04T01:45:00Z,25.238943
2024-03-04T02:00:00Z,25.528000
2024-03-04T02:15:00Z,25.806351
2024-03-04T02:30:00Z,26.072807
2024-03-04T02:45:00Z,26.326229
2024-03-04T03:00:00Z,26.565534
2024-03-04T03:15:00Z,26.789699
2024-03-04T03:30:00Z,26.997767
2024-03-04T03:45:00Z,27.188848
2024-03-04T04:00:00Z,27.362127
2024-03-04T04:15:00Z,27.516864
2024-03-04T04:30:00Z,27.652398
2024-03-04T04:45:00Z,27.768151
2024-03-04T05:00:00Z,27.863629
2024-03-04T05:15:00Z,27.938426
2024-03-04T05:30:00Z,27.992224
2024-03-04T05:45:00Z,28.024795
2024-03-04T06:00:00Z,28.036000
2024-03-04T06:15:00Z,28.025795
2024-03-04T06:30:00Z,27.994224
2024-03-04T06:45:00Z,27.941426
2024-03-04T07:00:00Z,27.867629
2024-03-04T07:15:00Z,27.773151
2024-03-04T07:30:00Z,27.658398
2024-03-04T07:45:00Z,27.523864
2024-03-04T08:00:00Z,27.370127
2024-03-04T08:15:00Z,27.197848
2024-03-04T08:30:00Z,27.007767
2024-03-04T08:45:00Z,26.800699
2024-03-04T09:00:00Z,26.577534
2024-03-04T09:15:00Z,26.339229
2024-03-04T09:30:00Z,26.086807
2024-03-04T09:45:00Z,25.821351
2024-03-04T10:00:00Z,25.544000
2024-03-04T10:15:00Z,25.255943
2024-03-04T10:30:00Z,24.958417
2024-03-04T10:45:00Z,24.652697
2024-03-04T11:00:00Z,24.340095
2024-03-04T11:15:00Z,24.021952
2024-03-04T11:30:00Z,23.699631
2024-03-04T11:45:00Z,23.374516
2024-03-04T12:00:00Z,23.048000
2024-03-04T12:15:00Z,22.721484
2024-03-04T12:30:00Z,22.396369
2024-03-04T12:45:00Z,22.074048
2024-03-04T13:00:00Z,21.755905
2024-03-04T13:15:00Z,21.443303
2024-03-04T13:30:00Z,21.137583
2024-03-04T13:45:00Z,20.840057
2024-03-04T14:00:00Z,20.552000
2024-03-04T14:15:00Z,20.274649
2024-03-04T14:30:00Z,20.009193
2024-03-04T14:45:00Z,19.756771
2024-03-04T15:00:00Z,19.518466
2024-03-04T15:15:00Z,19.295301
2024-03-04T15:30:00Z,19.088233
2024-03-04T15:45:00Z,18.898152
2024-03-04T16:00:00Z,18.725873
2024-03-04T16:15:00Z,18.572136
2024-03-04T16:30:00Z,18.437602
2024-03-04T16:45:00Z,18.322849
2024-03-04T17:00:00Z,18.228371
2024-03-04T17:15:00Z,18.154574
2024-03-04T17:30:00Z,18.101776
2024-03-04T17:45:00Z,18.070205
2024-03-04T18:00:00Z,18.060000
2024-03-04T18:15:00Z,18.071205
2024-03-04T18:30:00Z,18.103776
2024-03-04T18:45:00Z,18.157574
2024-03-04T19:00:00Z,18.232371
2024-03-04T19:15:00Z,18.327849
2024-03-04T19:30:00Z,18.443602
2024-03-04T19:45:00Z,18.579136
2024-03-04T20:00:00Z,18.733873
2024-03-04T20:15:00Z,18.907152
2024-03-04T20:30:00Z,19.098233
2024-03-04T20:45:00Z,19.306301
2024-03-04T21:00:00Z,19.530466
2024-03-04T21:15:00Z,19.769771
2024-03-04T21:30:00Z,20.023193
2024-03-04T21:45:00Z,20.289649
2024-03-04T22:00:00Z,20.568000
2024-03-04T22:15:00Z,20.857057
2024-03-04T22:30:00Z,21.155583
2024-03-04T22:45:00Z,21.462303
2024-03-04T23:00:00Z,21.775905
2024-03-04T23:15:00Z,22.095048
2024-03-04T23:30:00Z,22.418369
2024-03-04T23:45:00Z,22.744484
2024-03-05T00:00:00Z,23.072000
2024-03-05T00:15:00Z,23.399516
2024-03-05T00:30:00Z,23.725631
2024-03-05T00:45:00Z,24.048952
2024-03-05T01:00:00Z,24.368095
2024-03-05T01:15:00Z,24.681697
2024-03-05T01:30:00Z,24.988417
2024-03-05T01:45:00Z,25.286943
2024-03-05T02:00:00Z,25.576000
2024-03-05T02:15:00Z,25.854351
2024-03-05T02:30:00Z,26.120807
2024-03-05T02:45:00Z,26.374229
2024-03-05T03:00:00Z,26.613534
2024-03-05T03:15:00Z,26.837699
2024-03-05T03:30:00Z,27.045767
2024-03-05T03:45:00Z,27.236848
2024-03-05T04:00:00Z,27.410127
2024-03-05T04:15:00Z,27.564864
2024-03-05T04:30:00Z,27.700398
2024-03-05T04:45:00Z,27.816151
2024-03-05T05:00:00Z,27.911629
2024-03-05T05:15:00Z,27.986426
2024-03-05T05:30:00Z,28.040224
2024-03-05T05:45:00Z,28.072795
2024-03-05T06:00:00Z,28.084000
2024-03-05T06:15:00Z,28.073795
2024-03-05T06:30:00Z,28.042224
2024-03-05T06:45:00Z,27.989426
2024-03-05T07:00:00Z,27.915629
2024-03-05T07:15:00Z,27.821151
2024-03-05T07:30:00Z,27.706398
2024-03-05T07:45:00Z,27.571864
2024-03-05T08:00:00Z,27.418127
2024-03-05T08:15:00Z,27.245848
2024-03-05T08:30:00Z,27.055767
2024-03-05T08:45:00Z,26.848699
2024-03-05T09:00:00Z,26.625534
2024-03-05T09:15:00Z,26.387229
2024-03-05T09:30:00Z,26.134807
2024-03-05T09:45:00Z,25.869351
2024-03-05T10:00:00Z,25.592000
2024-03-05T10:15:00Z,25.303943
2024-03-05T10:30:00Z,25.006417
2024-03-05T10:45:00Z,24.700697
2024-03-05T11:00:00Z,24.388095
2024-03-05T11:15:00Z,24.069952
2024-03-05T11:30:00Z,23.747631
2024-03-05T11:45:00Z,23.422516
2024-03-05T12:00:00Z,23.096000
2024-03-05T12:15:00Z,22.769484
2024-03-05T12:30:00Z,22.444369
2024-03-05T12:45:00Z,22.122048
2024-03-05T13:00:00Z,21.803905
2024-03-05T13:15:00Z,21.491303
2024-03-05T13:30:00Z,21.185583
2024-03-05T13:45:00Z,20.888057
2024-03-05T14:00:00Z,20.600000
2024-03-05T14:15:00Z,20.322649
2024-03-05T14:30:00Z,20.057193
2024-03-05T14:45:00Z,19.804771
2024-03-05T15:00:00Z,19.566466
2024-03-05T15:15:00Z,19.343301
2024-03-05T15:30:00Z,19.136233
2024-03-05T15:45:00Z,18.946152
2024-03-05T16:00:00Z,18.773873
2024-03-05T16:15:00Z,18.620136
2024-03-05T16:30:00Z,18.485602
2024-03-05T16:45:00Z,18.370849
2024-03-05T17:00:00Z,18.276371
2024-03-05T17:15:00Z,18.202574
2024-03-05T17:30:00Z,18.149776
2024-03-05T17:45:00Z,18.118205
2024-03-05T18:00:00Z,18.108000
2024-03-05T18:15:00Z,18.119205
2024-03-05T18:30:00Z,18.151776
2024-03-05T18:45:00Z,18.205574
2024-03-05T19:00:00Z,18.280371
2024-03-05T19:15:00Z,18.375849
2024-03-05T19:30:00Z,18.491602
2024-03-05T19:45:00Z,18.627136
2024-03-05T20:00:00Z,18.781873
2024-03-05T20:15:00Z,18.955152
2024-03-05T20:30:00Z,19.146233
2024-03-05T20:45:00Z,19.354301
2024-03-05T21:00:00Z,19.578466
2024-03-05T21:15:00Z,19.817771
2024-03-05T21:30:00Z,20.071193
2024-03-05T21:45:00Z,20.337649
2024-03-05T22:00:00Z,20.616000
2024-03-05T22:15:00Z,20.905057
2024-03-05T22:30:00Z,21.203583
2024-03-05T22:45:00Z,21.510303
2024-03-05T23:00:00Z,21.823905
2024-03-05T23:15:00Z,22.143048
2024-03-05T23:30:00Z,22.466369
2024-03-05T23:45:00Z,22.792484
2024-03-06T00:00:00Z,23.120000
2024-03-06T00:15:00Z,23.447516
2024-03-06T00:30:00Z,23.773631
2024-03-06T00:45:00Z,24.096952
2024-03-06T01:00:00Z,24.416095
2024-03-06T01:15:00Z,24.729697
2024-03-06T01:30:00Z,25.036417
2024-03-06T01:45:00Z,25.334943
2024-03-06T02:00:00Z,25.624000
2024-03-06T02:15:00Z,25.902351
2024-03-06T02:30:00Z,26.168807
2024-03-06T02:45:00Z,26.422229
2024-03-06T03:00:00Z,26.661534
2024-03-06T03:15:00Z,26.885699
2024-03-06T03:30:00Z,27.093767
2024-03-06T03:45:00Z,27.284848
2024-03-06T04:00:00Z,27.458127
2024-03-06T04:15:00Z,27.612864
2024-03-06T04:30:00Z,27.748398
2024-03-06T04:45:00Z,27.864151
2024-03-06T05:00:00Z,27.959629
2024-03-06T05:15:00Z,28.034426
2024-03-06T05:30:00Z,28.088224
2024-03-06T05:45:00Z,28.120795
2024-03-06T06:00:00Z,28.132000
2024-03-06T06:15:00Z,28.121795
2024-03-06T06:30:00Z,28.090224
2024-03-06T06:45:00Z,28.037426
2024-03-06T07:00:00Z,27.963629
2024-03-06T07:15:00Z,27.869151
2024-03-06T07:30:00Z,27.754398
2024-03-06T07:45:00Z,27.619864
2024-03-06T08:00:00Z,27.466127
2024-03-06T08:15:00Z,27.293848
2024-03-06T08:30:00Z,27.103767
2024-03-06T08:45:00Z,26.896699
2024-03-06T09:00:00Z,26.673534
2024-03-06T09:15:00Z,26.435229
2024-03-06T09:30:00Z,26.182807
2024-03-06T09:45:00Z,25.917351
2024-03-06T10:00:00Z,25.640000
2024-03-06T10:15:00Z,25.351943
2024-03-06T10:30:00Z,25.054417
2024-03-06T10:45:00Z,24.748697
2024-03-06T11:00:00Z,24.436095
2024-03-06T11:15:00Z,24.117952
2024-03-06T11:30:00Z,23.795631
2024-03-06T11:45:00Z,23.470516
2024-03-06T12:00:00Z,23.144000
2024-03-06T12:15:00Z,22.817484
2024-03-06T12:30:00Z,22.492369
2024-03-06T12:45:00Z,22.170048
2024-03-06T13:00:00Z,21.851905
2024-03-06T13:15:00Z,21.539303
2024-03-06T13:30:00Z,21.233583
2024-03-06T13:45:00Z,20.936057
2024-03-06T14:00:00Z,20.648000
2024-03-06T14:15:00Z,20.370649
2024-03-06T14:30:00Z,20.105193
2024-03-06T14:45:00Z,19.852771
2024-03-06T15:00:00Z,19.614466
2024-03-06T15:15:00Z,19.391301
2024-03-06T15:30:00Z,19.184233
2024-03-06T15:45:00Z,18.994152
2024-03-06T16:00:00Z,18.821873
2024-03-06T16:15:00Z,18.668136
2024-03-06T16:30:00Z,18.533602
2024-03-06T16:45:00Z,18.418849
2024-03-06T17:00:00Z,18.324371
2024-03-06T17:15:00Z,18.250574
2024-03-06T17:30:00Z,18.197776
2024-03-06T17:45:00Z,18.166205
2024-03-06T18:00:00Z,18.156000
2024-03-06T18:15:00Z,18.167205
2024-03-06T18:30:00Z,18.199776
2024-03-06T18:45:00Z,18.253574
2024-03-06T19:00:00Z,18.328371
2024-03-06T19:15:00Z,18.423849
2024-03-06T19:30:00Z,18.539602
2024-03-06T19:45:00Z,18.675136
2024-03-06T20:00:00Z,18.829873
2024-03-06T20:15:00Z,19.003152
2024-03-06T20:30:00Z,19.194233
2024-03-06T20:45:00Z,19.402301
2024-03-06T21:00:00Z,19.626466
2024-03-06T21:15:00Z,19.865771
2024-03-06T21:30:00Z,20.119193
2024-03-06T21:45:00Z,20.385649
2024-03-06T22:00:00Z,20.664000
2024-03-06T22:15:00Z,20.953057
2024-03-06T22:30:00Z,21.251583
2024-03-06T22:45:00Z,21.558303
2024-03-06T23:00:00Z,21.871905
2024-03-06T23:15:00Z,22.191048
2024-03-06T23:30:00Z,22.514369
2024-03-06T23:45:00Z,22.840484
2024-03-07T00:00:00Z,23.168000
2024-03-07T00:15:00Z,23.495516
2024-03-07T00:30:00Z,23.821631
2024-03-07T00:45:00Z,24.144952
2024-03-07T01:00:00Z,24.464095
2024-03-07T01:15:00Z,24.777697
2024-03-07T01:30:00Z,25.084417
2024-03-07T01:45:00Z,25.382943
2024-03-07T02:00:00Z,25.672000
2024-03-07T02:15:00Z,25.950351
2024-03-07T02:30:00Z,26.216807
2024-03-07T02:45:00Z,26.470229
2024-03-07T03:00:00Z,26.709534
2024-03-07T03:15:00Z,26.933699
2024-03-07T03:30:00Z,27.141767
2024-03-07T03:45:00Z,27.332848
2024-03-07T04:00:00Z,27.506127
2024-03-07T04:15:00Z,27.660864
2024-03-07T04:30:00Z,27.796398
2024-03-07T04:45:00Z,27.912151
2024-03-07T05:00:00Z,28.007629
2024-03-07T05:15:00Z,28.082426
2024-03-07T05:30:00Z,28.136224
2024-03-07T05:45:00Z,28.168795
2024-03-07T06:00:00Z,28.180000
2024-03-07T06:15:00Z,28.169795
2024-03-07T06:30:00Z,28.138224
2024-03-07T06:45:00Z,28.085426
2024-03-07T07:00:00Z,28.011629
2024-03-07T07:15:00Z,27.917151
2024-03-07T07:30:00Z,27.802398
2024-03-07T07:45:00Z,27.667864
2024-03-07T08:00:00Z,27.514127
2024-03-07T08:15:00Z,27.341848
2024-03-07T08:30:00Z,27.151767
2024-03-07T08:45:00Z,26.944699
2024-03-07T09:00:00Z,26.721534
2024-03-07T09:15:00Z,26.483229
2024-03-07T09:30:00Z,26.230807
2024-03-07T09:45:00Z,25.965351
2024-03-07T10:00:00Z,25.688000
2024-03-07T10:15:00Z,25.399943
2024-03-07T10:30:00Z,25.102417
2024-03-07T10:45:00Z,24.796697
2024-03-07T11:00:00Z,24.484095
2024-03-07T11:15:00Z,24.165952
2024-03-07T11:30:00Z,23.843631
2024-03-07T11:45:00Z,23.518516
2024-03-07T12:00:00Z,23.192000
2024-03-07T12:15:00Z,22.865484
2024-03-07T12:30:00Z,22.540369
2024-03-07T12:45:00Z,22.218048
2024-03-07T13:00:00Z,21.899905
2024-03-07T13:15:00Z,21.587303
2024-03-07T13:30:00Z,21.281583
2024-03-07T13:45:00Z,20.984057
2024-03-07T14:00:00Z,20.696000
2024-03-07T14:15:00Z,20.418649
2024-03-07T14:30:00Z,20.153193
2024-03-07T14:45:00Z,19.900771
2024-03-07T15:00:00Z,19.662466
2024-03-07T15:15:00Z,19.439301
2024-03-07T15:30:00Z,19.232233
2024-03-07T15:45:00Z,19.042152
2024-03-07T16:00:00Z,18.869873
2024-03-07T16:15:00Z,18.716136
2024-03-07T16:30:00Z,18.581602
2024-03-07T16:45:00Z,18.466849
2024-03-07T17:00:00Z,18.372371
2024-03-07T17:15:00Z,18.298574
2024-03-07T17:30:00Z,18.245776
2024-03-07T17:45:00Z,18.214205
2024-03-07T18:00:00Z,18.204000
2024-03-07T18:15:00Z,18.215205
2024-03-07T18:30:00Z,18.247776
2024-03-07T18:45:00Z,18.301574
2024-03-07T19:00:00Z,18.376371
2024-03-07T19:15:00Z,18.471849
2024-03-07T19:30:00Z,18.587602
2024-03-07T19:45:00Z,18.723136
2024-03-07T20:00:00Z,18.877873
2024-03-07T20:15:00Z,19.051152
2024-03-07T20:30:00Z,19.242233
2024-03-07T20:45:00Z,19.450301
2024-03-07T21:00:00Z,19.674466
2024-03-07T21:15:00Z,19.913771
2024-03-07T21:30:00Z,20.167193
2024-03-07T21:45:00Z,20.433649
2024-03-07T22:00:00Z,20.712000
2024-03-07T22:15:00Z,21.001057
2024-03-07T22:30:00Z,21.299583
2024-03-07T22:45:00Z,21.606303
2024-03-07T23:00:00Z,21.919905
2024-03-07T23:15:00Z,22.239048
2024-03-07T23:30:00Z,22.562369
2024-03-07T23:45:00Z,22.888484
2024-03-08T00:00:00Z,23.216000
2024-03-08T00:15:00Z,23.543516
2024-03-08T00:30:00Z,23.869631
2024-03-08T00:45:00Z,24.192952
2024-03-08T01:00:00Z,24.512095
2024-03-08T01:15:00Z,24.825697
2024-03-08T01:30:00Z,25.132417
2024-03-08T01:45:00Z,25.430943
2024-03-08T02:00:00Z,25.720000
2024-03-08T02:15:00Z,25.998351
2024-03-08T02:30:00Z,26.264807
2024-03-08T02:45:00Z,26.518229
2024-03-08T03:00:00Z,26.757534
2024-03-08T03:15:00Z,26.981699
2024-03-08T03:30:00Z,27.189767
2024-03-08T03:45:00Z,27.380848
2024-03-08T04:00:00Z,27.554127
2024-03-08T04:15:00Z,27.708864
2024-03-08T04:30:00Z,27.844398
2024-03-08T04:45:00Z,27.960151
2024-03-08T05:00:00Z,28.055629
2024-03-08T05:15:00Z,28.130426
2024-03-08T05:30:00Z,28.184224
2024-03-08T05:45:00Z,28.216795
2024-03-08T06:00:00Z,28.228000
2024-03-08T06:15:00Z,28.217795
2024-03-08T06:30:00Z,28.186224
2024-03-08T06:45:00Z,28.133426
2024-03-08T07:00:00Z,28.059629
2024-03-08T07:15:00Z,27.965151
2024-03-08T07:30:00Z,27.850398
2024-03-08T07:45:00Z,27.715864
2024-03-08T08:00:00Z,27.562127
2024-03-08T08:15:00Z,27.389848
2024-03-08T08:30:00Z,27.199767
2024-03-08T08:45:00Z,26.992699
2024-03-08T09:00:00Z,26.769534
2024-03-08T09:15:00Z,26.531229
2024-03-08T09:30:00Z,26.278807
2024-03-08T09:45:00Z,26.013351
2024-03-08T10:00:00Z,25.736000
2024-03-08T10:15:00Z,25.447943
2024-03-08T10:30:00Z,25.150417
2024-03-08T10:45:00Z,24.844697
2024-03-08T11:00:00Z,24.532095
2024-03-08T11:15:00Z,24.213952
2024-03-08T11:30:00Z,23.891631
2024-03-08T11:45:00Z,23.566516
2024-03-08T12:00:00Z,23.240000
2024-03-08T12:15:00Z,22.913484
2024-03-08T12:30:00Z,22.588369
2024-03-08T12:45:00Z,22.266048
2024-03-08T13:00:00Z,21.947905
2024-03-08T13:15:00Z,21.635303
2024-03-08T13:30:00Z,21.329583
2024-03-08T13:45:00Z,21.032057
2024-03-08T14:00:00Z,20.744000
2024-03-08T14:15:00Z,20.466649
2024-03-08T14:30:00Z,20.201193
2024-03-08T14:45:00Z,19.948771
2024-03-08T15:00:00Z,19.710466
2024-03-08T15:15:00Z,19.487301
2024-03-08T15:30:00Z,19.280233
2024-03-08T15:45:00Z,19.090152
2024-03-08T16:00:00Z,18.917873
2024-03-08T16:15:00Z,18.764136
2024-03-08T16:30:00Z,18.629602
2024-03-08T16:45:00Z,18.514849
2024-03-08T17:00:00Z,18.420371
2024-03-08T17:15:00Z,18.346574
2024-03-08T17:30:00Z,18.293776
2024-03-08T17:45:00Z,18.262205
2024-03-08T18:00:00Z,18.252000
2024-03-08T18:15:00Z,18.263205
2024-03-08T18:30:00Z,18.295776
2024-03-08T18:45:00Z,18.349574
2024-03-08T19:00:00Z,18.424371
2024-03-08T19:15:00Z,18.519849
2024-03-08T19:30:00Z,18.635602
2024-03-08T19:45:00Z,18.771136
2024-03-08T20:00:00Z,18.925873
2024-03-08T20:15:00Z,19.099152
2024-03-08T20:30:00Z,19.290233
2024-03-08T20:45:00Z,19.498301
2024-03-08T21:00:00Z,19.722466
2024-03-08T21:15:00Z,19.961771
2024-03-08T21:30:00Z,20.215193
2024-03-08T21:45:00Z,20.481649
2024-03-08T22:00:00Z,20.760000
2024-03-08T22:15:00Z,21.049057
2024-03-08T22:30:00Z,21.347583
2024-03-08T22:45:00Z,21.654303
2024-03-08T23:00:00Z,21.967905
2024-03-08T23:15:00Z,22.287048
2024-03-08T23:30:00Z,22.610369
2024-03-08T23:45:00Z,22.936484
2024-03-09T00:00:00Z,23.264000
2024-03-09T00:15:00Z,23.591516
2024-03-09T00:30:00Z,23.917631
2024-03-09T00:45:00Z,24.240952
2024-03-09T01:00:00Z,24.560095
2024-03-09T01:15:00Z,24.873697
2024-03-09T01:30:00Z,25.180417
2024-03-09T01:45:00Z,25.478943
2024-03-09T02:00:00Z,25.768000
2024-03-09T02:15:00Z,26.046351
2024-03-09T02:30:00Z,26.312807
2024-03-09T02:45:00Z,26.566229
2024-03-09T03:00:00Z,26.805534
2024-03-09T03:15:00Z,27.029699
2024-03-09T03:30:00Z,27.237767
2024-03-09T03:45:00Z,27.428848
2024-03-09T04:00:00Z,27.602127
2024-03-09T04:15:00Z,27.756864
2024-03-09T04:30:00Z,27.892398
2024-03-09T04:45:00Z,28.008151
2024-03-09T05:00:00Z,28.103629
2024-03-09T05:15:00Z,28.178426
2024-03-09T05:30:00Z,28.232224
2024-03-09T05:45:00Z,28.264795
2024-03-09T06:00:00Z,28.276000
2024-03-09T06:15:00Z,28.265795
2024-03-09T06:30:00Z,28.234224
2024-03-09T06:45:00Z,28.181426
2024-03-09T07:00:00Z,28.107629
2024-03-09T07:15:00Z,28.013151
2024-03-09T07:30:00Z,27.898398
2024-03-09T07:45:00Z,27.763864
2024-03-09T08:00:00Z,27.610127
2024-03-09T08:15:00Z,27.437848
2024-03-09T08:30:00Z,27.247767
2024-03-09T08:45:00Z,27.040699
2024-03-09T09:00:00Z,26.817534
2024-03-09T09:15:00Z,26.579229
2024-03-09T09:30:00Z,26.326807
2024-03-09T09:45:00Z,26.061351
2024-03-09T10:00:00Z,25.784000
2024-03-09T10:15:00Z,25.495943
2024-03-09T10:30:00Z,25.198417
2024-03-09T10:45:00Z,24.892697
2024-03-09T11:00:00Z,24.580095
2024-03-09T11:15:00Z,24.261952
2024-03-09T11:30:00Z,23.939631
2024-03-09T11:45:00Z,23.614516
2024-03-09T12:00:00Z,23.288000
2024-03-09T12:15:00Z,22.961484
2024-03-09T12:30:00Z,22.636369
2024-03-09T12:45:00Z,22.314048
2024-03-09T13:00:00Z,21.995905
2024-03-09T13:15:00Z,21.683303
2024-03-09T13:30:00Z,21.377583
2024-03-09T13:45:00Z,21.080057
2024-03-09T14:00:00Z,20.792000
2024-03-09T14:15:00Z,20.514649
2024-03-09T14:30:00Z,20.249193
2024-03-09T14:45:00Z,19.996771
2024-03-09T15:00:00Z,19.758466
2024-03-09T15:15:00Z,19.535301
2024-03-09T15:30:00Z,19.328233
2024-03-09T15:45:00Z,19.138152
2024-03-09T16:00:00Z,18.965873
2024-03-09T16:15:00Z,18.812136
2024-03-09T16:30:00Z,18.677602
2024-03-09T16:45:00Z,18.562849
2024-03-09T17:00:00Z,18.468371
2024-03-09T17:15:00Z,18.394574
2024-03-09T17:30:00Z,18.341776
2024-03-09T17:45:00Z,18.310205
2024-03-09T18:00:00Z,18.300000
2024-03-09T18:15:00Z,18.311205
2024-03-09T18:30:00Z,18.343776
2024-03-09T18:45:00Z,18.397574
2024-03-09T19:00:00Z,18.472371
2024-03-09T19:15:00Z,18.567849
2024-03-09T19:30:00Z,18.683602
2024-03-09T19:45:00Z,18.819136
2024-03-09T20:00:00Z,18.973873
2024-03-09T20:15:00Z,19.147152
2024-03-09T20:30:00Z,19.338233
2024-03-09T20:45:00Z,19.546301
2024-03-09T21:00:00Z,19.770466
2024-03-09T21:15:00Z,20.009771
2024-03-09T21:30:00Z,20.263193
2024-03-09T21:45:00Z,20.529649
2024-03-09T22:00:00Z,20.808000
2024-03-09T22:15:00Z,21.097057
2024-03-09T22:30:00Z,21.395583
2024-03-09T22:45:00Z,21.702303
2024-03-09T23:00:00Z,22.015905
2024-03-09T23:15:00Z,22.335048
2024-03-09T23:30:00Z,22.658369
2024-03-09T23:45:00Z,22.984484
2024-03-10T00:00:00Z,23.312000
2024-03-10T00:15:00Z,23.639516
2024-03-10T00:30:00Z,23.965631
2024-03-10T00:45:00Z,24.288952
2024-03-10T01:00:00Z,24.608095
2024-03-10T01:15:00Z,24.921697
2024-03-10T01:30:00Z,25.228417
2024-03-10T01:45:00Z,25.526943
2024-03-10T02:00:00Z,25.816000
2024-03-10T02:15:00Z,26.094351
2024-03-10T02:30:00Z,26.360807
2024-03-10T02:45:00Z,26.614229
2024-03-10T03:00:00Z,26.853534
2024-03-10T03:15:00Z,27.077699
2024-03-10T03:30:00Z,27.285767
2024-03-10T03:45:00Z,27.476848
2024-03-10T04:00:00Z,27.650127
2024-03-10T04:15:00Z,27.804864
2024-03-10T04:30:00Z,27.940398
2024-03-10T04:45:00Z,28.056151
2024-03-10T05:00:00Z,28.151629
2024-03-10T05:15:00Z,28.226426
2024-03-10T05:30:00Z,28.280224
2024-03-10T05:45:00Z,28.312795
2024-03-10T06:00:00Z,28.324000
2024-03-10T06:15:00Z,28.313795
2024-03-10T06:30:00Z,28.282224
2024-03-10T06:45:00Z,28.229426
2024-03-10T07:00:00Z,28.155629
2024-03-10T07:15:00Z,28.061151
2024-03-10T07:30:00Z,27.946398
2024-03-10T07:45:00Z,27.811864
2024-03-10T08:00:00Z,27.658127
2024-03-10T08:15:00Z,27.485848
2024-03-10T08:30:00Z,27.295767
2024-03-10T08:45:00Z,27.088699
2024-03-10T09:00:00Z,26.865534
2024-03-10T09:15:00Z,26.627229
2024-03-10T09:30:00Z,26.374807
2024-03-10T09:45:00Z,26.109351
2024-03-10T10:00:00Z,25.832000
2024-03-10T10:15:00Z,25.543943
2024-03-10T10:30:00Z,25.246417
2024-03-10T10:45:00Z,24.940697
2024-03-10T11:00:00Z,24.628095
2024-03-10T11:15:00Z,24.309952
2024-03-10T11:30:00Z,23.987631
2024-03-10T11:45:00Z,23.662516
2024-03-10T12:00:00Z,23.336000
2024-03-10T12:15:00Z,23.009484
2024-03-10T12:30:00Z,22.684369
2024-03-10T12:45:00Z,22.362048
2024-03-10T13:00:00Z,22.043905
2024-03-10T13:15:00Z,21.731303
2024-03-10T13:30:00Z,21.425583
2024-03-10T13:45:00Z,21.128057
2024-03-10T14:00:00Z,20.840000
2024-03-10T14:15:00Z,20.562649
2024-03-10T14:30:00Z,20.297193
2024-03-10T14:45:00Z,20.044771
2024-03-10T15:00:00Z,19.806466
2024-03-10T15:15:00Z,19.583301
2024-03-10T15:30:00Z,19.376233
2024-03-10T15:45:00Z,19.186152
2024-03-10T16:00:00Z,19.013873
2024-03-10T16:15:00Z,18.860136
2024-03-10T16:30:00Z,18.725602
2024-03-10T16:45:00Z,18.610849
2024-03-10T17:00:00Z,18.516371
2024-03-10T17:15:00Z,18.442574
2024-03-10T17:30:00Z,18.389776
2024-03-10T17:45:00Z,18.358205
2024-03-10T18:00:00Z,18.348000
2024-03-10T18:15:00Z,18.359205
2024-03-10T18:30:00Z,18.391776
2024-03-10T18:45:00Z,18.445574
2024-03-10T19:00:00Z,18.520371
2024-03-10T19:15:00Z,18.615849
2024-03-10T19:30:00Z,18.731602
2024-03-10T19:45:00Z,18.867136
2024-03-10T20:00:00Z,19.021873
2024-03-10T20:15:00Z,19.195152
2024-03-10T20:30:00Z,19.386233
2024-03-10T20:45:00Z,19.594301
2024-03-10T21:00:00Z,19.818466
2024-03-10T21:15:00Z,20.057771
2024-03-10T21:30:00Z,20.311193
2024-03-10T21:45:00Z,20.577649
2024-03-10T22:00:00Z,20.856000
2024-03-10T22:15:00Z,21.145057
2024-03-10T22:30:00Z,21.443583
2024-03-10T22:45:00Z,21.750303
2024-03-10T23:00:00Z,22.063905
2024-03-10T23:15:00Z,22.383048
2024-03-10T23:30:00Z,22.706369
2024-03-10T23:45:00Z,23.032484
2024-03-11T00:00:00Z,23.360000
2024-03-11T00:15:00Z,23.687516
2024-03-11T00:30:00Z,24.013631
2024-03-11T00:45:00Z,24.336952
2024-03-11T01:00:00Z,24.656095
2024-03-11T01:15:00Z,24.969697
2024-03-11T01:30:00Z,25.276417
2024-03-11T01:45:00Z,25.574943
2024-03-11T02:00:00Z,25.864000
2024-03-11T02:15:00Z,26.142351
2024-03-11T02:30:00Z,26.408807
2024-03-11T02:45:00Z,26.662229
2024-03-11T03:00:00Z,26.901534
2024-03-11T03:15:00Z,27.125699
2024-03-11T03:30:00Z,27.333767
2024-03-11T03:45:00Z,27.524848
2024-03-11T04:00:00Z,27.698127
2024-03-11T04:15:00Z,27.852864
2024-03-11T04:30:00Z,27.988398
2024-03-11T04:45:00Z,28.104151
2024-03-11T05:00:00Z,28.199629
2024-03-11T05:15:00Z,28.274426
2024-03-11T05:30:00Z,28.328224
2024-03-11T05:45:00Z,28.360795
2024-03-11T06:00:00Z,28.372000
2024-03-11T06:15:00Z,28.361795
2024-03-11T06:30:00Z,28.330224
2024-03-11T06:45:00Z,28.277426
2024-03-11T07:00:00Z,28.203629
2024-03-11T07:15:00Z,28.109151
2024-03-11T07:30:00Z,27.994398
2024-03-11T07:45:00Z,27.859864
2024-03-11T08:00:00Z,27.706127
2024-03-11T08:15:00Z,27.533848
2024-03-11T08:30:00Z,27.343767
2024-03-11T08:45:00Z,27.136699
2024-03-11T09:00:00Z,26.913534
2024-03-11T09:15:00Z,26.675229
2024-03-11T09:30:00Z,26.422807
2024-03-11T09:45:00Z,26.157351
2024-03-11T10:00:00Z,25.880000
2024-03-11T10:15:00Z,25.591943
2024-03-11T10:30:00Z,25.294417
2024-03-11T10:45:00Z,24.988697
2024-03-11T11:00:00Z,24.676095
2024-03-11T11:15:00Z,24.357952
2024-03-11T11:30:00Z,24.035631
2024-03-11T11:45:00Z,23.710516
2024-03-11T12:00:00Z,23.384000
2024-03-11T12:15:00Z,23.057484
2024-03-11T12:30:00Z,22.732369
2024-03-11T12:45:00Z,22.410048
2024-03-11T13:00:00Z,22.091905
2024-03-11T13:15:00Z,21.779303
2024-03-11T13:30:00Z,21.473583
2024-03-11T13:45:00Z,21.176057
2024-03-11T14:00:00Z,20.888000
2024-03-11T14:15:00Z,20.610649
2024-03-11T14:30:00Z,20.345193
2024-03-11T14:45:00Z,20.092771
2024-03-11T15:00:00Z,19.854466
2024-03-11T15:15:00Z,19.631301
2024-03-11T15:30:00Z,19.424233
2024-03-11T15:45:00Z,19.234152
2024-03-11T16:00:00Z,19.061873
2024-03-11T16:15:00Z,18.908136
2024-03-11T16:30:00Z,18.773602
2024-03-11T16:45:00Z,18.658849
2024-03-11T17:00:00Z,18.564371
2024-03-11T17:15:00Z,18.490574
2024-03-11T17:30:00Z,18.437776
2024-03-11T17:45:00Z,18.406205
2024-03-11T18:00:00Z,18.396000
2024-03-11T18:15:00Z,18.407205
2024-03-11T18:30:00Z,18.439776
2024-03-11T18:45:00Z,18.493574
2024-03-11T19:00:00Z,18.568371
2024-03-11T19:15:00Z,18.663849
2024-03-11T19:30:00Z,18.779602
2024-03-11T19:45:00Z,18.915136
2024-03-11T20:00:00Z,19.069873
2024-03-11T20:15:00Z,19.243152
2024-03-11T20:30:00Z,19.434233
2024-03-11T20:45:00Z,19.642301
2024-03-11T21:00:00Z,19.866466
2024-03-11T21:15:00Z,20.105771
2024-03-11T21:30:00Z,20.359193
2024-03-11T21:45:00Z,20.625649
2024-03-11T22:00:00Z,20.904000
2024-03-11T22:15:00Z,21.193057
2024-03-11T22:30:00Z,21.491583
2024-03-11T22:45:00Z,21.798303
2024-03-11T23:00:00Z,22.111905
2024-03-11T23:15:00Z,22.431048
2024-03-11T23:30:00Z,22.754369
2024-03-11T23:45:00Z,23.080484
2024-03-12T00:00:00Z,23.408000
2024-03-12T00:15:00Z,23.735516
2024-03-12T00:30:00Z,24.061631
2024-03-12T00:45:00Z,24.384952
2024-03-12T01:00:00Z,24.704095
2024-03-12T01:15:00Z,25.017697
2024-03-12T01:30:00Z,25.324417
2024-03-12T01:45:00Z,25.622943
2024-03-12T02:00:00Z,25.912000
2024-03-12T02:15:00Z,26.190351
2024-03-12T02:30:00Z,26.456807
2024-03-12T02:45:00Z,26.710229
2024-03-12T03:00:00Z,26.949534
2024-03-12T03:15:00Z,27.173699
2024-03-12T03:30:00Z,27.381767
2024-03-12T03:45:00Z,27.572848
2024-03-12T04:00:00Z,27.746127
2024-03-12T04:15:00Z,27.900864
2024-03-12T04:30:00Z,28.036398
2024-03-12T04:45:00Z,28.152151
2024-03-12T05:00:00Z,28.247629
2024-03-12T05:15:00Z,28.322426
2024-03-12T05:30:00Z,28.376224
2024-03-12T05:45:00Z,28.408795
2024-03-12T06:00:00Z,28.420000
2024-03-12T06:15:00Z,28.409795
2024-03-12T06:30:00Z,28.378224
2024-03-12T06:45:00Z,28.325426
2024-03-12T07:00:00Z,28.251629
2024-03-12T07:15:00Z,28.157151
2024-03-12T07:30:00Z,28.042398
2024-03-12T07:45:00Z,27.907864
2024-03-12T08:00:00Z,27.754127
2024-03-12T08:15:00Z,27.581848
2024-03-12T08:30:00Z,27.391767
2024-03-12T08:45:00Z,27.184699
2024-03-12T09:00:00Z,26.961534
2024-03-12T09:15:00Z,26.723229
2024-03-12T09:30:00Z,26.470807
2024-03-12T09:45:00Z,26.205351
2024-03-12T10:00:00Z,25.928000
2024-03-12T10:15:00Z,25.639943
2024-03-12T10:30:00Z,25.342417
2024-03-12T10:45:00Z,25.036697
2024-03-12T11:00:00Z,24.724095
2024-03-12T11:15:00Z,24.405952
2024-03-12T11:30:00Z,24.083631
2024-03-12T11:45:00Z,23.758516
2024-03-12T12:00:00Z,23.432000
2024-03-12T12:15:00Z,23.105484
2024-03-12T12:30:00Z,22.780369
2024-03-12T12:45:00Z,22.458048
2024-03-12T13:00:00Z,22.139905
2024-03-12T13:15:00Z,21.827303
2024-03-12T13:30:00Z,21.521583
2024-03-12T13:45:00Z,21.224057
2024-03-12T14:00:00Z,20.936000
2024-03-12T14:15:00Z,20.658649
2024-03-12T14:30:00Z,20.393193
2024-03-12T14:45:00Z,20.140771
2024-03-12T15:00:00Z,19.902466
2024-03-12T15:15:00Z,19.679301
2024-03-12T15:30:00Z,19.472233
2024-03-12T15:45:00Z,19.282152
2024-03-12T16:00:00Z,19.109873
2024-03-12T16:15:00Z,18.956136
2024-03-12T16:30:00Z,18.821602
2024-03-12T16:45:00Z,18.706849
2024-03-12T17:00:00Z,18.612371
2024-03-12T17:15:00Z,18.538574
2024-03-12T17:30:00Z,18.485776
2024-03-12T17:45:00Z,18.454205
2024-03-12T18:00:00Z,18.444000
2024-03-12T18:15:00Z,18.455205
2024-03-12T18:30:00Z,18.487776
2024-03-12T18:45:00Z,18.541574
2024-03-12T19:00:00Z,18.616371
2024-03-12T19:15:00Z,18.711849
2024-03-12T19:30:00Z,18.827602
2024-03-12T19:45:00Z,18.963136
2024-03-12T20:00:00Z,19.117873
2024-03-12T20:15:00Z,19.291152
2024-03-12T20:30:00Z,19.482233
2024-03-12T20:45:00Z,19.690301
2024-03-12T21:00:00Z,19.914466
2024-03-12T21:15:00Z,20.153771
2024-03-12T21:30:00Z,20.407193
2024-03-12T21:45:00Z,20.673649
2024-03-12T22:00:00Z,20.952000
2024-03-12T22:15:00Z,21.241057
2024-03-12T22:30:00Z,21.539583
2024-03-12T22:45:00Z,21.846303
2024-03-12T23:00:00Z,22.159905
2024-03-12T23:15:00Z,22.479048
2024-03-12T23:30:00Z,22.802369
2024-03-12T23:45:00Z,23.128484
2024-03-13T00:00:00Z,23.456000
2024-03-13T00:15:00Z,23.783516
2024-03-13T00:30:00Z,24.109631
2024-03-13T00:45:00Z,24.432952
2024-03-13T01:00:00Z,24.752095
2024-03-13T01:15:00Z,25.065697
2024-03-13T01:30:00Z,25.372417
2024-03-13T01:45:00Z,25.670943
2024-03-13T02:00:00Z,25.960000
2024-03-13T02:15:00Z,26.238351
2024-03-13T02:30:00Z,26.504807
2024-03-13T02:45:00Z,26.758229
2024-03-13T03:00:00Z,26.997534
2024-03-13T03:15:00Z,27.221699
2024-03-13T03:30:00Z,27.429767
2024-03-13T03:45:00Z,27.620848
2024-03-13T04:00:00Z,27.794127
2024-03-13T04:15:00Z,27.948864
2024-03-13T04:30:00Z,28.084398
2024-03-13T04:45:00Z,28.200151
2024-03-13T05:00:00Z,28.295629
2024-03-13T05:15:00Z,28.370426
2024-03-13T05:30:00Z,28.424224
2024-03-13T05:45:00Z,28.456795
2024-03-13T06:00:00Z,28.468000
2024-03-13T06:15:00Z,28.457795
2024-03-13T06:30:00Z,28.426224
2024-03-13T06:45:00Z,28.373426
2024-03-13T07:00:00Z,28.299629
2024-03-13T07:15:00Z,28.205151
2024-03-13T07:30:00Z,28.090398
2024-03-13T07:45:00Z,27.955864
2024-03-13T08:00:00Z,27.802127
2024-03-13T08:15:00Z,27.629848
2024-03-13T08:30:00Z,27.439767
2024-03-13T08:45:00Z,27.232699
2024-03-13T09:00:00Z,27.009534
2024-03-13T09:15:00Z,26.771229
2024-03-13T09:30:00Z,26.518807
2024-03-13T09:45:00Z,26.253351
2024-03-13T10:00:00Z,25.976000
2024-03-13T10:15:00Z,25.687943
2024-03-13T10:30:00Z,25.390417
2024-03-13T10:45:00Z,25.084697
2024-03-13T11:00:00Z,24.772095
2024-03-13T11:15:00Z,24.453952
2024-03-13T11:30:00Z,24.131631
2024-03-13T11:45:00Z,23.806516
2024-03-13T12:00:00Z,23.480000
2024-03-13T12:15:00Z,23.153484
2024-03-13T12:30:00Z,22.828369
2024-03-13T12:45:00Z,22.506048
2024-03-13T13:00:00Z,22.187905
2024-03-13T13:15:00Z,21.875303
2024-03-13T13:30:00Z,21.569583
2024-03-13T13:45:00Z,21.272057
2024-03-13T14:00:00Z,20.984000
2024-03-13T14:15:00Z,20.706649
2024-03-13T14:30:00Z,20.441193
2024-03-13T14:45:00Z,20.188771
2024-03-13T15:00:00Z,19.950466
2024-03-13T15:15:00Z,19.727301
2024-03-13T15:30:00Z,19.520233
2024-03-13T15:45:00Z,19.330152
2024-03-13T16:00:00Z,19.157873
2024-03-13T16:15:00Z,19.004136
2024-03-13T16:30:00Z,18.869602
2024-03-13T16:45:00Z,18.754849
2024-03-13T17:00:00Z,18.660371
2024-03-13T17:15:00Z,18.586574
2024-03-13T17:30:00Z,18.533776
2024-03-13T17:45:00Z,18.502205
2024-03-13T18:00:00Z,18.492000
2024-03-13T18:15:00Z,18.503205
2024-03-13T18:30:00Z,18.535776
2024-03-13T18:45:00Z,18.589574
2024-03-13T19:00:00Z,18.664371
2024-03-13T19:15:00Z,18.759849
2024-03-13T19:30:00Z,18.875602
2024-03-13T19:45:00Z,19.011136
2024-03-13T20:00:00Z,19.165873
2024-03-13T20:15:00Z,19.339152
2024-03-13T20:30:00Z,19.530233
2024-03-13T20:45:00Z,19.738301
2024-03-13T21:00:00Z,19.962466
2024-03-13T21:15:00Z,20.201771
2024-03-13T21:30:00Z,20.455193
2024-03-13T21:45:00Z,20.721649
2024-03-13T22:00:00Z,21.000000
2024-03-13T22:15:00Z,21.289057
2024-03-13T22:30:00Z,21.587583
2024-03-13T22:45:00Z,21.894303
2024-03-13T23:00:00Z,22.207905
2024-03-13T23:15:00Z,22.527048
2024-03-13T23:30:00Z,22.850369
2024-03-13T23:45:00Z,23.176484
2024-03-14T00:00:00Z,23.504000
2024-03-14T00:15:00Z,23.831516
2024-03-14T00:30:00Z,24.157631
2024-03-14T00:45:00Z,24.480952
2024-03-14T01:00:00Z,24.800095
2024-03-14T01:15:00Z,25.113697
2024-03-14T01:30:00Z,25.420417
2024-03-14T01:45:00Z,25.718943
2024-03-14T02:00:00Z,26.008000
2024-03-14T02:15:00Z,26.286351
2024-03-14T02:30:00Z,26.552807
2024-03-14T02:45:00Z,26.806229
2024-03-14T03:00:00Z,27.045534
2024-03-14T03:15:00Z,27.269699
2024-03-14T03:30:00Z,27.477767
2024-03-14T03:45:00Z,27.668848
2024-03-14T04:00:00Z,27.842127
2024-03-14T04:15:00Z,27.996864
2024-03-14T04:30:00Z,28.132398
2024-03-14T04:45:00Z,28.248151
2024-03-14T05:00:00Z,28.343629
2024-03-14T05:15:00Z,28.418426
2024-03-14T05:30:00Z,28.472224
2024-03-14T05:45:00Z,28.504795
2024-03-14T06:00:00Z,28.516000
2024-03-14T06:15:00Z,28.505795
2024-03-14T06:30:00Z,28.474224
2024-03-14T06:45:00Z,28.421426
2024-03-14T07:00:00Z,28.347629
2024-03-14T07:15:00Z,28.253151
2024-03-14T07:30:00Z,28.138398
2024-03-14T07:45:00Z,28.003864
2024-03-14T08:00:00Z,27.850127
2024-03-14T08:15:00Z,27.677848
2024-03-14T08:30:00Z,27.487767
2024-03-14T08:45:00Z,27.280699
2024-03-14T09:00:00Z,27.057534
2024-03-14T09:15:00Z,26.819229
2024-03-14T09:30:00Z,26.566807
2024-03-14T09:45:00Z,26.301351
2024-03-14T10:00:00Z,26.024000
2024-03-14T10:15:00Z,25.735943
2024-03-14T10:30:00Z,25.438417
2024-03-14T10:45:00Z,25.132697
2024-03-14T11:00:00Z,24.820095
2024-03-14T11:15:00Z,24.501952
2024-03-14T11:30:00Z,24.179631
2024-03-14T11:45:00Z,23.854516
2024-03-14T12:00:00Z,23.528000
2024-03-14T12:15:00Z,23.201484
2024-03-14T12:30:00Z,22.876369
2024-03-14T12:45:00Z,22.554048
2024-03-14T13:00:00Z,22.235905
2024-03-14T13:15:00Z,21.923303
2024-03-14T13:30:00Z,21.617583
2024-03-14T13:45:00Z,21.320057
2024-03-14T14:00:00Z,21.032000
2024-03-14T14:15:00Z,20.754649
2024-03-14T14:30:00Z,20.489193
2024-03-14T14:45:00Z,20.236771
2024-03-14T15:00:00Z,19.998466
2024-03-14T15:15:00Z,19.775301
2024-03-14T15:30:00Z,19.568233
2024-03-14T15:45:00Z,19.378152
2024-03-14T16:00:00Z,19.205873
2024-03-14T16:15:00Z,19.052136
2024-03-14T16:30:00Z,18.917602
2024-03-14T16:45:00Z,18.802849
2024-03-14T17:00:00Z,18.708371
2024-03-14T17:15:00Z,18.634574
2024-03-14T17:30:00Z,18.581776
2024-03-14T17:45:00Z,18.550205
2024-03-14T18:00:00Z,18.540000
2024-03-14T18:15:00Z,18.551205
2024-03-14T18:30:00Z,18.583776
2024-03-14T18:45:00Z,18.637574
2024-03-14T19:00:00Z,18.712371
2024-03-14T19:15:00Z,18.807849
2024-03-14T19:30:00Z,18.923602
2024-03-14T19:45:00Z,19.059136
2024-03-14T20:00:00Z,19.213873
2024-03-14T20:15:00Z,19.387152
2024-03-14T20:30:00Z,19.578233
2024-03-14T20:45:00Z,19.786301
2024-03-14T21:00:00Z,20.010466
2024-03-14T21:15:00Z,20.249771
2024-03-14T21:30:00Z,20.503193
2024-03-14T21:45:00Z,20.769649
2024-03-14T22:00:00Z,21.048000
2024-03-14T22:15:00Z,21.337057
2024-03-14T22:30:00Z,21.635583
2024-03-14T22:45:00Z,21.942303
2024-03-14T23:00:00Z,22.255905
2024-03-14T23:15:00Z,22.575048
2024-03-14T23:30:00Z,22.898369
2024-03-14T23:45:00Z,23.224484
2024-03-15T00:00:00Z,23.552000
2024-03-15T00:15:00Z,23.879516
2024-03-15T00:30:00Z,24.205631
2024-03-15T00:45:00Z,24.528952
2024-03-15T01:00:00Z,24.848095
2024-03-15T01:15:00Z,25.161697
2024-03-15T01:30:00Z,25.468417
2024-03-15T01:45:00Z,25.766943
2024-03-15T02:00:00Z,26.056000
2024-03-15T02:15:00Z,26.334351
2024-03-15T02:30:00Z,26.600807
2024-03-15T02:45:00Z,26.854229
2024-03-15T03:00:00Z,27.093534
2024-03-15T03:15:00Z,27.317699
2024-03-15T03:30:00Z,27.525767
2024-03-15T03:45:00Z,27.716848
2024-03-15T04:00:00Z,27.890127
2024-03-15T04:15:00Z,28.044864
2024-03-15T04:30:00Z,28.180398
2024-03-15T04:45:00Z,28.296151
2024-03-15T05:00:00Z,28.391629
2024-03-15T05:15:00Z,28.466426
2024-03-15T05:30:00Z,28.520224
2024-03-15T05:45:00Z,28.552795
2024-03-15T06:00:00Z,28.564000
2024-03-15T06:15:00Z,28.553795
2024-03-15T06:30:00Z,28.522224
2024-03-15T06:45:00Z,28.469426
2024-03-15T07:00:00Z,28.395629
2024-03-15T07:15:00Z,28.301151
2024-03-15T07:30:00Z,28.186398
2024-03-15T07:45:00Z,28.051864
2024-03-15T08:00:00Z,27.898127
2024-03-15T08:15:00Z,27.725848
2024-03-15T08:30:00Z,27.535767
2024-03-15T08:45:00Z,27.328699
2024-03-15T09:00:00Z,27.105534
2024-03-15T09:15:00Z,26.867229
2024-03-15T09:30:00Z,26.614807
2024-03-15T09:45:00Z,26.349351
2024-03-15T10:00:00Z,26.072000
2024-03-15T10:15:00Z,25.783943
2024-03-15T10:30:00Z,25.486417
2024-03-15T10:45:00Z,25.180697
2024-03-15T11:00:00Z,24.868095
2024-03-15T11:15:00Z,24.549952
2024-03-15T11:30:00Z,24.227631
2024-03-15T11:45:00Z,23.902516
2024-03-15T12:00:00Z,23.576000
2024-03-15T12:15:00Z,23.249484
2024-03-15T12:30:00Z,22.924369
2024-03-15T12:45:00Z,22.602048
2024-03-15T13:00:00Z,22.283905
2024-03-15T13:15:00Z,21.971303
2024-03-15T13:30:00Z,21.665583
2024-03-15T13:45:00Z,21.368057
2024-03-15T14:00:00Z,21.080000
2024-03-15T14:15:00Z,20.802649
2024-03-15T14:30:00Z,20.537193
2024-03-15T14:45:00Z,20.284771
2024-03-15T15:00:00Z,20.046466
2024-03-15T15:15:00Z,19.823301
2024-03-15T15:30:00Z,19.616233
2024-03-15T15:45:00Z,19.426152
2024-03-15T16:00:00Z,19.253873
2024-03-15T16:15:00Z,19.100136
2024-03-15T16:30:00Z,18.965602
2024-03-15T16:45:00Z,18.850849
2024-03-15T17:00:00Z,18.756371
2024-03-15T17:15:00Z,18.682574
2024-03-15T17:30:00Z,18.629776
2024-03-15T17:45:00Z,18.598205
2024-03-15T18:00:00Z,18.588000
2024-03-15T18:15:00Z,18.599205
2024-03-15T18:30:00Z,18.631776
2024-03-15T18:45:00Z,18.685574
2024-03-15T19:00:00Z,18.760371
2024-03-15T19:15:00Z,18.855849
2024-03-15T19:30:00Z,18.971602
2024-03-15T19:45:00Z,19.107136
2024-03-15T20:00:00Z,19.261873
2024-03-15T20:15:00Z,19.435152
2024-03-15T20:30:00Z,19.626233
2024-03-15T20:45:00Z,19.834301
2024-03-15T21:00:00Z,20.058466
2024-03-15T21:15:00Z,20.297771
2024-03-15T21:30:00Z,20.551193
2024-03-15T21:45:00Z,20.817649
2024-03-15T22:00:00Z,21.096000
2024-03-15T22:15:00Z,21.385057
2024-03-15T22:30:00Z,21.683583
2024-03-15T22:45:00Z,21.990303
2024-03-15T23:00:00Z,22.303905
2024-03-15T23:15:00Z,22.623048
2024-03-15T23:30:00Z,22.946369
2024-03-15T23:45:00Z,23.272484
2024-03-16T00:00:00Z,23.600000
2024-03-16T00:15:00Z,23.927516
2024-03-16T00:30:00Z,24.253631
2024-03-16T00:45:00Z,24.576952
2024-03-16T01:00:00Z,24.896095
2024-03-16T01:15:00Z,25.209697
2024-03-16T01:30:00Z,25.516417
2024-03-16T01:45:00Z,25.814943
2024-03-16T02:00:00Z,26.104000
2024-03-16T02:15:00Z,26.382351
2024-03-16T02:30:00Z,26.648807
2024-03-16T02:45:00Z,26.902229
2024-03-16T03:00:00Z,27.141534
2024-03-16T03:15:00Z,27.365699
2024-03-16T03:30:00Z,27.573767
2024-03-16T03:45:00Z,27.764848
2024-03-16T04:00:00Z,27.938127
2024-03-16T04:15:00Z,28.092864
2024-03-16T04:30:00Z,28.228398
2024-03-16T04:45:00Z,28.344151
2024-03-16T05:00:00Z,28.439629
2024-03-16T05:15:00Z,28.514426
2024-03-16T05:30:00Z,28.568224
2024-03-16T05:45:00Z,28.600795
2024-03-16T06:00:00Z,28.612000
2024-03-16T06:15:00Z,28.601795
2024-03-16T06:30:00Z,28.570224
2024-03-16T06:45:00Z,28.517426
2024-03-16T07:00:00Z,28.443629
2024-03-16T07:15:00Z,28.349151
2024-03-16T07:30:00Z,28.234398
2024-03-16T07:45:00Z,28.099864
2024-03-16T08:00:00Z,27.946127
2024-03-16T08:15:00Z,27.773848
2024-03-16T08:30:00Z,27.583767
2024-03-16T08:45:00Z,27.376699
2024-03-16T09:00:00Z,27.153534
2024-03-16T09:15:00Z,26.915229
2024-03-16T09:30:00Z,26.662807
2024-03-16T09:45:00Z,26.397351
2024-03-16T10:00:00Z,26.120000
2024-03-16T10:15:00Z,25.831943
2024-03-16T10:30:00Z,25.534417
2024-03-16T10:45:00Z,25.228697
2024-03-16T11:00:00Z,24.916095
2024-03-16T11:15:00Z,24.597952
2024-03-16T11:30:00Z,24.275631
2024-03-16T11:45:00Z,23.950516
2024-03-16T12:00:00Z,23.624000
2024-03-16T12:15:00Z,23.297484
2024-03-16T12:30:00Z,22.972369
2024-03-16T12:45:00Z,22.650048
2024-03-16T13:00:00Z,22.331905
2024-03-16T13:15:00Z,22.019303
2024-03-16T13:30:00Z,21.713583
2024-03-16T13:45:00Z,21.416057
2024-03-16T14:00:00Z,21.128000
2024-03-16T14:15:00Z,20.850649
2024-03-16T14:30:00Z,20.585193
2024-03-16T14:45:00Z,20.332771
2024-03-16T15:00:00Z,20.094466
2024-03-16T15:15:00Z,19.871301
2024-03-16T15:30:00Z,19.664233
2024-03-16T15:45:00Z,19.474152
2024-03-16T16:00:00Z,19.301873
2024-03-16T16:15:00Z,19.148136
2024-03-16T16:30:00Z,19.013602
2024-03-16T16:45:00Z,18.898849
2024-03-16T17:00:00Z,18.804371
2024-03-16T17:15:00Z,18.730574
2024-03-16T17:30:00Z,18.677776
2024-03-16T17:45:00Z,18.646205
2024-03-16T18:00:00Z,18.636000
2024-03-16T18:15:00Z,18.647205
2024-03-16T18:30:00Z,18.679776
2024-03-16T18:45:00Z,18.733574
2024-03-16T19:00:00Z,18.808371
2024-03-16T19:15:00Z,18.903849
2024-03-16T19:30:00Z,19.019602
2024-03-16T19:45:00Z,19.155136
2024-03-16T20:00:00Z,19.309873
2024-03-16T20:15:00Z,19.483152
2024-03-16T20:30:00Z,19.674233
2024-03-16T20:45:00Z,19.882301
2024-03-16T21:00:00Z,20.106466
2024-03-16T21:15:00Z,20.345771
2024-03-16T21:30:00Z,20.599193
2024-03-16T21:45:00Z,20.865649
2024-03-16T22:00:00Z,21.144000
2024-03-16T22:15:00Z,21.433057
2024-03-16T22:30:00Z,21.731583
2024-03-16T22:45:00Z,22.038303
2024-03-16T23:00:00Z,22.351905
2024-03-16T23:15:00Z,22.671048
2024-03-16T23:30:00Z,22.994369
2024-03-16T23:45:00Z,23.320484
2024-03-17T00:00:00Z,23.648000
2024-03-17T00:15:00Z,23.975516
2024-03-17T00:30:00Z,24.301631
2024-03-17T00:45:00Z,24.624952
2024-03-17T01:00:00Z,24.944095
2024-03-17T01:15:00Z,25.257697
2024-03-17T01:30:00Z,25.564417
2024-03-17T01:45:00Z,25.862943
2024-03-17T02:00:00Z,26.152000
2024-03-17T02:15:00Z,26.430351
2024-03-17T02:30:00Z,26.696807
2024-03-17T02:45:00Z,26.950229
2024-03-17T03:00:00Z,27.189534
2024-03-17T03:15:00Z,27.413699
2024-03-17T03:30:00Z,27.621767
2024-03-17T03:45:00Z,27.812848
2024-03-17T04:00:00Z,27.986127
2024-03-17T04:15:00Z,28.140864
2024-03-17T04:30:00Z,28.276398
2024-03-17T04:45:00Z,28.392151
2024-03-17T05:00:00Z,28.487629
2024-03-17T05:15:00Z,28.562426
2024-03-17T05:30:00Z,28.616224
2024-03-17T05:45:00Z,28.648795
2024-03-17T06:00:00Z,28.660000
2024-03-17T06:15:00Z,28.649795
2024-03-17T06:30:00Z,28.618224
2024-03-17T06:45:00Z,28.565426
2024-03-17T07:00:00Z,28.491629
2024-03-17T07:15:00Z,28.397151
2024-03-17T07:30:00Z,28.282398
2024-03-17T07:45:00Z,28.147864
2024-03-17T08:00:00Z,27.994127
2024-03-17T08:15:00Z,27.821848
2024-03-17T08:30:00Z,27.631767
2024-03-17T08:45:00Z,27.424699
2024-03-17T09:00:00Z,27.201534
2024-03-17T09:15:00Z,26.963229
2024-03-17T09:30:00Z,26.710807
2024-03-17T09:45:00Z,26.445351
2024-03-17T10:00:00Z,26.168000
2024-03-17T10:15:00Z,25.879943
2024-03-17T10:30:00Z,25.582417
2024-03-17T10:45:00Z,25.276697
2024-03-17T11:00:00Z,24.964095
2024-03-17T11:15:00Z,24.645952
2024-03-17T11:30:00Z,24.323631
2024-03-17T11:45:00Z,23.998516
2024-03-17T12:00:00Z,23.672000
2024-03-17T12:15:00Z,23.345484
2024-03-17T12:30:00Z,23.020369
2024-03-17T12:45:00Z,22.698048
2024-03-17T13:00:00Z,22.379905
2024-03-17T13:15:00Z,22.067303
2024-03-17T13:30:00Z,21.761583
2024-03-17T13:45:00Z,21.464057
2024-03-17T14:00:00Z,21.176000
2024-03-17T14:15:00Z,20.898649
2024-03-17T14:30:00Z,20.633193
2024-03-17T14:45:00Z,20.380771
2024-03-17T15:00:00Z,20.142466
2024-03-17T15:15:00Z,19.919301
2024-03-17T15:30:00Z,19.712233
2024-03-17T15:45:00Z,19.522152
2024-03-17T16:00:00Z,19.349873
2024-03-17T16:15:00Z,19.196136
2024-03-17T16:30:00Z,19.061602
2024-03-17T16:45:00Z,18.946849
2024-03-17T17:00:00Z,18.852371
2024-03-17T17:15:00Z,18.778574
2024-03-17T17:30:00Z,18.725776
2024-03-17T17:45:00Z,18.694205
2024-03-17T18:00:00Z,18.684000
2024-03-17T18:15:00Z,18.695205
2024-03-17T18:30:00Z,18.727776
2024-03-17T18:45:00Z,18.781574
2024-03-17T19:00:00Z,18.856371
2024-03-17T19:15:00Z,18.951849
2024-03-17T19:30:00Z,19.067602
2024-03-17T19:45:00Z,19.203136
2024-03-17T20:00:00Z,19.357873
2024-03-17T20:15:00Z,19.531152
2024-03-17T20:30:00Z,19.722233
2024-03-17T20:45:00Z,19.930301
2024-03-17T21:00:00Z,20.154466
2024-03-17T21:15:00Z,20.393771
2024-03-17T21:30:00Z,20.647193
2024-03-17T21:45:00Z,20.913649
2024-03-17T22:00:00Z,21.192000
2024-03-17T22:15:00Z,21.481057
2024-03-17T22:30:00Z,21.779583
2024-03-17T22:45:00Z,22.086303
2024-03-17T23:00:00Z,22.399905
2024-03-17T23:15:00Z,22.719048
2024-03-17T23:30:00Z,23.042369
2024-03-17T23:45:00Z,23.368484
2024-03-18T00:00:00Z,23.696000
2024-03-18T00:15:00Z,24.023516
2024-03-18T00:30:00Z,24.349631
2024-03-18T00:45:00Z,24.672952
2024-03-18T01:00:00Z,24.992095
2024-03-18T01:15:00Z,25.305697
2024-03-18T01:30:00Z,25.612417
2024-03-18T01:45:00Z,25.910943
2024-03-18T02:00:00Z,26.200000
2024-03-18T02:15:00Z,26.478351
2024-03-18T02:30:00Z,26.744807
2024-03-18T02:45:00Z,26.998229
2024-03-18T03:00:00Z,27.237534
2024-03-18T03:15:00Z,27.461699
2024-03-18T03:30:00Z,27.669767
2024-03-18T03:45:00Z,27.860848
2024-03-18T04:00:00Z,28.034127
2024-03-18T04:15:00Z,28.188864
2024-03-18T04:30:00Z,28.324398
2024-03-18T04:45:00Z,28.440151
2024-03-18T05:00:00Z,28.535629
2024-03-18T05:15:00Z,28.610426
2024-03-18T05:30:00Z,28.664224
2024-03-18T05:45:00Z,28.696795
2024-03-18T06:00:00Z,28.708000
2024-03-18T06:15:00Z,28.697795
2024-03-18T06:30:00Z,28.666224
2024-03-18T06:45:00Z,28.613426
2024-03-18T07:00:00Z,28.539629
2024-03-18T07:15:00Z,28.445151
2024-03-18T07:30:00Z,28.330398
2024-03-18T07:45:00Z,28.195864
2024-03-18T08:00:00Z,28.042127
2024-03-18T08:15:00Z,27.869848
2024-03-18T08:30:00Z,27.679767
2024-03-18T08:45:00Z,27.472699
2024-03-18T09:00:00Z,27.249534
2024-03-18T09:15:00Z,27.011229
2024-03-18T09:30:00Z,26.758807
2024-03-18T09:45:00Z,26.493351
2024-03-18T10:00:00Z,26.216000
2024-03-18T10:15:00Z,25.927943
2024-03-18T10:30:00Z,25.630417
2024-03-18T10:45:00Z,25.324697
2024-03-18T11:00:00Z,25.012095
2024-03-18T11:15:00Z,24.693952
2024-03-18T11:30:00Z,24.371631
2024-03-18T11:45:00Z,24.046516
2024-03-18T12:00:00Z,23.720000
2024-03-18T12:15:00Z,23.393484
2024-03-18T12:30:00Z,23.068369
2024-03-18T12:45:00Z,22.746048
2024-03-18T13:00:00Z,22.427905
2024-03-18T13:15:00Z,22.115303
2024-03-18T13:30:00Z,21.809583
2024-03-18T13:45:00Z,21.512057
2024-03-18T14:00:00Z,21.224000
2024-03-18T14:15:00Z,20.946649
2024-03-18T14:30:00Z,20.681193
2024-03-18T14:45:00Z,20.428771
2024-03-18T15:00:00Z,20.190466
2024-03-18T15:15:00Z,19.967301
2024-03-18T15:30:00Z,19.760233
2024-03-18T15:45:00Z,19.570152
2024-03-18T16:00:00Z,19.397873
2024-03-18T16:15:00Z,19.244136
2024-03-18T16:30:00Z,19.109602
2024-03-18T16:45:00Z,18.994849
2024-03-18T17:00:00Z,18.900371
2024-03-18T17:15:00Z,18.826574
2024-03-18T17:30:00Z,18.773776
2024-03-18T17:45:00Z,18.742205
2024-03-18T18:00:00Z,18.732000
2024-03-18T18:15:00Z,18.743205
2024-03-18T18:30:00Z,18.775776
2024-03-18T18:45:00Z,18.829574
2024-03-18T19:00:00Z,18.904371
2024-03-18T19:15:00Z,18.999849
2024-03-18T19:30:00Z,19.115602
2024-03-18T19:45:00Z,19.251136
2024-03-18T20:00:00Z,19.405873
2024-03-18T20:15:00Z,19.579152
2024-03-18T20:30:00Z,19.770233
2024-03-18T20:45:00Z,19.978301
2024-03-18T21:00:00Z,20.202466
2024-03-18T21:15:00Z,20.441771
2024-03-18T21:30:00Z,20.695193
2024-03-18T21:45:00Z,20.961649
2024-03-18T22:00:00Z,21.240000
2024-03-18T22:15:00Z,21.529057
2024-03-18T22:30:00Z,21.827583
2024-03-18T22:45:00Z,22.134303
2024-03-18T23:00:00Z,22.447905
2024-03-18T23:15:00Z,22.767048
2024-03-18T23:30:00Z,23.090369
2024-03-18T23:45:00Z,23.416484
2024-03-19T00:00:00Z,23.744000
2024-03-19T00:15:00Z,24.071516
2024-03-19T00:30:00Z,24.397631
2024-03-19T00:45:00Z,24.720952
2024-03-19T01:00:00Z,25.040095
2024-03-19T01:15:00Z,25.353697
2024-03-19T01:30:00Z,25.660417
2024-03-19T01:45:00Z,25.958943
2024-03-19T02:00:00Z,26.248000
2024-03-19T02:15:00Z,26.526351
2024-03-19T02:30:00Z,26.792807
2024-03-19T02:45:00Z,27.046229
2024-03-19T03:00:00Z,27.285534
2024-03-19T03:15:00Z,27.509699
2024-03-19T03:30:00Z,27.717767
2024-03-19T03:45:00Z,27.908848
2024-03-19T04:00:00Z,28.082127
2024-03-19T04:15:00Z,28.236864
2024-03-19T04:30:00Z,28.372398
2024-03-19T04:45:00Z,28.488151
2024-03-19T05:00:00Z,28.583629
2024-03-19T05:15:00Z,28.658426
2024-03-19T05:30:00Z,28.712224
2024-03-19T05:45:00Z,28.744795
2024-03-19T06:00:00Z,28.756000
2024-03-19T06:15:00Z,28.745795
2024-03-19T06:30:00Z,28.714224
2024-03-19T06:45:00Z,28.661426
2024-03-19T07:00:00Z,28.587629
2024-03-19T07:15:00Z,28.493151
2024-03-19T07:30:00Z,28.378398
2024-03-19T07:45:00Z,28.243864
2024-03-19T08:00:00Z,28.090127
2024-03-19T08:15:00Z,27.917848
2024-03-19T08:30:00Z,27.727767
2024-03-19T08:45:00Z,27.520699
2024-03-19T09:00:00Z,27.297534
2024-03-19T09:15:00Z,27.059229
2024-03-19T09:30:00Z,26.806807
2024-03-19T09:45:00Z,26.541351
2024-03-19T10:00:00Z,26.264000
2024-03-19T10:15:00Z,25.975943
2024-03-19T10:30:00Z,25.678417
2024-03-19T10:45:00Z,25.372697
2024-03-19T11:00:00Z,25.060095
2024-03-19T11:15:00Z,24.741952
2024-03-19T11:30:00Z,24.419631
2024-03-19T11:45:00Z,24.094516
2024-03-19T12:00:00Z,23.768000
2024-03-19T12:15:00Z,23.441484
2024-03-19T12:30:00Z,23.116369
2024-03-19T12:45:00Z,22.794048
2024-03-19T13:00:00Z,22.475905
2024-03-19T13:15:00Z,22.163303
2024-03-19T13:30:00Z,21.857583
2024-03-19T13:45:00Z,21.560057
2024-03-19T14:00:00Z,21.272000
2024-03-19T14:15:00Z,20.994649
2024-03-19T14:30:00Z,20.729193
2024-03-19T14:45:00Z,20.476771
2024-03-19T15:00:00Z,20.238466
2024-03-19T15:15:00Z,20.015301
2024-03-19T15:30:00Z,19.808233
2024-03-19T15:45:00Z,19.618152
2024-03-19T16:00:00Z,19.445873
2024-03-19T16:15:00Z,19.292136
2024-03-19T16:30:00Z,19.157602
2024-03-19T16:45:00Z,19.042849
2024-03-19T17:00:00Z,18.948371
2024-03-19T17:15:00Z,18.874574
2024-03-19T17:30:00Z,18.821776
2024-03-19T17:45:00Z,18.790205
2024-03-19T18:00:00Z,18.780000
2024-03-19T18:15:00Z,18.791205
2024-03-19T18:30:00Z,18.823776
2024-03-19T18:45:00Z,18.877574
2024-03-19T19:00:00Z,18.952371
2024-03-19T19:15:00Z,19.047849
2024-03-19T19:30:00Z,19.163602
2024-03-19T19:45:00Z,19.299136
2024-03-19T20:00:00Z,19.453873
2024-03-19T20:15:00Z,19.627152
2024-03-19T20:30:00Z,19.818233
2024-03-19T20:45:00Z,20.026301
2024-03-19T21:00:00Z,20.250466
2024-03-19T21:15:00Z,20.489771
2024-03-19T21:30:00Z,20.743193
2024-03-19T21:45:00Z,21.009649
2024-03-19T22:00:00Z,21.288000
2024-03-19T22:15:00Z,21.577057
2024-03-19T22:30:00Z,21.875583
2024-03-19T22:45:00Z,22.182303
2024-03-19T23:00:00Z,22.495905
2024-03-19T23:15:00Z,22.815048
2024-03-19T23:30:00Z,23.138369
2024-03-19T23:45:00Z,23.464484
2024-03-20T00:00:00Z,23.792000
2024-03-20T00:15:00Z,24.119516
2024-03-20T00:30:00Z,24.445631
2024-03-20T00:45:00Z,24.768952
2024-03-20T01:00:00Z,25.088095
2024-03-20T01:15:00Z,25.401697
2024-03-20T01:30:00Z,25.708417
2024-03-20T01:45:00Z,26.006943
2024-03-20T02:00:00Z,26.296000
2024-03-20T02:15:00Z,26.574351
2024-03-20T02:30:00Z,26.840807
2024-03-20T02:45:00Z,27.094229
2024-03-20T03:00:00Z,27.333534
2024-03-20T03:15:00Z,27.557699
2024-03-20T03:30:00Z,27.765767
2024-03-20T03:45:00Z,27.956848
2024-03-20T04:00:00Z,28.130127
2024-03-20T04:15:00Z,28.284864
2024-03-20T04:30:00Z,28.420398
2024-03-20T04:45:00Z,28.536151
2024-03-20T05:00:00Z,28.631629
2024-03-20T05:15:00Z,28.706426
2024-03-20T05:30:00Z,28.760224
2024-03-20T05:45:00Z,28.792795
2024-03-20T06:00:00Z,28.804000
2024-03-20T06:15:00Z,28.793795
2024-03-20T06:30:00Z,28.762224
2024-03-20T06:45:00Z,28.709426
2024-03-20T07:00:00Z,28.635629
2024-03-20T07:15:00Z,28.541151
2024-03-20T07:30:00Z,28.426398
2024-03-20T07:45:00Z,28.291864
2024-03-20T08:00:00Z,28.138127
2024-03-20T08:15:00Z,27.965848
2024-03-20T08:30:00Z,27.775767
2024-03-20T08:45:00Z,27.568699
2024-03-20T09:00:00Z,27.345534
2024-03-20T09:15:00Z,27.107229
2024-03-20T09:30:00Z,26.854807
2024-03-20T09:45:00Z,26.589351
2024-03-20T10:00:00Z,26.312000
2024-03-20T10:15:00Z,26.023943
2024-03-20T10:30:00Z,25.726417
2024-03-20T10:45:00Z,25.420697
2024-03-20T11:00:00Z,25.108095
2024-03-20T11:15:00Z,24.789952
2024-03-20T11:30:00Z,24.467631
2024-03-20T11:45:00Z,24.142516
2024-03-20T12:00:00Z,23.816000
2024-03-20T12:15:00Z,23.489484
2024-03-20T12:30:00Z,23.164369
2024-03-20T12:45:00Z,22.842048
2024-03-20T13:00:00Z,22.523905
2024-03-20T13:15:00Z,22.211303
2024-03-20T13:30:00Z,21.905583
2024-03-20T13:45:00Z,21.608057
2024-03-20T14:00:00Z,21.320000
2024-03-20T14:15:00Z,21.042649
2024-03-20T14:30:00Z,20.777193
2024-03-20T14:45:00Z,20.524771
2024-03-20T15:00:00Z,20.286466
2024-03-20T15:15:00Z,20.063301
2024-03-20T15:30:00Z,19.856233
2024-03-20T15:45:00Z,19.666152
2024-03-20T16:00:00Z,19.493873
2024-03-20T16:15:00Z,19.340136
2024-03-20T16:30:00Z,19.205602
2024-03-20T16:45:00Z,19.090849
2024-03-20T17:00:00Z,18.996371
2024-03-20T17:15:00Z,18.922574
2024-03-20T17:30:00Z,18.869776
2024-03-20T17:45:00Z,18.838205
2024-03-20T18:00:00Z,18.828000
2024-03-20T18:15:00Z,18.839205
2024-03-20T18:30:00Z,18.871776
2024-03-20T18:45:00Z,18.925574
2024-03-20T19:00:00Z,19.000371
2024-03-20T19:15:00Z,19.095849
2024-03-20T19:30:00Z,19.211602
2024-03-20T19:45:00Z,19.347136
2024-03-20T20:00:00Z,19.501873
2024-03-20T20:15:00Z,19.675152
2024-03-20T20:30:00Z,19.866233
2024-03-20T20:45:00Z,20.074301
2024-03-20T21:00:00Z,20.298466
2024-03-20T21:15:00Z,20.537771
2024-03-20T21:30:00Z,20.791193
2024-03-20T21:45:00Z,21.057649
2024-03-20T22:00:00Z,21.336000
2024-03-20T22:15:00Z,21.625057
2024-03-20T22:30:00Z,21.923583
2024-03-20T22:45:00Z,22.230303
2024-03-20T23:00:00Z,22.543905
2024-03-20T23:15:00Z,22.863048
2024-03-20T23:30:00Z,23.186369
2024-03-20T23:45:00Z,23.512484
2024-03-21T00:00:00Z,23.840000
2024-03-21T00:15:00Z,24.167516
2024-03-21T00:30:00Z,24.493631
2024-03-21T00:45:00Z,24.816952
2024-03-21T01:00:00Z,25.136095
2024-03-21T01:15:00Z,25.449697
2024-03-21T01:30:00Z,25.756417
2024-03-21T01:45:00Z,26.054943
2024-03-21T02:00:00Z,26.344000
2024-03-21T02:15:00Z,26.622351
2024-03-21T02:30:00Z,26.888807
2024-03-21T02:45:00Z,27.142229
2024-03-21T03:00:00Z,27.381534
2024-03-21T03:15:00Z,27.605699
2024-03-21T03:30:00Z,27.813767
2024-03-21T03:45:00Z,28.004848
2024-03-21T04:00:00Z,28.178127
2024-03-21T04:15:00Z,28.332864
2024-03-21T04:30:00Z,28.468398
2024-03-21T04:45:00Z,28.584151
2024-03-21T05:00:00Z,28.679629
2024-03-21T05:15:00Z,28.754426
2024-03-21T05:30:00Z,28.808224
2024-03-21T05:45:00Z,28.840795
2024-03-21T06:00:00Z,28.852000
2024-03-21T06:15:00Z,28.841795
2024-03-21T06:30:00Z,28.810224
2024-03-21T06:45:00Z,28.757426
2024-03-21T07:00:00Z,28.683629
2024-03-21T07:15:00Z,28.589151
2024-03-21T07:30:00Z,28.474398
2024-03-21T07:45:00Z,28.339864
2024-03-21T08:00:00Z,28.186127
2024-03-21T08:15:00Z,28.013848
2024-03-21T08:30:00Z,27.823767
2024-03-21T08:45:00Z,27.616699
2024-03-21T09:00:00Z,27.393534
2024-03-21T09:15:00Z,27.155229
2024-03-21T09:30:00Z,26.902807
2024-03-21T09:45:00Z,26.637351
2024-03-21T10:00:00Z,26.360000
2024-03-21T10:15:00Z,26.071943
2024-03-21T10:30:00Z,25.774417
2024-03-21T10:45:00Z,25.468697
2024-03-21T11:00:00Z,25.156095
2024-03-21T11:15:00Z,24.837952
2024-03-21T11:30:00Z,24.515631
2024-03-21T11:45:00Z,24.190516
2024-03-21T12:00:00Z,23.864000
2024-03-21T12:15:00Z,23.537484
2024-03-21T12:30:00Z,23.212369
2024-03-21T12:45:00Z,22.890048
2024-03-21T13:00:00Z,22.571905
2024-03-21T13:15:00Z,22.259303
2024-03-21T13:30:00Z,21.953583
2024-03-21T13:45:00Z,21.656057
2024-03-21T14:00:00Z,21.368000
2024-03-21T14:15:00Z,21.090649
2024-03-21T14:30:00Z,20.825193
2024-03-21T14:45:00Z,20.572771
2024-03-21T15:00:00Z,20.334466
2024-03-21T15:15:00Z,20.111301
2024-03-21T15:30:00Z,19.904233
2024-03-21T15:45:00Z,19.714152
2024-03-21T16:00:00Z,19.541873
2024-03-21T16:15:00Z,19.388136
2024-03-21T16:30:00Z,19.253602
2024-03-21T16:45:00Z,19.138849
2024-03-21T17:00:00Z,19.044371
2024-03-21T17:15:00Z,18.970574
2024-03-21T17:30:00Z,18.917776
2024-03-21T17:45:00Z,18.886205
2024-03-21T18:00:00Z,18.876000
2024-03-21T18:15:00Z,18.887205
2024-03-21T18:30:00Z,18.919776
2024-03-21T18:45:00Z,18.973574
2024-03-21T19:00:00Z,19.048371
2024-03-21T19:15:00Z,19.143849
2024-03-21T19:30:00Z,19.259602
2024-03-21T19:45:00Z,19.395136
2024-03-21T20:00:00Z,19.549873
2024-03-21T20:15:00Z,19.723152
2024-03-21T20:30:00Z,19.914233
2024-03-21T20:45:00Z,20.122301
2024-03-21T21:00:00Z,20.346466
2024-03-21T21:15:00Z,20.585771
2024-03-21T21:30:00Z,20.839193
2024-03-21T21:45:00Z,21.105649
2024-03-21T22:00:00Z,21.384000
2024-03-21T22:15:00Z,21.673057
2024-03-21T22:30:00Z,21.971583
2024-03-21T22:45:00Z,22.278303
2024-03-21T23:00:00Z,22.591905
2024-03-21T23:15:00Z,22.911048
2024-03-21T23:30:00Z,23.234369
2024-03-21T23:45:00Z,23.560484
2024-03-22T00:00:00Z,23.888000
2024-03-22T00:15:00Z,24.215516
2024-03-22T00:30:00Z,24.541631
2024-03-22T00:45:00Z,24.864952
2024-03-22T01:00:00Z,25.184095
2024-03-22T01:15:00Z,25.497697
2024-03-22T01:30:00Z,25.804417
2024-03-22T01:45:00Z,26.102943
2024-03-22T02:00:00Z,26.392000
2024-03-22T02:15:00Z,26.670351
2024-03-22T02:30:00Z,26.936807
2024-03-22T02:45:00Z,27.190229
2024-03-22T03:00:00Z,27.429534
2024-03-22T03:15:00Z,27.653699
2024-03-22T03:30:00Z,27.861767
2024-03-22T03:45:00Z,28.052848
2024-03-22T04:00:00Z,28.226127
2024-03-22T04:15:00Z,28.380864
2024-03-22T04:30:00Z,28.516398
2024-03-22T04:45:00Z,28.632151
2024-03-22T05:00:00Z,28.727629
2024-03-22T05:15:00Z,28.802426
2024-03-22T05:30:00Z,28.856224
2024-03-22T05:45:00Z,28.888795
2024-03-22T06:00:00Z,28.900000
2024-03-22T06:15:00Z,28.889795
2024-03-22T06:30:00Z,28.858224
2024-03-22T06:45:00Z,28.805426
2024-03-22T07:00:00Z,28.731629
2024-03-22T07:15:00Z,28.637151
2024-03-22T07:30:00Z,28.522398
2024-03-22T07:45:00Z,28.387864
2024-03-22T08:00:00Z,28.234127
2024-03-22T08:15:00Z,28.061848
2024-03-22T08:30:00Z,27.871767
2024-03-22T08:45:00Z,27.664699
2024-03-22T09:00:00Z,27.441534
2024-03-22T09:15:00Z,27.203229
2024-03-22T09:30:00Z,26.950807
2024-03-22T09:45:00Z,26.685351
2024-03-22T10:00:00Z,26.408000
2024-03-22T10:15:00Z,26.119943
2024-03-22T10:30:00Z,25.822417
2024-03-22T10:45:00Z,25.516697
2024-03-22T11:00:00Z,25.204095
2024-03-22T11:15:00Z,24.885952
2024-03-22T11:30:00Z,24.563631
2024-03-22T11:45:00Z,24.238516
2024-03-22T12:00:00Z,23.912000
2024-03-22T12:15:00Z,23.585484
2024-03-22T12:30:00Z,23.260369
2024-03-22T12:45:00Z,22.938048
2024-03-22T13:00:00Z,22.619905
2024-03-22T13:15:00Z,22.307303
2024-03-22T13:30:00Z,22.001583
2024-03-22T13:45:00Z,21.704057
2024-03-22T14:00:00Z,21.416000
2024-03-22T14:15:00Z,21.138649
2024-03-22T14:30:00Z,20.873193
2024-03-22T14:45:00Z,20.620771
2024-03-22T15:00:00Z,20.382466
2024-03-22T15:15:00Z,20.159301
2024-03-22T15:30:00Z,19.952233
2024-03-22T15:45:00Z,19.762152
2024-03-22T16:00:00Z,19.589873
2024-03-22T16:15:00Z,19.436136
2024-03-22T16:30:00Z,19.301602
2024-03-22T16:45:00Z,19.186849
2024-03-22T17:00:00Z,19.092371
2024-03-22T17:15:00Z,19.018574
2024-03-22T17:30:00Z,18.965776
2024-03-22T17:45:00Z,18.934205
2024-03-22T18:00:00Z,18.924000
2024-03-22T18:15:00Z,18.935205
2024-03-22T18:30:00Z,18.967776
2024-03-22T18:45:00Z,19.021574
2024-03-22T19:00:00Z,19.096371
2024-03-22T19:15:00Z,19.191849
2024-03-22T19:30:00Z,19.307602
2024-03-22T19:45:00Z,19.443136
2024-03-22T20:00:00Z,19.597873
2024-03-22T20:15:00Z,19.771152
2024-03-22T20:30:00Z,19.962233
2024-03-22T20:45:00Z,20.170301
2024-03-22T21:00:00Z,20.394466
2024-03-22T21:15:00Z,20.633771
2024-03-22T21:30:00Z,20.887193
2024-03-22T21:45:00Z,21.153649
2024-03-22T22:00:00Z,21.432000
2024-03-22T22:15:00Z,21.721057
2024-03-22T22:30:00Z,22.019583
2024-03-22T22:45:00Z,22.326303
2024-03-22T23:00:00Z,22.639905
2024-03-22T23:15:00Z,22.959048
2024-03-22T23:30:00Z,23.282369
2024-03-22T23:45:00Z,23.608484
2024-03-23T00:00:00Z,23.936000
2024-03-23T00:15:00Z,24.263516
2024-03-23T00:30:00Z,24.589631
2024-03-23T00:45:00Z,24.912952
2024-03-23T01:00:00Z,25.232095
2024-03-23T01:15:00Z,25.545697
2024-03-23T01:30:00Z,25.852417
2024-03-23T01:45:00Z,26.150943
2024-03-23T02:00:00Z,26.440000
2024-03-23T02:15:00Z,26.718351
2024-03-23T02:30:00Z,26.984807
2024-03-23T02:45:00Z,27.238229
2024-03-23T03:00:00Z,27.477534
2024-03-23T03:15:00Z,27.701699
2024-03-23T03:30:00Z,27.909767
2024-03-23T03:45:00Z,28.100848
2024-03-23T04:00:00Z,28.274127
2024-03-23T04:15:00Z,28.428864
2024-03-23T04:30:00Z,28.564398
2024-03-23T04:45:00Z,28.680151
2024-03-23T05:00:00Z,28.775629
2024-03-23T05:15:00Z,28.850426
2024-03-23T05:30:00Z,28.904224
2024-03-23T05:45:00Z,28.936795
2024-03-23T06:00:00Z,28.948000
2024-03-23T06:15:00Z,28.937795
2024-03-23T06:30:00Z,28.906224
2024-03-23T06:45:00Z,28.853426
2024-03-23T07:00:00Z,28.779629
2024-03-23T07:15:00Z,28.685151
2024-03-23T07:30:00Z,28.570398
2024-03-23T07:45:00Z,28.435864
2024-03-23T08:00:00Z,28.282127
2024-03-23T08:15:00Z,28.109848
2024-03-23T08:30:00Z,27.919767
2024-03-23T08:45:00Z,27.712699
2024-03-23T09:00:00Z,27.489534
2024-03-23T09:15:00Z,27.251229
2024-03-23T09:30:00Z,26.998807
2024-03-23T09:45:00Z,26.733351
2024-03-23T10:00:00Z,26.456000
2024-03-23T10:15:00Z,26.167943
2024-03-23T10:30:00Z,25.870417
2024-03-23T10:45:00Z,25.564697
2024-03-23T11:00:00Z,25.252095
2024-03-23T11:15:00Z,24.933952
2024-03-23T11:30:00Z,24.611631
2024-03-23T11:45:00Z,24.286516
2024-03-23T12:00:00Z,23.960000
2024-03-23T12:15:00Z,23.633484
2024-03-23T12:30:00Z,23.308369
2024-03-23T12:45:00Z,22.986048
2024-03-23T13:00:00Z,22.667905
2024-03-23T13:15:00Z,22.355303
2024-03-23T13:30:00Z,22.049583
2024-03-23T13:45:00Z,21.752057
2024-03-23T14:00:00Z,21.464000
2024-03-23T14:15:00Z,21.186649
2024-03-23T14:30:00Z,20.921193
2024-03-23T14:45:00Z,20.668771
2024-03-23T15:00:00Z,20.430466
2024-03-23T15:15:00Z,20.207301
2024-03-23T15:30:00Z,20.000233
2024-03-23T15:45:00Z,19.810152
2024-03-23T16:00:00Z,19.637873
2024-03-23T16:15:00Z,19.484136
2024-03-23T16:30:00Z,19.349602
2024-03-23T16:45:00Z,19.234849
2024-03-23T17:00:00Z,19.140371
2024-03-23T17:15:00Z,19.066574
2024-03-23T17:30:00Z,19.013776
2024-03-23T17:45:00Z,18.982205
2024-03-23T18:00:00Z,18.972000
2024-03-23T18:15:00Z,18.983205
2024-03-23T18:30:00Z,19.015776
2024-03-23T18:45:00Z,19.069574
2024-03-23T19:00:00Z,19.144371
2024-03-23T19:15:00Z,19.239849
2024-03-23T19:30:00Z,19.355602
2024-03-23T19:45:00Z,19.491136
2024-03-23T20:00:00Z,19.645873
2024-03-23T20:15:00Z,19.819152
2024-03-23T20:30:00Z,20.010233
2024-03-23T20:45:00Z,20.218301
2024-03-23T21:00:00Z,20.442466
2024-03-23T21:15:00Z,20.681771
2024-03-23T21:30:00Z,20.935193
2024-03-23T21:45:00Z,21.201649
2024-03-23T22:00:00Z,21.480000
2024-03-23T22:15:00Z,21.769057
2024-03-23T22:30:00Z,22.067583
2024-03-23T22:45:00Z,22.374303
2024-03-23T23:00:00Z,22.687905
2024-03-23T23:15:00Z,23.007048
2024-03-23T23:30:00Z,23.330369
2024-03-23T23:45:00Z,23.656484
2024-03-24T00:00:00Z,23.984000
2024-03-24T00:15:00Z,24.311516
2024-03-24T00:30:00Z,24.637631
2024-03-24T00:45:00Z,24.960952
2024-03-24T01:00:00Z,25.280095
2024-03-24T01:15:00Z,25.593697
2024-03-24T01:30:00Z,25.900417
2024-03-24T01:45:00Z,26.198943
2024-03-24T02:00:00Z,26.488000
2024-03-24T02:15:00Z,26.766351
2024-03-24T02:30:00Z,27.032807
2024-03-24T02:45:00Z,27.286229
2024-03-24T03:00:00Z,27.525534
2024-03-24T03:15:00Z,27.749699
2024-03-24T03:30:00Z,27.957767
2024-03-24T03:45:00Z,28.148848
2024-03-24T04:00:00Z,28.322127
2024-03-24T04:15:00Z,28.476864
2024-03-24T04:30:00Z,28.612398
2024-03-24T04:45:00Z,28.728151
2024-03-24T05:00:00Z,28.823629
2024-03-24T05:15:00Z,28.898426
2024-03-24T05:30:00Z,28.952224
2024-03-24T05:45:00Z,28.984795
2024-03-24T06:00:00Z,28.996000
2024-03-24T06:15:00Z,28.985795
2024-03-24T06:30:00Z,28.954224
2024-03-24T06:45:00Z,28.901426
2024-03-24T07:00:00Z,28.827629
2024-03-24T07:15:00Z,28.733151
2024-03-24T07:30:00Z,28.618398
2024-03-24T07:45:00Z,28.483864
2024-03-24T08:00:00Z,28.330127
2024-03-24T08:15:00Z,28.157848
2024-03-24T08:30:00Z,27.967767
2024-03-24T08:45:00Z,27.760699
2024-03-24T09:00:00Z,27.537534
2024-03-24T09:15:00Z,27.299229
2024-03-24T09:30:00Z,27.046807
2024-03-24T09:45:00Z,26.781351
2024-03-24T10:00:00Z,26.504000
2024-03-24T10:15:00Z,26.215943
2024-03-24T10:30:00Z,25.918417
2024-03-24T10:45:00Z,25.612697
2024-03-24T11:00:00Z,25.300095
2024-03-24T11:15:00Z,24.981952
2024-03-24T11:30:00Z,24.659631
2024-03-24T11:45:00Z,24.334516
2024-03-24T12:00:00Z,24.008000
2024-03-24T12:15:00Z,23.681484
2024-03-24T12:30:00Z,23.356369
2024-03-24T12:45:00Z,23.034048
2024-03-24T13:00:00Z,22.715905
2024-03-24T13:15:00Z,22.403303
2024-03-24T13:30:00Z,22.097583
2024-03-24T13:45:00Z,21.800057
2024-03-24T14:00:00Z,21.512000
2024-03-24T14:15:00Z,21.234649
2024-03-24T14:30:00Z,20.969193
2024-03-24T14:45:00Z,20.716771
2024-03-24T15:00:00Z,20.478466
2024-03-24T15:15:00Z,20.255301
2024-03-24T15:30:00Z,20.048233
2024-03-24T15:45:00Z,19.858152
2024-03-24T16:00:00Z,19.685873
2024-03-24T16:15:00Z,19.532136
2024-03-24T16:30:00Z,19.397602
2024-03-24T16:45:00Z,19.282849
2024-03-24T17:00:00Z,19.188371
2024-03-24T17:15:00Z,19.114574
2024-03-24T17:30:00Z,19.061776
2024-03-24T17:45:00Z,19.030205
2024-03-24T18:00:00Z,19.020000
2024-03-24T18:15:00Z,19.031205
2024-03-24T18:30:00Z,19.063776
2024-03-24T18:45:00Z,19.117574
2024-03-24T19:00:00Z,19.192371
2024-03-24T19:15:00Z,19.287849
2024-03-24T19:30:00Z,19.403602
2024-03-24T19:45:00Z,19.539136
2024-03-24T20:00:00Z,19.693873
2024-03-24T20:15:00Z,19.867152
2024-03-24T20:30:00Z,20.058233
2024-03-24T20:45:00Z,20.266301
2024-03-24T21:00:00Z,20.490466
2024-03-24T21:15:00Z,20.729771
2024-03-24T21:30:00Z,20.983193
2024-03-24T21:45:00Z,21.249649
2024-03-24T22:00:00Z,21.528000
2024-03-24T22:15:00Z,21.817057
2024-03-24T22:30:00Z,22.115583
2024-03-24T22:45:00Z,22.422303
2024-03-24T23:00:00Z,22.735905
2024-03-24T23:15:00Z,23.055048
2024-03-24T23:30:00Z,23.378369
2024-03-24T23:45:00Z,23.704484
2024-03-25T00:00:00Z,24.032000
2024-03-25T00:15:00Z,24.359516
2024-03-25T00:30:00Z,24.685631
2024-03-25T00:45:00Z,25.008952
2024-03-25T01:00:00Z,25.328095
2024-03-25T01:15:00Z,25.641697
2024-03-25T01:30:00Z,25.948417
2024-03-25T01:45:00Z,26.246943
2024-03-25T02:00:00Z,26.536000
2024-03-25T02:15:00Z,26.814351
2024-03-25T02:30:00Z,27.080807
2024-03-25T02:45:00Z,27.334229
2024-03-25T03:00:00Z,27.573534
2024-03-25T03:15:00Z,27.797699
2024-03-25T03:30:00Z,28.005767
2024-03-25T03:45:00Z,28.196848
2024-03-25T04:00:00Z,28.370127
2024-03-25T04:15:00Z,28.524864
2024-03-25T04:30:00Z,28.660398
2024-03-25T04:45:00Z,28.776151
2024-03-25T05:00:00Z,28.871629
2024-03-25T05:15:00Z,28.946426
2024-03-25T05:30:00Z,29.000224
2024-03-25T05:45:00Z,29.032795
2024-03-25T06:00:00Z,29.044000
2024-03-25T06:15:00Z,29.033795
2024-03-25T06:30:00Z,29.002224
2024-03-25T06:45:00Z,28.949426
2024-03-25T07:00:00Z,28.875629
2024-03-25T07:15:00Z,28.781151
2024-03-25T07:30:00Z,28.666398
2024-03-25T07:45:00Z,28.531864
2024-03-25T08:00:00Z,28.378127
2024-03-25T08:15:00Z,28.205848
2024-03-25T08:30:00Z,28.015767
2024-03-25T08:45:00Z,27.808699
2024-03-25T09:00:00Z,27.585534
2024-03-25T09:15:00Z,27.347229
2024-03-25T09:30:00Z,27.094807
2024-03-25T09:45:00Z,26.829351
2024-03-25T10:00:00Z,26.552000
2024-03-25T10:15:00Z,26.263943
2024-03-25T10:30:00Z,25.966417
2024-03-25T10:45:00Z,25.660697
2024-03-25T11:00:00Z,25.348095
2024-03-25T11:15:00Z,25.029952
2024-03-25T11:30:00Z,24.707631
2024-03-25T11:45:00Z,24.382516
2024-03-25T12:00:00Z,24.056000
2024-03-25T12:15:00Z,23.729484
2024-03-25T12:30:00Z,23.404369
2024-03-25T12:45:00Z,23.082048
2024-03-25T13:00:00Z,22.763905
2024-03-25T13:15:00Z,22.451303
2024-03-25T13:30:00Z,22.145583
2024-03-25T13:45:00Z,21.848057
2024-03-25T14:00:00Z,21.560000
2024-03-25T14:15:00Z,21.282649
2024-03-25T14:30:00Z,21.017193
2024-03-25T14:45:00Z,20.764771
2024-03-25T15:00:00Z,20.526466
2024-03-25T15:15:00Z,20.303301
2024-03-25T15:30:00Z,20.096233
2024-03-25T15:45:00Z,19.906152
2024-03-25T16:00:00Z,19.733873
2024-03-25T16:15:00Z,19.580136
2024-03-25T16:30:00Z,19.445602
2024-03-25T16:45:00Z,19.330849
2024-03-25T17:00:00Z,19.236371
2024-03-25T17:15:00Z,19.162574
2024-03-25T17:30:00Z,19.109776
2024-03-25T17:45:00Z,19.078205
2024-03-25T18:00:00Z,19.068000
2024-03-25T18:15:00Z,19.079205
2024-03-25T18:30:00Z,19.111776
2024-03-25T18:45:00Z,19.165574
2024-03-25T19:00:00Z,19.240371
2024-03-25T19:15:00Z,19.335849
2024-03-25T19:30:00Z,19.451602
2024-03-25T19:45:00Z,19.587136
2024-03-25T20:00:00Z,19.741873
2024-03-25T20:15:00Z,19.915152
2024-03-25T20:30:00Z,20.106233
2024-03-25T20:45:00Z,20.314301
2024-03-25T21:00:00Z,20.538466
2024-03-25T21:15:00Z,20.777771
2024-03-25T21:30:00Z,21.031193
2024-03-25T21:45:00Z,21.297649
2024-03-25T22:00:00Z,21.576000
2024-03-25T22:15:00Z,21.865057
2024-03-25T22:30:00Z,22.163583
2024-03-25T22:45:00Z,22.470303
2024-03-25T23:00:00Z,22.783905
2024-03-25T23:15:00Z,23.103048
2024-03-25T23:30:00Z,23.426369
2024-03-25T23:45:00Z,23.752484
2024-03-26T00:00:00Z,24.080000
2024-03-26T00:15:00Z,24.407516
2024-03-26T00:30:00Z,24.733631
2024-03-26T00:45:00Z,25.056952
2024-03-26T01:00:00Z,25.376095
2024-03-26T01:15:00Z,25.689697
2024-03-26T01:30:00Z,25.996417
2024-03-26T01:45:00Z,26.294943
2024-03-26T02:00:00Z,26.584000
2024-03-26T02:15:00Z,26.862351
2024-03-26T02:30:00Z,27.128807
2024-03-26T02:45:00Z,27.382229
2024-03-26T03:00:00Z,27.621534
2024-03-26T03:15:00Z,27.845699
2024-03-26T03:30:00Z,28.053767
2024-03-26T03:45:00Z,28.244848
2024-03-26T04:00:00Z,28.418127
2024-03-26T04:15:00Z,28.572864
2024-03-26T04:30:00Z,28.708398
2024-03-26T04:45:00Z,28.824151
2024-03-26T05:00:00Z,28.919629
2024-03-26T05:15:00Z,28.994426
2024-03-26T05:30:00Z,29.048224
2024-03-26T05:45:00Z,29.080795
2024-03-26T06:00:00Z,29.092000
2024-03-26T06:15:00Z,29.081795
2024-03-26T06:30:00Z,29.050224
2024-03-26T06:45:00Z,28.997426
2024-03-26T07:00:00Z,28.923629
2024-03-26T07:15:00Z,28.829151
2024-03-26T07:30:00Z,28.714398
2024-03-26T07:45:00Z,28.579864
2024-03-26T08:00:00Z,28.426127
2024-03-26T08:15:00Z,28.253848
2024-03-26T08:30:00Z,28.063767
2024-03-26T08:45:00Z,27.856699
2024-03-26T09:00:00Z,27.633534
2024-03-26T09:15:00Z,27.395229
2024-03-26T09:30:00Z,27.142807
2024-03-26T09:45:00Z,26.877351
2024-03-26T10:00:00Z,26.600000
2024-03-26T10:15:00Z,26.311943
2024-03-26T10:30:00Z,26.014417
2024-03-26T10:45:00Z,25.708697
2024-03-26T11:00:00Z,25.396095
2024-03-26T11:15:00Z,25.077952
2024-03-26T11:30:00Z,24.755631
2024-03-26T11:45:00Z,24.430516
2024-03-26T12:00:00Z,24.104000
2024-03-26T12:15:00Z,23.777484
2024-03-26T12:30:00Z,23.452369
2024-03-26T12:45:00Z,23.130048
2024-03-26T13:00:00Z,22.811905
2024-03-26T13:15:00Z,22.499303
2024-03-26T13:30:00Z,22.193583
2024-03-26T13:45:00Z,21.896057
2024-03-26T14:00:00Z,21.608000
2024-03-26T14:15:00Z,21.330649
2024-03-26T14:30:00Z,21.065193
2024-03-26T14:45:00Z,20.812771
2024-03-26T15:00:00Z,20.574466
2024-03-26T15:15:00Z,20.351301
2024-03-26T15:30:00Z,20.144233
2024-03-26T15:45:00Z,19.954152
2024-03-26T16:00:00Z,19.781873
2024-03-26T16:15:00Z,19.628136
2024-03-26T16:30:00Z,19.493602
2024-03-26T16:45:00Z,19.378849
2024-03-26T17:00:00Z,19.284371
2024-03-26T17:15:00Z,19.210574
2024-03-26T17:30:00Z,19.157776
2024-03-26T17:45:00Z,19.126205
2024-03-26T18:00:00Z,19.116000
2024-03-26T18:15:00Z,19.127205
2024-03-26T18:30:00Z,19.159776
2024-03-26T18:45:00Z,19.213574
2024-03-26T19:00:00Z,19.288371
2024-03-26T19:15:00Z,19.383849
2024-03-26T19:30:00Z,19.499602
2024-03-26T19:45:00Z,19.635136
2024-03-26T20:00:00Z,19.789873
2024-03-26T20:15:00Z,19.963152
2024-03-26T20:30:00Z,20.154233
2024-03-26T20:45:00Z,20.362301
2024-03-26T21:00:00Z,20.586466
2024-03-26T21:15:00Z,20.825771
2024-03-26T21:30:00Z,21.079193
2024-03-26T21:45:00Z,21.345649
2024-03-26T22:00:00Z,21.624000
2024-03-26T22:15:00Z,21.913057
2024-03-26T22:30:00Z,22.211583
2024-03-26T22:45:00Z,22.518303
2024-03-26T23:00:00Z,22.831905
2024-03-26T23:15:00Z,23.151048
2024-03-26T23:30:00Z,23.474369
2024-03-26T23:45:00Z,23.800484
2024-03-27T00:00:00Z,24.128000
2024-03-27T00:15:00Z,24.455516
2024-03-27T00:30:00Z,24.781631
2024-03-27T00:45:00Z,25.104952
2024-03-27T01:00:00Z,25.424095
2024-03-27T01:15:00Z,25.737697
2024-03-27T01:30:00Z,26.044417
2024-03-27T01:45:00Z,26.342943
2024-03-27T02:00:00Z,26.632000
2024-03-27T02:15:00Z,26.910351
2024-03-27T02:30:00Z,27.176807
2024-03-27T02:45:00Z,27.430229
2024-03-27T03:00:00Z,27.669534
2024-03-27T03:15:00Z,27.893699
2024-03-27T03:30:00Z,28.101767
2024-03-27T03:45:00Z,28.292848
2024-03-27T04:00:00Z,28.466127
2024-03-27T04:15:00Z,28.620864
2024-03-27T04:30:00Z,28.756398
2024-03-27T04:45:00Z,28.872151
2024-03-27T05:00:00Z,28.967629
2024-03-27T05:15:00Z,29.042426
2024-03-27T05:30:00Z,29.096224
2024-03-27T05:45:00Z,29.128795
2024-03-27T06:00:00Z,29.140000
2024-03-27T06:15:00Z,29.129795
2024-03-27T06:30:00Z,29.098224
2024-03-27T06:45:00Z,29.045426
2024-03-27T07:00:00Z,28.971629
2024-03-27T07:15:00Z,28.877151
2024-03-27T07:30:00Z,28.762398
2024-03-27T07:45:00Z,28.627864
2024-03-27T08:00:00Z,28.474127
2024-03-27T08:15:00Z,28.301848
2024-03-27T08:30:00Z,28.111767
2024-03-27T08:45:00Z,27.904699
2024-03-27T09:00:00Z,27.681534
2024-03-27T09:15:00Z,27.443229
2024-03-27T09:30:00Z,27.190807
2024-03-27T09:45:00Z,26.925351
2024-03-27T10:00:00Z,26.648000
2024-03-27T10:15:00Z,26.359943
2024-03-27T10:30:00Z,26.062417
2024-03-27T10:45:00Z,25.756697
2024-03-27T11:00:00Z,25.444095
2024-03-27T11:15:00Z,25.125952
2024-03-27T11:30:00Z,24.803631
2024-03-27T11:45:00Z,24.478516
2024-03-27T12:00:00Z,24.152000
2024-03-27T12:15:00Z,23.825484
2024-03-27T12:30:00Z,23.500369
2024-03-27T12:45:00Z,23.178048
2024-03-27T13:00:00Z,22.859905
2024-03-27T13:15:00Z,22.547303
2024-03-27T13:30:00Z,22.241583
2024-03-27T13:45:00Z,21.944057
2024-03-27T14:00:00Z,21.656000
2024-03-27T14:15:00Z,21.378649
2024-03-27T14:30:00Z,21.113193
2024-03-27T14:45:00Z,20.860771
2024-03-27T15:00:00Z,20.622466
2024-03-27T15:15:00Z,20.399301
2024-03-27T15:30:00Z,20.192233
2024-03-27T15:45:00Z,20.002152
2024-03-27T16:00:00Z,19.829873
2024-03-27T16:15:00Z,19.676136
2024-03-27T16:30:00Z,19.541602
2024-03-27T16:45:00Z,19.426849
2024-03-27T17:00:00Z,19.332371
2024-03-27T17:15:00Z,19.258574
2024-03-27T17:30:00Z,19.205776
2024-03-27T17:45:00Z,19.174205
2024-03-27T18:00:00Z,19.164000
2024-03-27T18:15:00Z,19.175205
2024-03-27T18:30:00Z,19.207776
2024-03-27T18:45:00Z,19.261574
2024-03-27T19:00:00Z,19.336371
2024-03-27T19:15:00Z,19.431849
2024-03-27T19:30:00Z,19.547602
2024-03-27T19:45:00Z,19.683136
2024-03-27T20:00:00Z,19.837873
2024-03-27T20:15:00Z,20.011152
2024-03-27T20:30:00Z,20.202233
2024-03-27T20:45:00Z,20.410301
2024-03-27T21:00:00Z,20.634466
2024-03-27T21:15:00Z,20.873771
2024-03-27T21:30:00Z,21.127193
2024-03-27T21:45:00Z,21.393649
2024-03-27T22:00:00Z,21.672000
2024-03-27T22:15:00Z,21.961057
2024-03-27T22:30:00Z,22.259583
2024-03-27T22:45:00Z,22.566303
2024-03-27T23:00:00Z,22.879905
2024-03-27T23:15:00Z,23.199048
2024-03-27T23:30:00Z,23.522369
2024-03-27T23:45:00Z,23.848484
2024-03-28T00:00:00Z,24.176000
2024-03-28T00:15:00Z,24.503516
2024-03-28T00:30:00Z,24.829631
2024-03-28T00:45:00Z,25.152952
2024-03-28T01:00:00Z,25.472095
2024-03-28T01:15:00Z,25.785697
2024-03-28T01:30:00Z,26.092417
2024-03-28T01:45:00Z,26.390943
2024-03-28T02:00:00Z,26.680000
2024-03-28T02:15:00Z,26.958351
2024-03-28T02:30:00Z,27.224807
2024-03-28T02:45:00Z,27.478229
2024-03-28T03:00:00Z,27.717534
2024-03-28T03:15:00Z,27.941699
2024-03-28T03:30:00Z,28.149767
2024-03-28T03:45:00Z,28.340848
2024-03-28T04:00:00Z,28.514127
2024-03-28T04:15:00Z,28.668864
2024-03-28T04:30:00Z,28.804398
2024-03-28T04:45:00Z,28.920151
2024-03-28T05:00:00Z,29.015629
2024-03-28T05:15:00Z,29.090426
2024-03-28T05:30:00Z,29.144224
2024-03-28T05:45:00Z,29.176795
2024-03-28T06:00:00Z,29.188000
2024-03-28T06:15:00Z,29.177795
2024-03-28T06:30:00Z,29.146224
2024-03-28T06:45:00Z,29.093426
2024-03-28T07:00:00Z,29.019629
2024-03-28T07:15:00Z,28.925151
2024-03-28T07:30:00Z,28.810398
2024-03-28T07:45:00Z,28.675864
2024-03-28T08:00:00Z,28.522127
2024-03-28T08:15:00Z,28.349848
2024-03-28T08:30:00Z,28.159767
2024-03-28T08:45:00Z,27.952699
2024-03-28T09:00:00Z,27.729534
2024-03-28T09:15:00Z,27.491229
2024-03-28T09:30:00Z,27.238807
2024-03-28T09:45:00Z,26.973351
2024-03-28T10:00:00Z,26.696000
2024-03-28T10:15:00Z,26.407943
2024-03-28T10:30:00Z,26.110417
2024-03-28T10:45:00Z,25.804697
2024-03-28T11:00:00Z,25.492095
2024-03-28T11:15:00Z,25.173952
2024-03-28T11:30:00Z,24.851631
2024-03-28T11:45:00Z,24.526516
2024-03-28T12:00:00Z,24.200000
2024-03-28T12:15:00Z,23.873484
2024-03-28T12:30:00Z,23.548369
2024-03-28T12:45:00Z,23.226048
2024-03-28T13:00:00Z,22.907905
2024-03-28T13:15:00Z,22.595303
2024-03-28T13:30:00Z,22.289583
2024-03-28T13:45:00Z,21.992057
2024-03-28T14:00:00Z,21.704000
2024-03-28T14:15:00Z,21.426649
2024-03-28T14:30:00Z,21.161193
2024-03-28T14:45:00Z,20.908771
2024-03-28T15:00:00Z,20.670466
2024-03-28T15:15:00Z,20.447301
2024-03-28T15:30:00Z,20.240233
2024-03-28T15:45:00Z,20.050152
2024-03-28T16:00:00Z,19.877873
2024-03-28T16:15:00Z,19.724136
2024-03-28T16:30:00Z,19.589602
2024-03-28T16:45:00Z,19.474849
2024-03-28T17:00:00Z,19.380371
2024-03-28T17:15:00Z,19.306574
2024-03-28T17:30:00Z,19.253776
2024-03-28T17:45:00Z,19.222205
2024-03-28T18:00:00Z,19.212000
2024-03-28T18:15:00Z,19.223205
2024-03-28T18:30:00Z,19.255776
2024-03-28T18:45:00Z,19.309574
2024-03-28T19:00:00Z,19.384371
2024-03-28T19:15:00Z,19.479849
2024-03-28T19:30:00Z,19.595602
2024-03-28T19:45:00Z,19.731136
2024-03-28T20:00:00Z,19.885873
2024-03-28T20:15:00Z,20.059152
2024-03-28T20:30:00Z,20.250233
2024-03-28T20:45:00Z,20.458301
2024-03-28T21:00:00Z,20.682466
2024-03-28T21:15:00Z,20.921771
2024-03-28T21:30:00Z,21.175193
2024-03-28T21:45:00Z,21.441649
2024-03-28T22:00:00Z,21.720000
2024-03-28T22:15:00Z,22.009057
2024-03-28T22:30:00Z,22.307583
2024-03-28T22:45:00Z,22.614303
2024-03-28T23:00:00Z,22.927905
2024-03-28T23:15:00Z,23.247048
2024-03-28T23:30:00Z,23.570369
2024-03-28T23:45:00Z,23.896484
2024-03-29T00:00:00Z,24.224000
2024-03-29T00:15:00Z,24.551516
2024-03-29T00:30:00Z,24.877631
2024-03-29T00:45:00Z,25.200952
2024-03-29T01:00:00Z,25.520095
2024-03-29T01:15:00Z,25.833697
2024-03-29T01:30:00Z,26.140417
2024-03-29T01:45:00Z,26.438943
2024-03-29T02:00:00Z,26.728000
2024-03-29T02:15:00Z,27.006351
2024-03-29T02:30:00Z,27.272807
2024-03-29T02:45:00Z,27.526229
2024-03-29T03:00:00Z,27.765534
2024-03-29T03:15:00Z,27.989699
2024-03-29T03:30:00Z,28.197767
2024-03-29T03:45:00Z,28.388848
2024-03-29T04:00:00Z,28.562127
2024-03-29T04:15:00Z,28.716864
2024-03-29T04:30:00Z,28.852398
2024-03-29T04:45:00Z,28.968151
2024-03-29T05:00:00Z,29.063629
2024-03-29T05:15:00Z,29.138426
2024-03-29T05:30:00Z,29.192224
2024-03-29T05:45:00Z,29.224795
2024-03-29T06:00:00Z,29.236000
2024-03-29T06:15:00Z,29.225795
2024-03-29T06:30:00Z,29.194224
2024-03-29T06:45:00Z,29.141426
2024-03-29T07:00:00Z,29.067629
2024-03-29T07:15:00Z,28.973151
2024-03-29T07:30:00Z,28.858398
2024-03-29T07:45:00Z,28.723864
2024-03-29T08:00:00Z,28.570127
2024-03-29T08:15:00Z,28.397848
2024-03-29T08:30:00Z,28.207767
2024-03-29T08:45:00Z,28.000699
2024-03-29T09:00:00Z,27.777534
2024-03-29T09:15:00Z,27.539229
2024-03-29T09:30:00Z,27.286807
2024-03-29T09:45:00Z,27.021351
2024-03-29T10:00:00Z,26.744000
2024-03-29T10:15:00Z,26.455943
2024-03-29T10:30:00Z,26.158417
2024-03-29T10:45:00Z,25.852697
2024-03-29T11:00:00Z,25.540095
2024-03-29T11:15:00Z,25.221952
2024-03-29T11:30:00Z,24.899631
2024-03-29T11:45:00Z,24.574516
2024-03-29T12:00:00Z,24.248000
2024-03-29T12:15:00Z,23.921484
2024-03-29T12:30:00Z,23.596369
2024-03-29T12:45:00Z,23.274048
2024-03-29T13:00:00Z,22.955905
2024-03-29T13:15:00Z,22.643303
2024-03-29T13:30:00Z,22.337583
2024-03-29T13:45:00Z,22.040057
2024-03-29T14:00:00Z,21.752000
2024-03-29T14:15:00Z,21.474649
2024-03-29T14:30:00Z,21.209193
2024-03-29T14:45:00Z,20.956771
2024-03-29T15:00:00Z,20.718466
2024-03-29T15:15:00Z,20.495301
2024-03-29T15:30:00Z,20.288233
2024-03-29T15:45:00Z,20.098152
2024-03-29T16:00:00Z,19.925873
2024-03-29T16:15:00Z,19.772136
2024-03-29T16:30:00Z,19.637602
2024-03-29T16:45:00Z,19.522849
2024-03-29T17:00:00Z,19.428371
2024-03-29T17:15:00Z,19.354574
2024-03-29T17:30:00Z,19.301776
2024-03-29T17:45:00Z,19.270205
2024-03-29T18:00:00Z,19.260000
2024-03-29T18:15:00Z,19.271205
2024-03-29T18:30:00Z,19.303776
2024-03-29T18:45:00Z,19.357574
2024-03-29T19:00:00Z,19.432371
2024-03-29T19:15:00Z,19.527849
2024-03-29T19:30:00Z,19.643602
2024-03-29T19:45:00Z,19.779136
2024-03-29T20:00:00Z,19.933873
2024-03-29T20:15:00Z,20.107152
2024-03-29T20:30:00Z,20.298233
2024-03-29T20:45:00Z,20.506301
2024-03-29T21:00:00Z,20.730466
2024-03-29T21:15:00Z,20.969771
2024-03-29T21:30:00Z,21.223193
2024-03-29T21:45:00Z,21.489649
2024-03-29T22:00:00Z,21.768000
2024-03-29T22:15:00Z,22.057057
2024-03-29T22:30:00Z,22.355583
2024-03-29T22:45:00Z,22.662303
2024-03-29T23:00:00Z,22.975905
2024-03-29T23:15:00Z,23.295048
2024-03-29T23:30:00Z,23.618369
2024-03-29T23:45:00Z,23.944484
2024-03-30T00:00:00Z,24.272000
2024-03-30T00:15:00Z,24.599516
2024-03-30T00:30:00Z,24.925631
2024-03-30T00:45:00Z,25.248952
2024-03-30T01:00:00Z,25.568095
2024-03-30T01:15:00Z,25.881697
2024-03-30T01:30:00Z,26.188417
2024-03-30T01:45:00Z,26.486943
2024-03-30T02:00:00Z,26.776000
2024-03-30T02:15:00Z,27.054351
2024-03-30T02:30:00Z,27.320807
2024-03-30T02:45:00Z,27.574229
2024-03-30T03:00:00Z,27.813534
2024-03-30T03:15:00Z,28.037699
2024-03-30T03:30:00Z,28.245767
2024-03-30T03:45:00Z,28.436848
2024-03-30T04:00:00Z,28.610127
2024-03-30T04:15:00Z,28.764864
2024-03-30T04:30:00Z,28.900398
2024-03-30T04:45:00Z,29.016151
2024-03-30T05:00:00Z,29.111629
2024-03-30T05:15:00Z,29.186426
2024-03-30T05:30:00Z,29.240224
2024-03-30T05:45:00Z,29.272795
2024-03-30T06:00:00Z,29.284000
2024-03-30T06:15:00Z,29.273795
2024-03-30T06:30:00Z,29.242224
2024-03-30T06:45:00Z,29.189426
2024-03-30T07:00:00Z,29.115629
2024-03-30T07:15:00Z,29.021151
2024-03-30T07:30:00Z,28.906398
2024-03-30T07:45:00Z,28.771864
2024-03-30T08:00:00Z,28.618127
2024-03-30T08:15:00Z,28.445848
2024-03-30T08:30:00Z,28.255767
2024-03-30T08:45:00Z,28.048699
2024-03-30T09:00:00Z,27.825534
2024-03-30T09:15:00Z,27.587229
2024-03-30T09:30:00Z,27.334807
2024-03-30T09:45:00Z,27.069351
2024-03-30T10:00:00Z,26.792000
2024-03-30T10:15:00Z,26.503943
2024-03-30T10:30:00Z,26.206417
2024-03-30T10:45:00Z,25.900697
2024-03-30T11:00:00Z,25.588095
2024-03-30T11:15:00Z,25.269952
2024-03-30T11:30:00Z,24.947631
2024-03-30T11:45:00Z,24.622516
2024-03-30T12:00:00Z,24.296000
2024-03-30T12:15:00Z,23.969484
2024-03-30T12:30:00Z,23.644369
2024-03-30T12:45:00Z,23.322048
2024-03-30T13:00:00Z,23.003905
2024-03-30T13:15:00Z,22.691303
2024-03-30T13:30:00Z,22.385583
2024-03-30T13:45:00Z,22.088057
2024-03-30T14:00:00Z,21.800000
2024-03-30T14:15:00Z,21.522649
2024-03-30T14:30:00Z,21.257193
2024-03-30T14:45:00Z,21.004771
2024-03-30T15:00:00Z,20.766466
2024-03-30T15:15:00Z,20.543301
2024-03-30T15:30:00Z,20.336233
2024-03-30T15:45:00Z,20.146152
2024-03-30T16:00:00Z,19.973873
2024-03-30T16:15:00Z,19.820136
2024-03-30T16:30:00Z,19.685602
2024-03-30T16:45:00Z,19.570849
2024-03-30T17:00:00Z,19.476371
2024-03-30T17:15:00Z,19.402574
2024-03-30T17:30:00Z,19.349776
2024-03-30T17:45:00Z,19.318205
2024-03-30T18:00:00Z,19.308000
2024-03-30T18:15:00Z,19.319205
2024-03-30T18:30:00Z,19.351776
2024-03-30T18:45:00Z,19.405574
2024-03-30T19:00:00Z,19.480371
2024-03-30T19:15:00Z,19.575849
2024-03-30T19:30:00Z,19.691602
2024-03-30T19:45:00Z,19.827136
2024-03-30T20:00:00Z,19.981873
2024-03-30T20:15:00Z,20.155152
2024-03-30T20:30:00Z,20.346233
2024-03-30T20:45:00Z,20.554301
2024-03-30T21:00:00Z,20.778466
2024-03-30T21:15:00Z,21.017771
2024-03-30T21:30:00Z,21.271193
2024-03-30T21:45:00Z,21.537649
2024-03-30T22:00:00Z,21.816000
2024-03-30T22:15:00Z,22.105057
2024-03-30T22:30:00Z,22.403583
2024-03-30T22:45:00Z,22.710303
2024-03-30T23:00:00Z,23.023905
2024-03-30T23:15:00Z,23.343048
2024-03-30T23:30:00Z,23.666369
2024-03-30T23:45:00Z,23.992484
2024-03-31T00:00:00Z,24.320000
2024-03-31T00:15:00Z,24.647516
2024-03-31T00:30:00Z,24.973631
2024-03-31T00:45:00Z,25.296952
2024-03-31T01:00:00Z,25.616095
2024-03-31T01:15:00Z,25.929697
2024-03-31T01:30:00Z,26.236417
2024-03-31T01:45:00Z,26.534943
2024-03-31T02:00:00Z,26.824000
2024-03-31T02:15:00Z,27.102351
2024-03-31T02:30:00Z,27.368807
2024-03-31T02:45:00Z,27.622229
2024-03-31T03:00:00Z,27.861534
2024-03-31T03:15:00Z,28.085699
2024-03-31T03:30:00Z,28.293767
2024-03-31T03:45:00Z,28.484848
2024-03-31T04:00:00Z,28.658127
2024-03-31T04:15:00Z,28.812864
2024-03-31T04:30:00Z,28.948398
2024-03-31T04:45:00Z,29.064151
2024-03-31T05:00:00Z,29.159629
2024-03-31T05:15:00Z,29.234426
2024-03-31T05:30:00Z,29.288224
2024-03-31T05:45:00Z,29.320795
2024-03-31T06:00:00Z,29.332000
2024-03-31T06:15:00Z,29.321795
2024-03-31T06:30:00Z,29.290224
2024-03-31T06:45:00Z,29.237426
2024-03-31T07:00:00Z,29.163629
2024-03-31T07:15:00Z,29.069151
2024-03-31T07:30:00Z,28.954398
2024-03-31T07:45:00Z,28.819864
2024-03-31T08:00:00Z,28.666127
2024-03-31T08:15:00Z,28.493848
2024-03-31T08:30:00Z,28.303767
2024-03-31T08:45:00Z,28.096699
2024-03-31T09:00:00Z,27.873534
2024-03-31T09:15:00Z,27.635229
2024-03-31T09:30:00Z,27.382807
2024-03-31T09:45:00Z,27.117351
2024-03-31T10:00:00Z,26.840000
2024-03-31T10:15:00Z,26.551943
2024-03-31T10:30:00Z,26.254417
2024-03-31T10:45:00Z,25.948697
2024-03-31T11:00:00Z,25.636095
2024-03-31T11:15:00Z,25.317952
2024-03-31T11:30:00Z,24.995631
2024-03-31T11:45:00Z,24.670516
2024-03-31T12:00:00Z,24.344000
2024-03-31T12:15:00Z,24.017484
2024-03-31T12:30:00Z,23.692369
2024-03-31T12:45:00Z,23.370048
2024-03-31T13:00:00Z,23.051905
2024-03-31T13:15:00Z,22.739303
2024-03-31T13:30:00Z,22.433583
2024-03-31T13:45:00Z,22.136057
2024-03-31T14:00:00Z,21.848000
2024-03-31T14:15:00Z,21.570649
2024-03-31T14:30:00Z,21.305193
2024-03-31T14:45:00Z,21.052771
2024-03-31T15:00:00Z,20.814466
2024-03-31T15:15:00Z,20.591301
2024-03-31T15:30:00Z,20.384233
2024-03-31T15:45:00Z,20.194152
2024-03-31T16:00:00Z,20.021873
2024-03-31T16:15:00Z,19.868136
2024-03-31T16:30:00Z,19.733602
2024-03-31T16:45:00Z,19.618849
2024-03-31T17:00:00Z,19.524371
2024-03-31T17:15:00Z,19.450574
2024-03-31T17:30:00Z,19.397776
2024-03-31T17:45:00Z,19.366205
2024-03-31T18:00:00Z,19.356000
2024-03-31T18:15:00Z,19.367205
2024-03-31T18:30:00Z,19.399776
2024-03-31T18:45:00Z,19.453574
2024-03-31T19:00:00Z,19.528371
2024-03-31T19:15:00Z,19.623849
2024-03-31T19:30:00Z,19.739602
2024-03-31T19:45:00Z,19.875136
2024-03-31T20:00:00Z,20.029873
2024-03-31T20:15:00Z,20.203152
2024-03-31T20:30:00Z,20.394233
2024-03-31T20:45:00Z,20.602301
2024-03-31T21:00:00Z,20.826466
2024-03-31T21:15:00Z,21.065771
2024-03-31T21:30:00Z,21.319193
2024-03-31T21:45:00Z,21.585649
2024-03-31T22:00:00Z,21.864000
2024-03-31T22:15:00Z,22.153057
2024-03-31T22:30:00Z,22.451583
2024-03-31T22:45:00Z,22.758303
2024-03-31T23:00:00Z,23.071905
2024-03-31T23:15:00Z,23.391048
2024-03-31T23:30:00Z,23.714369
2024-03-31T23:45:00Z,24.040484
2024-04-01T00:00:00Z,24.368000
2024-04-01T00:15:00Z,24.695516
2024-04-01T00:30:00Z,25.021631
2024-04-01T00:45:00Z,25.344952
2024-04-01T01:00:00Z,25.664095
2024-04-01T01:15:00Z,25.977697
2024-04-01T01:30:00Z,26.284417
2024-04-01T01:45:00Z,26.582943
2024-04-01T02:00:00Z,26.872000
2024-04-01T02:15:00Z,27.150351
2024-04-01T02:30:00Z,27.416807
2024-04-01T02:45:00Z,27.670229
2024-04-01T03:00:00Z,27.909534
2024-04-01T03:15:00Z,28.133699
2024-04-01T03:30:00Z,28.341767
2024-04-01T03:45:00Z,28.532848
2024-04-01T04:00:00Z,28.706127
2024-04-01T04:15:00Z,28.860864
2024-04-01T04:30:00Z,28.996398
2024-04-01T04:45:00Z,29.112151
2024-04-01T05:00:00Z,29.207629
2024-04-01T05:15:00Z,29.282426
2024-04-01T05:30:00Z,29.336224
2024-04-01T05:45:00Z,29.368795
2024-04-01T06:00:00Z,29.380000
2024-04-01T06:15:00Z,29.369795
2024-04-01T06:30:00Z,29.338224
2024-04-01T06:45:00Z,29.285426
2024-04-01T07:00:00Z,29.211629
2024-04-01T07:15:00Z,29.117151
2024-04-01T07:30:00Z,29.002398
2024-04-01T07:45:00Z,28.867864
2024-04-01T08:00:00Z,28.714127
2024-04-01T08:15:00Z,28.541848
2024-04-01T08:30:00Z,28.351767
2024-04-01T08:45:00Z,28.144699
2024-04-01T09:00:00Z,27.921534
2024-04-01T09:15:00Z,27.683229
2024-04-01T09:30:00Z,27.430807
2024-04-01T09:45:00Z,27.165351
2024-04-01T10:00:00Z,26.888000
2024-04-01T10:15:00Z,26.599943
2024-04-01T10:30:00Z,26.302417
2024-04-01T10:45:00Z,25.996697
2024-04-01T11:00:00Z,25.684095
2024-04-01T11:15:00Z,25.365952
2024-04-01T11:30:00Z,25.043631
2024-04-01T11:45:00Z,24.718516
2024-04-01T12:00:00Z,24.392000
2024-04-01T12:15:00Z,24.065484
2024-04-01T12:30:00Z,23.740369
2024-04-01T12:45:00Z,23.418048
2024-04-01T13:00:00Z,23.099905
2024-04-01T13:15:00Z,22.787303
2024-04-01T13:30:00Z,22.481583
2024-04-01T13:45:00Z,22.184057
2024-04-01T14:00:00Z,21.896000
2024-04-01T14:15:00Z,21.618649
2024-04-01T14:30:00Z,21.353193
2024-04-01T14:45:00Z,21.100771
2024-04-01T15:00:00Z,20.862466
2024-04-01T15:15:00Z,20.639301
2024-04-01T15:30:00Z,20.432233
2024-04-01T15:45:00Z,20.242152
2024-04-01T16:00:00Z,20.069873
2024-04-01T16:15:00Z,19.916136
2024-04-01T16:30:00Z,19.781602
2024-04-01T16:45:00Z,19.666849
2024-04-01T17:00:00Z,19.572371
2024-04-01T17:15:00Z,19.498574
2024-04-01T17:30:00Z,19.445776
2024-04-01T17:45:00Z,19.414205
2024-04-01T18:00:00Z,19.404000
2024-04-01T18:15:00Z,19.415205
2024-04-01T18:30:00Z,19.447776
2024-04-01T18:45:00Z,19.501574
2024-04-01T19:00:00Z,19.576371
2024-04-01T19:15:00Z,19.671849
2024-04-01T19:30:00Z,19.787602
2024-04-01T19:45:00Z,19.923136
2024-04-01T20:00:00Z,20.077873
2024-04-01T20:15:00Z,20.251152
2024-04-01T20:30:00Z,20.442233
2024-04-01T20:45:00Z,20.650301
2024-04-01T21:00:00Z,20.874466
2024-04-01T21:15:00Z,21.113771
2024-04-01T21:30:00Z,21.367193
2024-04-01T21:45:00Z,21.633649
2024-04-01T22:00:00Z,21.912000
2024-04-01T22:15:00Z,22.201057
2024-04-01T22:30:00Z,22.499583
2024-04-01T22:45:00Z,22.806303
2024-04-01T23:00:00Z,23.119905
2024-04-01T23:15:00Z,23.439048
2024-04-01T23:30:00Z,23.762369
2024-04-01T23:45:00Z,24.088484
2024-04-02T00:00:00Z,24.416000
2024-04-02T00:15:00Z,24.743516
2024-04-02T00:30:00Z,25.069631
2024-04-02T00:45:00Z,25.392952
2024-04-02T01:00:00Z,25.712095
2024-04-02T01:15:00Z,26.025697
2024-04-02T01:30:00Z,26.332417
2024-04-02T01:45:00Z,26.630943
2024-04-02T02:00:00Z,26.920000
2024-04-02T02:15:00Z,27.198351
2024-04-02T02:30:00Z,27.464807
2024-04-02T02:45:00Z,27.718229
2024-04-02T03:00:00Z,27.957534
2024-04-02T03:15:00Z,28.181699
2024-04-02T03:30:00Z,28.389767
2024-04-02T03:45:00Z,28.580848
2024-04-02T04:00:00Z,28.754127
2024-04-02T04:15:00Z,28.908864
2024-04-02T04:30:00Z,29.044398
2024-04-02T04:45:00Z,29.160151
2024-04-02T05:00:00Z,29.255629
2024-04-02T05:15:00Z,29.330426
2024-04-02T05:30:00Z,29.384224
2024-04-02T05:45:00Z,29.416795
2024-04-02T06:00:00Z,29.428000
2024-04-02T06:15:00Z,29.417795
2024-04-02T06:30:00Z,29.386224
2024-04-02T06:45:00Z,29.333426
2024-04-02T07:00:00Z,29.259629
2024-04-02T07:15:00Z,29.165151
2024-04-02T07:30:00Z,29.050398
2024-04-02T07:45:00Z,28.915864
2024-04-02T08:00:00Z,28.762127
2024-04-02T08:15:00Z,28.589848
2024-04-02T08:30:00Z,28.399767
2024-04-02T08:45:00Z,28.192699
2024-04-02T09:00:00Z,27.969534
2024-04-02T09:15:00Z,27.731229
2024-04-02T09:30:00Z,27.478807
2024-04-02T09:45:00Z,27.213351
2024-04-02T10:00:00Z,26.936000
2024-04-02T10:15:00Z,26.647943
2024-04-02T10:30:00Z,26.350417
2024-04-02T10:45:00Z,26.044697
2024-04-02T11:00:00Z,25.732095
2024-04-02T11:15:00Z,25.413952
2024-04-02T11:30:00Z,25.091631
2024-04-02T11:45:00Z,24.766516
2024-04-02T12:00:00Z,24.440000
2024-04-02T12:15:00Z,24.113484
2024-04-02T12:30:00Z,23.788369
2024-04-02T12:45:00Z,23.466048
2024-04-02T13:00:00Z,23.147905
2024-04-02T13:15:00Z,22.835303
2024-04-02T13:30:00Z,22.529583
2024-04-02T13:45:00Z,22.232057
2024-04-02T14:00:00Z,21.944000
2024-04-02T14:15:00Z,21.666649
2024-04-02T14:30:00Z,21.401193
2024-04-02T14:45:00Z,21.148771
2024-04-02T15:00:00Z,20.910466
2024-04-02T15:15:00Z,20.687301
2024-04-02T15:30:00Z,20.480233
2024-04-02T15:45:00Z,20.290152
2024-04-02T16:00:00Z,20.117873
2024-04-02T16:15:00Z,19.964136
2024-04-02T16:30:00Z,19.829602
2024-04-02T16:45:00Z,19.714849
2024-04-02T17:00:00Z,19.620371
2024-04-02T17:15:00Z,19.546574
2024-04-02T17:30:00Z,19.493776
2024-04-02T17:45:00Z,19.462205
2024-04-02T18:00:00Z,19.452000
2024-04-02T18:15:00Z,19.463205
2024-04-02T18:30:00Z,19.495776
2024-04-02T18:45:00Z,19.549574
2024-04-02T19:00:00Z,19.624371
2024-04-02T19:15:00Z,19.719849
2024-04-02T19:30:00Z,19.835602
2024-04-02T19:45:00Z,19.971136
2024-04-02T20:00:00Z,20.125873
2024-04-02T20:15:00Z,20.299152
2024-04-02T20:30:00Z,20.490233
2024-04-02T20:45:00Z,20.698301
2024-04-02T21:00:00Z,20.922466
2024-04-02T21:15:00Z,21.161771
2024-04-02T21:30:00Z,21.415193
2024-04-02T21:45:00Z,21.681649
2024-04-02T22:00:00Z,21.960000
2024-04-02T22:15:00Z,22.249057
2024-04-02T22:30:00Z,22.547583
2024-04-02T22:45:00Z,22.854303
2024-04-02T23:00:00Z,23.167905
2024-04-02T23:15:00Z,23.487048
2024-04-02T23:30:00Z,23.810369
2024-04-02T23:45:00Z,24.136484
2024-04-03T00:00:00Z,24.464000
2024-04-03T00:15:00Z,24.791516
2024-04-03T00:30:00Z,25.117631
2024-04-03T00:45:00Z,25.440952
2024-04-03T01:00:00Z,25.760095
2024-04-03T01:15:00Z,26.073697
2024-04-03T01:30:00Z,26.380417
2024-04-03T01:45:00Z,26.678943
2024-04-03T02:00:00Z,26.968000
2024-04-03T02:15:00Z,27.246351
2024-04-03T02:30:00Z,27.512807
2024-04-03T02:45:00Z,27.766229
2024-04-03T03:00:00Z,28.005534
2024-04-03T03:15:00Z,28.229699
2024-04-03T03:30:00Z,28.437767
2024-04-03T03:45:00Z,28.628848
2024-04-03T04:00:00Z,28.802127
2024-04-03T04:15:00Z,28.956864
2024-04-03T04:30:00Z,29.092398
2024-04-03T04:45:00Z,29.208151
2024-04-03T05:00:00Z,29.303629
2024-04-03T05:15:00Z,29.378426
2024-04-03T05:30:00Z,29.432224
2024-04-03T05:45:00Z,29.464795
2024-04-03T06:00:00Z,29.476000
2024-04-03T06:15:00Z,29.465795
2024-04-03T06:30:00Z,29.434224
2024-04-03T06:45:00Z,29.381426
2024-04-03T07:00:00Z,29.307629
2024-04-03T07:15:00Z,29.213151
2024-04-03T07:30:00Z,29.098398
2024-04-03T07:45:00Z,28.963864
2024-04-03T08:00:00Z,28.810127
2024-04-03T08:15:00Z,28.637848
2024-04-03T08:30:00Z,28.447767
2024-04-03T08:45:00Z,28.240699
2024-04-03T09:00:00Z,28.017534
2024-04-03T09:15:00Z,27.779229
2024-04-03T09:30:00Z,27.526807
2024-04-03T09:45:00Z,27.261351
2024-04-03T10:00:00Z,26.984000
2024-04-03T10:15:00Z,26.695943
2024-04-03T10:30:00Z,26.398417
2024-04-03T10:45:00Z,26.092697
2024-04-03T11:00:00Z,25.780095
2024-04-03T11:15:00Z,25.461952
2024-04-03T11:30:00Z,25.139631
2024-04-03T11:45:00Z,24.814516
2024-04-03T12:00:00Z,24.488000
2024-04-03T12:15:00Z,24.161484
2024-04-03T12:30:00Z,23.836369
2024-04-03T12:45:00Z,23.514048
2024-04-03T13:00:00Z,23.195905
2024-04-03T13:15:00Z,22.883303
2024-04-03T13:30:00Z,22.577583
2024-04-03T13:45:00Z,22.280057
2024-04-03T14:00:00Z,21.992000
2024-04-03T14:15:00Z,21.714649
2024-04-03T14:30:00Z,21.449193
2024-04-03T14:45:00Z,21.196771
2024-04-03T15:00:00Z,20.958466
2024-04-03T15:15:00Z,20.735301
2024-04-03T15:30:00Z,20.528233
2024-04-03T15:45:00Z,20.338152
2024-04-03T16:00:00Z,20.165873
2024-04-03T16:15:00Z,20.012136
2024-04-03T16:30:00Z,19.877602
2024-04-03T16:45:00Z,19.762849
2024-04-03T17:00:00Z,19.668371
2024-04-03T17:15:00Z,19.594574
2024-04-03T17:30:00Z,19.541776
2024-04-03T17:45:00Z,19.510205
2024-04-03T18:00:00Z,19.500000
2024-04-03T18:15:00Z,19.511205
2024-04-03T18:30:00Z,19.543776
2024-04-03T18:45:00Z,19.597574
2024-04-03T19:00:00Z,19.672371
2024-04-03T19:15:00Z,19.767849
2024-04-03T19:30:00Z,19.883602
2024-04-03T19:45:00Z,20.019136
2024-04-03T20:00:00Z,20.173873
2024-04-03T20:15:00Z,20.347152
2024-04-03T20:30:00Z,20.538233
2024-04-03T20:45:00Z,20.746301
2024-04-03T21:00:00Z,20.970466
2024-04-03T21:15:00Z,21.209771
2024-04-03T21:30:00Z,21.463193
2024-04-03T21:45:00Z,21.729649
2024-04-03T22:00:00Z,22.008000
2024-04-03T22:15:00Z,22.297057
2024-04-03T22:30:00Z,22.595583
2024-04-03T22:45:00Z,22.902303
2024-04-03T23:00:00Z,23.215905
2024-04-03T23:15:00Z,23.535048
2024-04-03T23:30:00Z,23.858369
2024-04-03T23:45:00Z,24.184484
2024-04-04T00:00:00Z,24.512000
2024-04-04T00:15:00Z,24.839516
2024-04-04T00:30:00Z,25.165631
2024-04-04T00:45:00Z,25.488952
2024-04-04T01:00:00Z,25.808095
2024-04-04T01:15:00Z,26.121697
2024-04-04T01:30:00Z,26.428417
2024-04-04T01:45:00Z,26.726943
2024-04-04T02:00:00Z,27.016000
2024-04-04T02:15:00Z,27.294351
2024-04-04T02:30:00Z,27.560807
2024-04-04T02:45:00Z,27.814229
2024-04-04T03:00:00Z,28.053534
2024-04-04T03:15:00Z,28.277699
2024-04-04T03:30:00Z,28.485767
2024-04-04T03:45:00Z,28.676848
2024-04-04T04:00:00Z,28.850127
2024-04-04T04:15:00Z,29.004864
2024-04-04T04:30:00Z,29.140398
2024-04-04T04:45:00Z,29.256151
2024-04-04T05:00:00Z,29.351629
2024-04-04T05:15:00Z,29.426426
2024-04-04T05:30:00Z,29.480224
2024-04-04T05:45:00Z,29.512795
2024-04-04T06:00:00Z,29.524000
2024-04-04T06:15:00Z,29.513795
2024-04-04T06:30:00Z,29.482224
2024-04-04T06:45:00Z,29.429426
2024-04-04T07:00:00Z,29.355629
2024-04-04T07:15:00Z,29.261151
2024-04-04T07:30:00Z,29.146398
2024-04-04T07:45:00Z,29.011864
2024-04-04T08:00:00Z,28.858127
2024-04-04T08:15:00Z,28.685848
2024-04-04T08:30:00Z,28.495767
2024-04-04T08:45:00Z,28.288699
2024-04-04T09:00:00Z,28.065534
2024-04-04T09:15:00Z,27.827229
2024-04-04T09:30:00Z,27.574807
2024-04-04T09:45:00Z,27.309351
2024-04-04T10:00:00Z,27.032000
2024-04-04T10:15:00Z,26.743943
2024-04-04T10:30:00Z,26.446417
2024-04-04T10:45:00Z,26.140697
2024-04-04T11:00:00Z,25.828095
2024-04-04T11:15:00Z,25.509952
2024-04-04T11:30:00Z,25.187631
2024-04-04T11:45:00Z,24.862516
2024-04-04T12:00:00Z,24.536000
2024-04-04T12:15:00Z,24.209484
2024-04-04T12:30:00Z,23.884369
2024-04-04T12:45:00Z,23.562048
2024-04-04T13:00:00Z,23.243905
2024-04-04T13:15:00Z,22.931303
2024-04-04T13:30:00Z,22.625583
2024-04-04T13:45:00Z,22.328057
2024-04-04T14:00:00Z,22.040000
2024-04-04T14:15:00Z,21.762649
2024-04-04T14:30:00Z,21.497193
2024-04-04T14:45:00Z,21.244771
2024-04-04T15:00:00Z,21.006466
2024-04-04T15:15:00Z,20.783301
2024-04-04T15:30:00Z,20.576233
2024-04-04T15:45:00Z,20.386152
2024-04-04T16:00:00Z,20.213873
2024-04-04T16:15:00Z,20.060136
2024-04-04T16:30:00Z,19.925602
2024-04-04T16:45:00Z,19.810849
2024-04-04T17:00:00Z,19.716371
2024-04-04T17:15:00Z,19.642574
2024-04-04T17:30:00Z,19.589776
2024-04-04T17:45:00Z,19.558205
2024-04-04T18:00:00Z,19.548000
2024-04-04T18:15:00Z,19.559205
2024-04-04T18:30:00Z,19.591776
2024-04-04T18:45:00Z,19.645574
2024-04-04T19:00:00Z,19.720371
2024-04-04T19:15:00Z,19.815849
2024-04-04T19:30:00Z,19.931602
2024-04-04T19:45:00Z,20.067136
2024-04-04T20:00:00Z,20.221873
2024-04-04T20:15:00Z,20.395152
2024-04-04T20:30:00Z,20.586233
2024-04-04T20:45:00Z,20.794301
2024-04-04T21:00:00Z,21.018466
2024-04-04T21:15:00Z,21.257771
2024-04-04T21:30:00Z,21.511193
2024-04-04T21:45:00Z,21.777649
2024-04-04T22:00:00Z,22.056000
2024-04-04T22:15:00Z,22.345057
2024-04-04T22:30:00Z,22.643583
2024-04-04T22:45:00Z,22.950303
2024-04-04T23:00:00Z,23.263905
2024-04-04T23:15:00Z,23.583048
2024-04-04T23:30:00Z,23.906369
2024-04-04T23:45:00Z,24.232484
2024-04-05T00:00:00Z,24.560000
2024-04-05T00:15:00Z,24.887516
2024-04-05T00:30:00Z,25.213631
2024-04-05T00:45:00Z,25.536952
2024-04-05T01:00:00Z,25.856095
2024-04-05T01:15:00Z,26.169697
2024-04-05T01:30:00Z,26.476417
2024-04-05T01:45:00Z,26.774943
2024-04-05T02:00:00Z,27.064000
2024-04-05T02:15:00Z,27.342351
2024-04-05T02:30:00Z,27.608807
2024-04-05T02:45:00Z,27.862229
2024-04-05T03:00:00Z,28.101534
2024-04-05T03:15:00Z,28.325699
2024-04-05T03:30:00Z,28.533767
2024-04-05T03:45:00Z,28.724848
2024-04-05T04:00:00Z,28.898127
2024-04-05T04:15:00Z,29.052864
2024-04-05T04:30:00Z,29.188398
2024-04-05T04:45:00Z,29.304151
2024-04-05T05:00:00Z,29.399629
2024-04-05T05:15:00Z,29.474426
2024-04-05T05:30:00Z,29.528224
2024-04-05T05:45:00Z,29.560795
2024-04-05T06:00:00Z,29.572000
2024-04-05T06:15:00Z,29.561795
2024-04-05T06:30:00Z,29.530224
2024-04-05T06:45:00Z,29.477426
2024-04-05T07:00:00Z,29.403629
2024-04-05T07:15:00Z,29.309151
2024-04-05T07:30:00Z,29.194398
2024-04-05T07:45:00Z,29.059864
2024-04-05T08:00:00Z,28.906127
2024-04-05T08:15:00Z,28.733848
2024-04-05T08:30:00Z,28.543767
2024-04-05T08:45:00Z,28.336699
2024-04-05T09:00:00Z,28.113534
2024-04-05T09:15:00Z,27.875229
2024-04-05T09:30:00Z,27.622807
2024-04-05T09:45:00Z,27.357351
2024-04-05T10:00:00Z,27.080000
2024-04-05T10:15:00Z,26.791943
2024-04-05T10:30:00Z,26.494417
2024-04-05T10:45:00Z,26.188697
2024-04-05T11:00:00Z,25.876095
2024-04-05T11:15:00Z,25.557952
2024-04-05T11:30:00Z,25.235631
2024-04-05T11:45:00Z,24.910516
2024-04-05T12:00:00Z,24.584000
2024-04-05T12:15:00Z,24.257484
2024-04-05T12:30:00Z,23.932369
2024-04-05T12:45:00Z,23.610048
2024-04-05T13:00:00Z,23.291905
2024-04-05T13:15:00Z,22.979303
2024-04-05T13:30:00Z,22.673583
2024-04-05T13:45:00Z,22.376057
2024-04-05T14:00:00Z,22.088000
2024-04-05T14:15:00Z,21.810649
2024-04-05T14:30:00Z,21.545193
2024-04-05T14:45:00Z,21.292771
2024-04-05T15:00:00Z,21.054466
2024-04-05T15:15:00Z,20.831301
2024-04-05T15:30:00Z,20.624233
2024-04-05T15:45:00Z,20.434152
2024-04-05T16:00:00Z,20.261873
2024-04-05T16:15:00Z,20.108136
2024-04-05T16:30:00Z,19.973602
2024-04-05T16:45:00Z,19.858849
2024-04-05T17:00:00Z,19.764371
2024-04-05T17:15:00Z,19.690574
2024-04-05T17:30:00Z,19.637776
2024-04-05T17:45:00Z,19.606205
2024-04-05T18:00:00Z,19.596000
2024-04-05T18:15:00Z,19.607205
2024-04-05T18:30:00Z,19.639776
2024-04-05T18:45:00Z,19.693574
2024-04-05T19:00:00Z,19.768371
2024-04-05T19:15:00Z,19.863849
2024-04-05T19:30:00Z,19.979602
2024-04-05T19:45:00Z,20.115136
2024-04-05T20:00:00Z,20.269873
2024-04-05T20:15:00Z,20.443152
2024-04-05T20:30:00Z,20.634233
2024-04-05T20:45:00Z,20.842301
2024-04-05T21:00:00Z,21.066466
2024-04-05T21:15:00Z,21.305771
2024-04-05T21:30:00Z,21.559193
2024-04-05T21:45:00Z,21.825649
2024-04-05T22:00:00Z,22.104000
2024-04-05T22:15:00Z,22.393057
2024-04-05T22:30:00Z,22.691583
2024-04-05T22:45:00Z,22.998303
2024-04-05T23:00:00Z,23.311905
2024-04-05T23:15:00Z,23.631048
2024-04-05T23:30:00Z,23.954369
2024-04-05T23:45:00Z,24.280484
2024-04-06T00:00:00Z,24.608000
2024-04-06T00:15:00Z,24.935516
2024-04-06T00:30:00Z,25.261631
2024-04-06T00:45:00Z,25.584952
2024-04-06T01:00:00Z,25.904095
2024-04-06T01:15:00Z,26.217697
2024-04-06T01:30:00Z,26.524417
2024-04-06T01:45:00Z,26.822943
2024-04-06T02:00:00Z,27.112000
2024-04-06T02:15:00Z,27.390351
2024-04-06T02:30:00Z,27.656807
2024-04-06T02:45:00Z,27.910229
2024-04-06T03:00:00Z,28.149534
2024-04-06T03:15:00Z,28.373699
2024-04-06T03:30:00Z,28.581767
2024-04-06T03:45:00Z,28.772848
2024-04-06T04:00:00Z,28.946127
2024-04-06T04:15:00Z,29.100864
2024-04-06T04:30:00Z,29.236398
2024-04-06T04:45:00Z,29.352151
2024-04-06T05:00:00Z,29.447629
2024-04-06T05:15:00Z,29.522426
2024-04-06T05:30:00Z,29.576224
2024-04-06T05:45:00Z,29.608795
2024-04-06T06:00:00Z,29.620000
2024-04-06T06:15:00Z,29.609795
2024-04-06T06:30:00Z,29.578224
2024-04-06T06:45:00Z,29.525426
2024-04-06T07:00:00Z,29.451629
2024-04-06T07:15:00Z,29.357151
2024-04-06T07:30:00Z,29.242398
2024-04-06T07:45:00Z,29.107864
2024-04-06T08:00:00Z,28.954127
2024-04-06T08:15:00Z,28.781848
2024-04-06T08:30:00Z,28.591767
2024-04-06T08:45:00Z,28.384699
2024-04-06T09:00:00Z,28.161534
2024-04-06T09:15:00Z,27.923229
2024-04-06T09:30:00Z,27.670807
2024-04-06T09:45:00Z,27.405351
2024-04-06T10:00:00Z,27.128000
2024-04-06T10:15:00Z,26.839943
2024-04-06T10:30:00Z,26.542417
2024-04-06T10:45:00Z,26.236697
2024-04-06T11:00:00Z,25.924095
2024-04-06T11:15:00Z,25.605952
2024-04-06T11:30:00Z,25.283631
2024-04-06T11:45:00Z,24.958516
2024-04-06T12:00:00Z,24.632000
2024-04-06T12:15:00Z,24.305484
2024-04-06T12:30:00Z,23.980369
2024-04-06T12:45:00Z,23.658048
2024-04-06T13:00:00Z,23.339905
2024-04-06T13:15:00Z,23.027303
2024-04-06T13:30:00Z,22.721583
2024-04-06T13:45:00Z,22.424057
2024-04-06T14:00:00Z,22.136000
2024-04-06T14:15:00Z,21.858649
2024-04-06T14:30:00Z,21.593193
2024-04-06T14:45:00Z,21.340771
2024-04-06T15:00:00Z,21.102466
2024-04-06T15:15:00Z,20.879301
2024-04-06T15:30:00Z,20.672233
2024-04-06T15:45:00Z,20.482152
2024-04-06T16:00:00Z,20.309873
2024-04-06T16:15:00Z,20.156136
2024-04-06T16:30:00Z,20.021602
2024-04-06T16:45:00Z,19.906849
2024-04-06T17:00:00Z,19.812371
2024-04-06T17:15:00Z,19.738574
2024-04-06T17:30:00Z,19.685776
2024-04-06T17:45:00Z,19.654205
2024-04-06T18:00:00Z,19.644000
2024-04-06T18:15:00Z,19.655205
2024-04-06T18:30:00Z,19.687776
2024-04-06T18:45:00Z,19.741574
2024-04-06T19:00:00Z,19.816371
2024-04-06T19:15:00Z,19.911849
2024-04-06T19:30:00Z,20.027602
2024-04-06T19:45:00Z,20.163136
2024-04-06T20:00:00Z,20.317873
2024-04-06T20:15:00Z,20.491152
2024-04-06T20:30:00Z,20.682233
2024-04-06T20:45:00Z,20.890301
2024-04-06T21:00:00Z,21.114466
2024-04-06T21:15:00Z,21.353771
2024-04-06T21:30:00Z,21.607193
2024-04-06T21:45:00Z,21.873649
2024-04-06T22:00:00Z,22.152000
2024-04-06T22:15:00Z,22.441057
2024-04-06T22:30:00Z,22.739583
2024-04-06T22:45:00Z,23.046303
2024-04-06T23:00:00Z,23.359905
2024-04-06T23:15:00Z,23.679048
2024-04-06T23:30:00Z,24.002369
2024-04-06T23:45:00Z,24.328484
2024-04-07T00:00:00Z,24.656000
2024-04-07T00:15:00Z,24.983516
2024-04-07T00:30:00Z,25.309631
2024-04-07T00:45:00Z,25.632952
2024-04-07T01:00:00Z,25.952095
2024-04-07T01:15:00Z,26.265697
2024-04-07T01:30:00Z,26.572417
2024-04-07T01:45:00Z,26.870943
2024-04-07T02:00:00Z,27.160000
2024-04-07T02:15:00Z,27.438351
2024-04-07T02:30:00Z,27.704807
2024-04-07T02:45:00Z,27.958229
2024-04-07T03:00:00Z,28.197534
2024-04-07T03:15:00Z,28.421699
2024-04-07T03:30:00Z,28.629767
2024-04-07T03:45:00Z,28.820848
2024-04-07T04:00:00Z,28.994127
2024-04-07T04:15:00Z,29.148864
2024-04-07T04:30:00Z,29.284398
2024-04-07T04:45:00Z,29.400151
2024-04-07T05:00:00Z,29.495629
2024-04-07T05:15:00Z,29.570426
2024-04-07T05:30:00Z,29.624224
2024-04-07T05:45:00Z,29.656795
2024-04-07T06:00:00Z,29.668000
2024-04-07T06:15:00Z,29.657795
2024-04-07T06:30:00Z,29.626224
2024-04-07T06:45:00Z,29.573426
2024-04-07T07:00:00Z,29.499629
2024-04-07T07:15:00Z,29.405151
2024-04-07T07:30:00Z,29.290398
2024-04-07T07:45:00Z,29.155864
2024-04-07T08:00:00Z,29.002127
2024-04-07T08:15:00Z,28.829848
2024-04-07T08:30:00Z,28.639767
2024-04-07T08:45:00Z,28.432699
2024-04-07T09:00:00Z,28.209534
2024-04-07T09:15:00Z,27.971229
2024-04-07T09:30:00Z,27.718807
2024-04-07T09:45:00Z,27.453351
2024-04-07T10:00:00Z,27.176000
2024-04-07T10:15:00Z,26.887943
2024-04-07T10:30:00Z,26.590417
2024-04-07T10:45:00Z,26.284697
2024-04-07T11:00:00Z,25.972095
2024-04-07T11:15:00Z,25.653952
2024-04-07T11:30:00Z,25.331631
2024-04-07T11:45:00Z,25.006516
2024-04-07T12:00:00Z,24.680000
2024-04-07T12:15:00Z,24.353484
2024-04-07T12:30:00Z,24.028369
2024-04-07T12:45:00Z,23.706048
2024-04-07T13:00:00Z,23.387905
2024-04-07T13:15:00Z,23.075303
2024-04-07T13:30:00Z,22.769583
2024-04-07T13:45:00Z,22.472057
2024-04-07T14:00:00Z,22.184000
2024-04-07T14:15:00Z,21.906649
2024-04-07T14:30:00Z,21.641193
2024-04-07T14:45:00Z,21.388771
2024-04-07T15:00:00Z,21.150466
2024-04-07T15:15:00Z,20.927301
2024-04-07T15:30:00Z,20.720233
2024-04-07T15:45:00Z,20.530152
2024-04-07T16:00:00Z,20.357873
2024-04-07T16:15:00Z,20.204136
2024-04-07T16:30:00Z,20.069602
2024-04-07T16:45:00Z,19.954849
2024-04-07T17:00:00Z,19.860371
2024-04-07T17:15:00Z,19.786574
2024-04-07T17:30:00Z,19.733776
2024-04-07T17:45:00Z,19.702205
2024-04-07T18:00:00Z,19.692000
2024-04-07T18:15:00Z,19.703205
2024-04-07T18:30:00Z,19.735776
2024-04-07T18:45:00Z,19.789574
2024-04-07T19:00:00Z,19.864371
2024-04-07T19:15:00Z,19.959849
2024-04-07T19:30:00Z,20.075602
2024-04-07T19:45:00Z,20.211136
2024-04-07T20:00:00Z,20.365873
2024-04-07T20:15:00Z,20.539152
2024-04-07T20:30:00Z,20.730233
2024-04-07T20:45:00Z,20.938301
2024-04-07T21:00:00Z,21.162466
2024-04-07T21:15:00Z,21.401771
2024-04-07T21:30:00Z,21.655193
2024-04-07T21:45:00Z,21.921649
2024-04-07T22:00:00Z,22.200000
2024-04-07T22:15:00Z,22.489057
2024-04-07T22:30:00Z,22.787583
2024-04-07T22:45:00Z,23.094303
2024-04-07T23:00:00Z,23.407905
2024-04-07T23:15:00Z,23.727048
2024-04-07T23:30:00Z,24.050369
2024-04-07T23:45:00Z,24.376484
2024-04-08T00:00:00Z,24.704000
2024-04-08T00:15:00Z,25.031516
2024-04-08T00:30:00Z,25.357631
2024-04-08T00:45:00Z,25.680952
2024-04-08T01:00:00Z,26.000095
2024-04-08T01:15:00Z,26.313697
2024-04-08T01:30:00Z,26.620417
2024-04-08T01:45:00Z,26.918943
2024-04-08T02:00:00Z,27.208000
2024-04-08T02:15:00Z,27.486351
2024-04-08T02:30:00Z,27.752807
2024-04-08T02:45:00Z,28.006229
2024-04-08T03:00:00Z,28.245534
2024-04-08T03:15:00Z,28.469699
2024-04-08T03:30:00Z,28.677767
2024-04-08T03:45:00Z,28.868848
2024-04-08T04:00:00Z,29.042127
2024-04-08T04:15:00Z,29.196864
2024-04-08T04:30:00Z,29.332398
2024-04-08T04:45:00Z,29.448151
2024-04-08T05:00:00Z,29.543629
2024-04-08T05:15:00Z,29.618426
2024-04-08T05:30:00Z,29.672224
2024-04-08T05:45:00Z,29.704795
2024-04-08T06:00:00Z,29.716000
2024-04-08T06:15:00Z,29.705795
2024-04-08T06:30:00Z,29.674224
2024-04-08T06:45:00Z,29.621426
2024-04-08T07:00:00Z,29.547629
2024-04-08T07:15:00Z,29.453151
2024-04-08T07:30:00Z,29.338398
2024-04-08T07:45:00Z,29.203864
2024-04-08T08:00:00Z,29.050127
2024-04-08T08:15:00Z,28.877848
2024-04-08T08:30:00Z,28.687767
2024-04-08T08:45:00Z,28.480699
2024-04-08T09:00:00Z,28.257534
2024-04-08T09:15:00Z,28.019229
2024-04-08T09:30:00Z,27.766807
2024-04-08T09:45:00Z,27.501351
2024-04-08T10:00:00Z,27.224000
2024-04-08T10:15:00Z,26.935943
2024-04-08T10:30:00Z,26.638417
2024-04-08T10:45:00Z,26.332697
2024-04-08T11:00:00Z,26.020095
2024-04-08T11:15:00Z,25.701952
2024-04-08T11:30:00Z,25.379631
2024-04-08T11:45:00Z,25.054516
2024-04-08T12:00:00Z,24.728000
2024-04-08T12:15:00Z,24.401484
2024-04-08T12:30:00Z,24.076369
2024-04-08T12:45:00Z,23.754048
2024-04-08T13:00:00Z,23.435905
2024-04-08T13:15:00Z,23.123303
2024-04-08T13:30:00Z,22.817583
2024-04-08T13:45:00Z,22.520057
2024-04-08T14:00:00Z,22.232000
2024-04-08T14:15:00Z,21.954649
2024-04-08T14:30:00Z,21.689193
2024-04-08T14:45:00Z,21.436771
2024-04-08T15:00:00Z,21.198466
2024-04-08T15:15:00Z,20.975301
2024-04-08T15:30:00Z,20.768233
2024-04-08T15:45:00Z,20.578152
2024-04-08T16:00:00Z,20.405873
2024-04-08T16:15:00Z,20.252136
2024-04-08T16:30:00Z,20.117602
2024-04-08T16:45:00Z,20.002849
2024-04-08T17:00:00Z,19.908371
2024-04-08T17:15:00Z,19.834574
2024-04-08T17:30:00Z,19.781776
2024-04-08T17:45:00Z,19.750205
2024-04-08T18:00:00Z,19.740000
2024-04-08T18:15:00Z,19.751205
2024-04-08T18:30:00Z,19.783776
2024-04-08T18:45:00Z,19.837574
2024-04-08T19:00:00Z,19.912371
2024-04-08T19:15:00Z,20.007849
2024-04-08T19:30:00Z,20.123602
2024-04-08T19:45:00Z,20.259136
2024-04-08T20:00:00Z,20.413873
2024-04-08T20:15:00Z,20.587152
2024-04-08T20:30:00Z,20.778233
2024-04-08T20:45:00Z,20.986301
2024-04-08T21:00:00Z,21.210466
2024-04-08T21:15:00Z,21.449771
2024-04-08T21:30:00Z,21.703193
2024-04-08T21:45:00Z,21.969649
2024-04-08T22:00:00Z,22.248000
2024-04-08T22:15:00Z,22.537057
2024-04-08T22:30:00Z,22.835583
2024-04-08T22:45:00Z,23.142303
2024-04-08T23:00:00Z,23.455905
2024-04-08T23:15:00Z,23.775048
2024-04-08T23:30:00Z,24.098369
2024-04-08T23:45:00Z,24.424484
2024-04-09T00:00:00Z,24.752000
2024-04-09T00:15:00Z,25.079516
2024-04-09T00:30:00Z,25.405631
2024-04-09T00:45:00Z,25.728952
2024-04-09T01:00:00Z,26.048095
2024-04-09T01:15:00Z,26.361697
2024-04-09T01:30:00Z,26.668417
2024-04-09T01:45:00Z,26.966943
2024-04-09T02:00:00Z,27.256000
2024-04-09T02:15:00Z,27.534351
2024-04-09T02:30:00Z,27.800807
2024-04-09T02:45:00Z,28.054229
2024-04-09T03:00:00Z,28.293534
2024-04-09T03:15:00Z,28.517699
2024-04-09T03:30:00Z,28.725767
2024-04-09T03:45:00Z,28.916848
2024-04-09T04:00:00Z,29.090127
2024-04-09T04:15:00Z,29.244864
2024-04-09T04:30:00Z,29.380398
2024-04-09T04:45:00Z,29.496151
2024-04-09T05:00:00Z,29.591629
2024-04-09T05:15:00Z,29.666426
2024-04-09T05:30:00Z,29.720224
2024-04-09T05:45:00Z,29.752795
2024-04-09T06:00:00Z,29.764000
2024-04-09T06:15:00Z,29.753795
2024-04-09T06:30:00Z,29.722224
2024-04-09T06:45:00Z,29.669426
2024-04-09T07:00:00Z,29.595629
2024-04-09T07:15:00Z,29.501151
2024-04-09T07:30:00Z,29.386398
2024-04-09T07:45:00Z,29.251864
2024-04-09T08:00:00Z,29.098127
2024-04-09T08:15:00Z,28.925848
2024-04-09T08:30:00Z,28.735767
2024-04-09T08:45:00Z,28.528699
2024-04-09T09:00:00Z,28.305534
2024-04-09T09:15:00Z,28.067229
2024-04-09T09:30:00Z,27.814807
2024-04-09T09:45:00Z,27.549351
2024-04-09T10:00:00Z,27.272000
2024-04-09T10:15:00Z,26.983943
2024-04-09T10:30:00Z,26.686417
2024-04-09T10:45:00Z,26.380697
2024-04-09T11:00:00Z,26.068095
2024-04-09T11:15:00Z,25.749952
2024-04-09T11:30:00Z,25.427631
2024-04-09T11:45:00Z,25.102516
2024-04-09T12:00:00Z,24.776000
2024-04-09T12:15:00Z,24.449484
2024-04-09T12:30:00Z,24.124369
2024-04-09T12:45:00Z,23.802048
2024-04-09T13:00:00Z,23.483905
2024-04-09T13:15:00Z,23.171303
2024-04-09T13:30:00Z,22.865583
2024-04-09T13:45:00Z,22.568057
2024-04-09T14:00:00Z,22.280000
2024-04-09T14:15:00Z,22.002649
2024-04-09T14:30:00Z,21.737193
2024-04-09T14:45:00Z,21.484771
2024-04-09T15:00:00Z,21.246466
2024-04-09T15:15:00Z,21.023301
2024-04-09T15:30:00Z,20.816233
2024-04-09T15:45:00Z,20.626152
2024-04-09T16:00:00Z,20.453873
2024-04-09T16:15:00Z,20.300136
2024-04-09T16:30:00Z,20.165602
2024-04-09T16:45:00Z,20.050849
2024-04-09T17:00:00Z,19.956371
2024-04-09T17:15:00Z,19.882574
2024-04-09T17:30:00Z,19.829776
2024-04-09T17:45:00Z,19.798205
2024-04-09T18:00:00Z,19.788000
2024-04-09T18:15:00Z,19.799205
2024-04-09T18:30:00Z,19.831776
2024-04-09T18:45:00Z,19.885574
2024-04-09T19:00:00Z,19.960371
2024-04-09T19:15:00Z,20.055849
2024-04-09T19:30:00Z,20.171602
2024-04-09T19:45:00Z,20.307136
2024-04-09T20:00:00Z,20.461873
2024-04-09T20:15:00Z,20.635152
2024-04-09T20:30:00Z,20.826233
2024-04-09T20:45:00Z,21.034301
2024-04-09T21:00:00Z,21.258466
2024-04-09T21:15:00Z,21.497771
2024-04-09T21:30:00Z,21.751193
2024-04-09T21:45:00Z,22.017649
2024-04-09T22:00:00Z,22.296000
2024-04-09T22:15:00Z,22.585057
2024-04-09T22:30:00Z,22.883583
2024-04-09T22:45:00Z,23.190303
2024-04-09T23:00:00Z,23.503905
2024-04-09T23:15:00Z,23.823048
2024-04-09T23:30:00Z,24.146369
2024-04-09T23:45:00Z,24.472484
2024-04-10T00:00:00Z,24.800000
2024-04-10T00:15:00Z,25.127516
2024-04-10T00:30:00Z,25.453631
2024-04-10T00:45:00Z,25.776952
2024-04-10T01:00:00Z,26.096095
2024-04-10T01:15:00Z,26.409697
2024-04-10T01:30:00Z,26.716417
2024-04-10T01:45:00Z,27.014943
2024-04-10T02:00:00Z,27.304000
2024-04-10T02:15:00Z,27.582351
2024-04-10T02:30:00Z,27.848807
2024-04-10T02:45:00Z,28.102229
2024-04-10T03:00:00Z,28.341534
2024-04-10T03:15:00Z,28.565699
2024-04-10T03:30:00Z,28.773767
2024-04-10T03:45:00Z,28.964848
2024-04-10T04:00:00Z,29.138127
2024-04-10T04:15:00Z,29.292864
2024-04-10T04:30:00Z,29.428398
2024-04-10T04:45:00Z,29.544151
2024-04-10T05:00:00Z,29.639629
2024-04-10T05:15:00Z,29.714426
2024-04-10T05:30:00Z,29.768224
2024-04-10T05:45:00Z,29.800795
2024-04-10T06:00:00Z,29.812000
2024-04-10T06:15:00Z,29.801795
2024-04-10T06:30:00Z,29.770224
2024-04-10T06:45:00Z,29.717426
2024-04-10T07:00:00Z,29.643629
2024-04-10T07:15:00Z,29.549151
2024-04-10T07:30:00Z,29.434398
2024-04-10T07:45:00Z,29.299864
2024-04-10T08:00:00Z,29.146127
2024-04-10T08:15:00Z,28.973848
2024-04-10T08:30:00Z,28.783767
2024-04-10T08:45:00Z,28.576699
2024-04-10T09:00:00Z,28.353534
2024-04-10T09:15:00Z,28.115229
2024-04-10T09:30:00Z,27.862807
2024-04-10T09:45:00Z,27.597351
2024-04-10T10:00:00Z,27.320000
2024-04-10T10:15:00Z,27.031943
2024-04-10T10:30:00Z,26.734417
2024-04-10T10:45:00Z,26.428697
2024-04-10T11:00:00Z,26.116095
2024-04-10T11:15:00Z,25.797952
2024-04-10T11:30:00Z,25.475631
2024-04-10T11:45:00Z,25.150516
2024-04-10T12:00:00Z,24.824000
2024-04-10T12:15:00Z,24.497484
2024-04-10T12:30:00Z,24.172369
2024-04-10T12:45:00Z,23.850048
2024-04-10T13:00:00Z,23.531905
2024-04-10T13:15:00Z,23.219303
2024-04-10T13:30:00Z,22.913583
2024-04-10T13:45:00Z,22.616057
2024-04-10T14:00:00Z,22.328000
2024-04-10T14:15:00Z,22.050649
2024-04-10T14:30:00Z,21.785193
2024-04-10T14:45:00Z,21.532771
2024-04-10T15:00:00Z,21.294466
2024-04-10T15:15:00Z,21.071301
2024-04-10T15:30:00Z,20.864233
2024-04-10T15:45:00Z,20.674152
2024-04-10T16:00:00Z,20.501873
2024-04-10T16:15:00Z,20.348136
2024-04-10T16:30:00Z,20.213602
2024-04-10T16:45:00Z,20.098849
2024-04-10T17:00:00Z,20.004371
2024-04-10T17:15:00Z,19.930574
2024-04-10T17:30:00Z,19.877776
2024-04-10T17:45:00Z,19.846205
2024-04-10T18:00:00Z,19.836000
2024-04-10T18:15:00Z,19.847205
2024-04-10T18:30:00Z,19.879776
2024-04-10T18:45:00Z,19.933574
2024-04-10T19:00:00Z,20.008371
2024-04-10T19:15:00Z,20.103849
2024-04-10T19:30:00Z,20.219602
2024-04-10T19:45:00Z,20.355136
2024-04-10T20:00:00Z,20.509873
2024-04-10T20:15:00Z,20.683152
2024-04-10T20:30:00Z,20.874233
2024-04-10T20:45:00Z,21.082301
2024-04-10T21:00:00Z,21.306466
2024-04-10T21:15:00Z,21.545771
2024-04-10T21:30:00Z,21.799193
2024-04-10T21:45:00Z,22.065649
2024-04-10T22:00:00Z,22.344000
2024-04-10T22:15:00Z,22.633057
2024-04-10T22:30:00Z,22.931583
2024-04-10T22:45:00Z,23.238303
2024-04-10T23:00:00Z,23.551905
2024-04-10T23:15:00Z,23.871048
2024-04-10T23:30:00Z,24.194369
2024-04-10T23:45:00Z,24.520484
2024-04-11T00:00:00Z,24.848000
2024-04-11T00:15:00Z,25.175516
2024-04-11T00:30:00Z,25.501631
2024-04-11T00:45:00Z,25.824952
2024-04-11T01:00:00Z,26.144095
2024-04-11T01:15:00Z,26.457697
2024-04-11T01:30:00Z,26.764417
2024-04-11T01:45:00Z,27.062943
2024-04-11T02:00:00Z,27.352000
2024-04-11T02:15:00Z,27.630351
2024-04-11T02:30:00Z,27.896807
2024-04-11T02:45:00Z,28.150229
2024-04-11T03:00:00Z,28.389534
2024-04-11T03:15:00Z,28.613699
2024-04-11T03:30:00Z,28.821767
2024-04-11T03:45:00Z,29.012848
2024-04-11T04:00:00Z,29.186127
2024-04-11T04:15:00Z,29.340864
2024-04-11T04:30:00Z,29.476398
2024-04-11T04:45:00Z,29.592151
2024-04-11T05:00:00Z,29.687629
2024-04-11T05:15:00Z,29.762426
2024-04-11T05:30:00Z,29.816224
2024-04-11T05:45:00Z,29.848795
2024-04-11T06:00:00Z,29.860000
2024-04-11T06:15:00Z,29.849795
2024-04-11T06:30:00Z,29.818224
2024-04-11T06:45:00Z,29.765426
2024-04-11T07:00:00Z,29.691629
2024-04-11T07:15:00Z,29.597151
2024-04-11T07:30:00Z,29.482398
2024-04-11T07:45:00Z,29.347864
2024-04-11T08:00:00Z,29.194127
2024-04-11T08:15:00Z,29.021848
2024-04-11T08:30:00Z,28.831767
2024-04-11T08:45:00Z,28.624699
2024-04-11T09:00:00Z,28.401534
2024-04-11T09:15:00Z,28.163229
2024-04-11T09:30:00Z,27.910807
2024-04-11T09:45:00Z,27.645351
2024-04-11T10:00:00Z,27.368000
2024-04-11T10:15:00Z,27.079943
2024-04-11T10:30:00Z,26.782417
2024-04-11T10:45:00Z,26.476697
2024-04-11T11:00:00Z,26.164095
2024-04-11T11:15:00Z,25.845952
2024-04-11T11:30:00Z,25.523631
2024-04-11T11:45:00Z,25.198516
2024-04-11T12:00:00Z,24.872000
2024-04-11T12:15:00Z,24.545484
2024-04-11T12:30:00Z,24.220369
2024-04-11T12:45:00Z,23.898048
2024-04-11T13:00:00Z,23.579905
2024-04-11T13:15:00Z,23.267303
2024-04-11T13:30:00Z,22.961583
2024-04-11T13:45:00Z,22.664057
2024-04-11T14:00:00Z,22.376000
2024-04-11T14:15:00Z,22.098649
2024-04-11T14:30:00Z,21.833193
2024-04-11T14:45:00Z,21.580771
2024-04-11T15:00:00Z,21.342466
2024-04-11T15:15:00Z,21.119301
2024-04-11T15:30:00Z,20.912233
2024-04-11T15:45:00Z,20.722152
2024-04-11T16:00:00Z,20.549873
2024-04-11T16:15:00Z,20.396136
2024-04-11T16:30:00Z,20.261602
2024-04-11T16:45:00Z,20.146849
2024-04-11T17:00:00Z,20.052371
2024-04-11T17:15:00Z,19.978574
2024-04-11T17:30:00Z,19.925776
2024-04-11T17:45:00Z,19.894205
2024-04-11T18:00:00Z,19.884000
2024-04-11T18:15:00Z,19.895205
2024-04-11T18:30:00Z,19.927776
2024-04-11T18:45:00Z,19.981574
2024-04-11T19:00:00Z,20.056371
2024-04-11T19:15:00Z,20.151849
2024-04-11T19:30:00Z,20.267602
2024-04-11T19:45:00Z,20.403136
2024-04-11T20:00:00Z,20.557873
2024-04-11T20:15:00Z,20.731152
2024-04-11T20:30:00Z,20.922233
2024-04-11T20:45:00Z,21.130301
2024-04-11T21:00:00Z,21.354466
2024-04-11T21:15:00Z,21.593771
2024-04-11T21:30:00Z,21.847193
2024-04-11T21:45:00Z,22.113649
2024-04-11T22:00:00Z,22.392000
2024-04-11T22:15:00Z,22.681057
2024-04-11T22:30:00Z,22.979583
2024-04-11T22:45:00Z,23.286303
2024-04-11T23:00:00Z,23.599905
2024-04-11T23:15:00Z,23.919048
2024-04-11T23:30:00Z,24.242369
2024-04-11T23:45:00Z,24.568484
2024-04-12T00:00:00Z,24.896000
2024-04-12T00:15:00Z,25.223516
2024-04-12T00:30:00Z,25.549631
2024-04-12T00:45:00Z,25.872952
2024-04-12T01:00:00Z,26.192095
2024-04-12T01:15:00Z,26.505697
2024-04-12T01:30:00Z,26.812417
2024-04-12T01:45:00Z,27.110943
2024-04-12T02:00:00Z,27.400000
2024-04-12T02:15:00Z,27.678351
2024-04-12T02:30:00Z,27.944807
2024-04-12T02:45:00Z,28.198229
2024-04-12T03:00:00Z,28.437534
2024-04-12T03:15:00Z,28.661699
2024-04-12T03:30:00Z,28.869767
2024-04-12T03:45:00Z,29.060848
2024-04-12T04:00:00Z,29.234127
2024-04-12T04:15:00Z,29.388864
2024-04-12T04:30:00Z,29.524398
2024-04-12T04:45:00Z,29.640151
2024-04-12T05:00:00Z,29.735629
2024-04-12T05:15:00Z,29.810426
2024-04-12T05:30:00Z,29.864224
2024-04-12T05:45:00Z,29.896795
2024-04-12T06:00:00Z,29.908000
2024-04-12T06:15:00Z,29.897795
2024-04-12T06:30:00Z,29.866224
2024-04-12T06:45:00Z,29.813426
2024-04-12T07:00:00Z,29.739629
2024-04-12T07:15:00Z,29.645151
2024-04-12T07:30:00Z,29.530398
2024-04-12T07:45:00Z,29.395864
2024-04-12T08:00:00Z,29.242127
2024-04-12T08:15:00Z,29.069848
2024-04-12T08:30:00Z,28.879767
2024-04-12T08:45:00Z,28.672699
2024-04-12T09:00:00Z,28.449534
2024-04-12T09:15:00Z,28.211229
2024-04-12T09:30:00Z,27.958807
2024-04-12T09:45:00Z,27.693351
2024-04-12T10:00:00Z,27.416000
2024-04-12T10:15:00Z,27.127943
2024-04-12T10:30:00Z,26.830417
2024-04-12T10:45:00Z,26.524697
2024-04-12T11:00:00Z,26.212095
2024-04-12T11:15:00Z,25.893952
2024-04-12T11:30:00Z,25.571631
2024-04-12T11:45:00Z,25.246516
2024-04-12T12:00:00Z,24.920000
2024-04-12T12:15:00Z,24.593484
2024-04-12T12:30:00Z,24.268369
2024-04-12T12:45:00Z,23.946048
2024-04-12T13:00:00Z,23.627905
2024-04-12T13:15:00Z,23.315303
2024-04-12T13:30:00Z,23.009583
2024-04-12T13:45:00Z,22.712057
2024-04-12T14:00:00Z,22.424000
2024-04-12T14:15:00Z,22.146649
2024-04-12T14:30:00Z,21.881193
2024-04-12T14:45:00Z,21.628771
2024-04-12T15:00:00Z,21.390466
2024-04-12T15:15:00Z,21.167301
2024-04-12T15:30:00Z,20.960233
2024-04-12T15:45:00Z,20.770152
2024-04-12T16:00:00Z,20.597873
2024-04-12T16:15:00Z,20.444136
2024-04-12T16:30:00Z,20.309602
2024-04-12T16:45:00Z,20.194849
2024-04-12T17:00:00Z,20.100371
2024-04-12T17:15:00Z,20.026574
2024-04-12T17:30:00Z,19.973776
2024-04-12T17:45:00Z,19.942205
2024-04-12T18:00:00Z,19.932000
2024-04-12T18:15:00Z,19.943205
2024-04-12T18:30:00Z,19.975776
2024-04-12T18:45:00Z,20.029574
2024-04-12T19:00:00Z,20.104371
2024-04-12T19:15:00Z,20.199849
2024-04-12T19:30:00Z,20.315602
2024-04-12T19:45:00Z,20.451136
2024-04-12T20:00:00Z,20.605873
2024-04-12T20:15:00Z,20.779152
2024-04-12T20:30:00Z,20.970233
2024-04-12T20:45:00Z,21.178301
2024-04-12T21:00:00Z,21.402466
2024-04-12T21:15:00Z,21.641771
2024-04-12T21:30:00Z,21.895193
2024-04-12T21:45:00Z,22.161649
2024-04-12T22:00:00Z,22.440000
2024-04-12T22:15:00Z,22.729057
2024-04-12T22:30:00Z,23.027583
2024-04-12T22:45:00Z,23.334303
2024-04-12T23:00:00Z,23.647905
2024-04-12T23:15:00Z,23.967048
2024-04-12T23:30:00Z,24.290369
2024-04-12T23:45:00Z,24.616484
2024-04-13T00:00:00Z,24.944000
2024-04-13T00:15:00Z,25.271516
2024-04-13T00:30:00Z,25.597631
2024-04-13T00:45:00Z,25.920952
2024-04-13T01:00:00Z,26.240095
2024-04-13T01:15:00Z,26.553697
2024-04-13T01:30:00Z,26.860417
2024-04-13T01:45:00Z,27.158943
2024-04-13T02:00:00Z,27.448000
2024-04-13T02:15:00Z,27.726351
2024-04-13T02:30:00Z,27.992807
2024-04-13T02:45:00Z,28.246229
2024-04-13T03:00:00Z,28.485534
2024-04-13T03:15:00Z,28.709699
2024-04-13T03:30:00Z,28.917767
2024-04-13T03:45:00Z,29.108848
2024-04-13T04:00:00Z,29.282127
2024-04-13T04:15:00Z,29.436864
2024-04-13T04:30:00Z,29.572398
2024-04-13T04:45:00Z,29.688151
2024-04-13T05:00:00Z,29.783629
2024-04-13T05:15:00Z,29.858426
2024-04-13T05:30:00Z,29.912224
2024-04-13T05:45:00Z,29.944795
2024-04-13T06:00:00Z,29.956000
2024-04-13T06:15:00Z,29.945795
2024-04-13T06:30:00Z,29.914224
2024-04-13T06:45:00Z,29.861426
2024-04-13T07:00:00Z,29.787629
2024-04-13T07:15:00Z,29.693151
2024-04-13T07:30:00Z,29.578398
2024-04-13T07:45:00Z,29.443864
2024-04-13T08:00:00Z,29.290127
2024-04-13T08:15:00Z,29.117848
2024-04-13T08:30:00Z,28.927767
2024-04-13T08:45:00Z,28.720699
2024-04-13T09:00:00Z,28.497534
2024-04-13T09:15:00Z,28.259229
2024-04-13T09:30:00Z,28.006807
2024-04-13T09:45:00Z,27.741351
2024-04-13T10:00:00Z,27.464000
2024-04-13T10:15:00Z,27.175943
2024-04-13T10:30:00Z,26.878417
2024-04-13T10:45:00Z,26.572697
2024-04-13T11:00:00Z,26.260095
2024-04-13T11:15:00Z,25.941952
2024-04-13T11:30:00Z,25.619631
2024-04-13T11:45:00Z,25.294516
2024-04-13T12:00:00Z,24.968000
2024-04-13T12:15:00Z,24.641484
2024-04-13T12:30:00Z,24.316369
2024-04-13T12:45:00Z,23.994048
2024-04-13T13:00:00Z,23.675905
2024-04-13T13:15:00Z,23.363303
2024-04-13T13:30:00Z,23.057583
2024-04-13T13:45:00Z,22.760057
2024-04-13T14:00:00Z,22.472000
2024-04-13T14:15:00Z,22.194649
2024-04-13T14:30:00Z,21.929193
2024-04-13T14:45:00Z,21.676771
2024-04-13T15:00:00Z,21.438466
2024-04-13T15:15:00Z,21.215301
2024-04-13T15:30:00Z,21.008233
2024-04-13T15:45:00Z,20.818152
2024-04-13T16:00:00Z,20.645873
2024-04-13T16:15:00Z,20.492136
2024-04-13T16:30:00Z,20.357602
2024-04-13T16:45:00Z,20.242849
2024-04-13T17:00:00Z,20.148371
2024-04-13T17:15:00Z,20.074574
2024-04-13T17:30:00Z,20.021776
2024-04-13T17:45:00Z,19.990205
2024-04-13T18:00:00Z,19.980000
2024-04-13T18:15:00Z,19.991205
2024-04-13T18:30:00Z,20.023776
2024-04-13T18:45:00Z,20.077574
2024-04-13T19:00:00Z,20.152371
2024-04-13T19:15:00Z,20.247849
2024-04-13T19:30:00Z,20.363602
2024-04-13T19:45:00Z,20.499136
2024-04-13T20:00:00Z,20.653873
2024-04-13T20:15:00Z,20.827152
2024-04-13T20:30:00Z,21.018233
2024-04-13T20:45:00Z,21.226301
2024-04-13T21:00:00Z,21.450466
2024-04-13T21:15:00Z,21.689771
2024-04-13T21:30:00Z,21.943193
2024-04-13T21:45:00Z,22.209649
2024-04-13T22:00:00Z,22.488000
2024-04-13T22:15:00Z,22.777057
2024-04-13T22:30:00Z,23.075583
2024-04-13T22:45:00Z,23.382303
2024-04-13T23:00:00Z,23.695905
2024-04-13T23:15:00Z,24.015048
2024-04-13T23:30:00Z,24.338369
2024-04-13T23:45:00Z,24.664484
2024-04-14T00:00:00Z,24.992000
2024-04-14T00:15:00Z,25.319516
2024-04-14T00:30:00Z,25.645631
2024-04-14T00:45:00Z,25.968952
2024-04-14T01:00:00Z,26.288095
2024-04-14T01:15:00Z,26.601697
2024-04-14T01:30:00Z,26.908417
2024-04-14T01:45:00Z,27.206943
2024-04-14T02:00:00Z,27.496000
2024-04-14T02:15:00Z,27.774351
2024-04-14T02:30:00Z,28.040807
2024-04-14T02:45:00Z,28.294229
2024-04-14T03:00:00Z,28.533534
2024-04-14T03:15:00Z,28.757699
2024-04-14T03:30:00Z,28.965767
2024-04-14T03:45:00Z,29.156848
2024-04-14T04:00:00Z,29.330127
2024-04-14T04:15:00Z,29.484864
2024-04-14T04:30:00Z,29.620398
2024-04-14T04:45:00Z,29.736151
2024-04-14T05:00:00Z,29.831629
2024-04-14T05:15:00Z,29.906426
2024-04-14T05:30:00Z,29.960224
2024-04-14T05:45:00Z,29.992795
2024-04-14T06:00:00Z,30.004000
2024-04-14T06:15:00Z,29.993795
2024-04-14T06:30:00Z,29.962224
2024-04-14T06:45:00Z,29.909426
2024-04-14T07:00:00Z,29.835629
2024-04-14T07:15:00Z,29.741151
2024-04-14T07:30:00Z,29.626398
2024-04-14T07:45:00Z,29.491864
2024-04-14T08:00:00Z,29.338127
2024-04-14T08:15:00Z,29.165848
2024-04-14T08:30:00Z,28.975767
2024-04-14T08:45:00Z,28.768699
2024-04-14T09:00:00Z,28.545534
2024-04-14T09:15:00Z,28.307229
2024-04-14T09:30:00Z,28.054807
2024-04-14T09:45:00Z,27.789351
2024-04-14T10:00:00Z,27.512000
2024-04-14T10:15:00Z,27.223943
2024-04-14T10:30:00Z,26.926417
2024-04-14T10:45:00Z,26.620697
2024-04-14T11:00:00Z,26.308095
2024-04-14T11:15:00Z,25.989952
2024-04-14T11:30:00Z,25.667631
2024-04-14T11:45:00Z,25.342516
2024-04-14T12:00:00Z,25.016000
2024-04-14T12:15:00Z,24.689484
2024-04-14T12:30:00Z,24.364369
2024-04-14T12:45:00Z,24.042048
2024-04-14T13:00:00Z,23.723905
2024-04-14T13:15:00Z,23.411303
2024-04-14T13:30:00Z,23.105583
2024-04-14T13:45:00Z,22.808057
2024-04-14T14:00:00Z,22.520000
2024-04-14T14:15:00Z,22.242649
2024-04-14T14:30:00Z,21.977193
2024-04-14T14:45:00Z,21.724771
2024-04-14T15:00:00Z,21.486466
2024-04-14T15:15:00Z,21.263301
2024-04-14T15:30:00Z,21.056233
2024-04-14T15:45:00Z,20.866152
2024-04-14T16:00:00Z,20.693873
2024-04-14T16:15:00Z,20.540136
2024-04-14T16:30:00Z,20.405602
2024-04-14T16:45:00Z,20.290849
2024-04-14T17:00:00Z,20.196371
2024-04-14T17:15:00Z,20.122574
2024-04-14T17:30:00Z,20.069776
2024-04-14T17:45:00Z,20.038205
2024-04-14T18:00:00Z,20.028000
2024-04-14T18:15:00Z,20.039205
2024-04-14T18:30:00Z,20.071776
2024-04-14T18:45:00Z,20.125574
2024-04-14T19:00:00Z,20.200371
2024-04-14T19:15:00Z,20.295849
2024-04-14T19:30:00Z,20.411602
2024-04-14T19:45:00Z,20.547136
2024-04-14T20:00:00Z,20.701873
2024-04-14T20:15:00Z,20.875152
2024-04-14T20:30:00Z,21.066233
2024-04-14T20:45:00Z,21.274301
2024-04-14T21:00:00Z,21.498466
2024-04-14T21:15:00Z,21.737771
2024-04-14T21:30:00Z,21.991193
2024-04-14T21:45:00Z,22.257649
2024-04-14T22:00:00Z,22.536000
2024-04-14T22:15:00Z,22.825057
2024-04-14T22:30:00Z,23.123583
2024-04-14T22:45:00Z,23.430303
2024-04-14T23:00:00Z,23.743905
2024-04-14T23:15:00Z,24.063048
2024-04-14T23:30:00Z,24.386369
2024-04-14T23:45:00Z,24.712484
2024-04-15T00:00:00Z,25.040000
2024-04-15T00:15:00Z,25.367516
2024-04-15T00:30:00Z,25.693631
2024-04-15T00:45:00Z,26.016952
2024-04-15T01:00:00Z,26.336095
2024-04-15T01:15:00Z,26.649697
2024-04-15T01:30:00Z,26.956417
2024-04-15T01:45:00Z,27.254943
2024-04-15T02:00:00Z,27.544000
2024-04-15T02:15:00Z,27.822351
2024-04-15T02:30:00Z,28.088807
2024-04-15T02:45:00Z,28.342229
2024-04-15T03:00:00Z,28.581534
2024-04-15T03:15:00Z,28.805699
2024-04-15T03:30:00Z,29.013767
2024-04-15T03:45:00Z,29.204848
2024-04-15T04:00:00Z,29.378127
2024-04-15T04:15:00Z,29.532864
2024-04-15T04:30:00Z,29.668398
2024-04-15T04:45:00Z,29.784151
2024-04-15T05:00:00Z,29.879629
2024-04-15T05:15:00Z,29.954426
2024-04-15T05:30:00Z,30.008224
2024-04-15T05:45:00Z,30.040795
2024-04-15T06:00:00Z,30.052000
2024-04-15T06:15:00Z,30.041795
2024-04-15T06:30:00Z,30.010224
2024-04-15T06:45:00Z,29.957426
2024-04-15T07:00:00Z,29.883629
2024-04-15T07:15:00Z,29.789151
2024-04-15T07:30:00Z,29.674398
2024-04-15T07:45:00Z,29.539864
2024-04-15T08:00:00Z,29.386127
2024-04-15T08:15:00Z,29.213848
2024-04-15T08:30:00Z,29.023767
2024-04-15T08:45:00Z,28.816699
2024-04-15T09:00:00Z,28.593534
2024-04-15T09:15:00Z,28.355229
2024-04-15T09:30:00Z,28.102807
2024-04-15T09:45:00Z,27.837351
2024-04-15T10:00:00Z,27.560000
2024-04-15T10:15:00Z,27.271943
2024-04-15T10:30:00Z,26.974417
2024-04-15T10:45:00Z,26.668697
2024-04-15T11:00:00Z,26.356095
2024-04-15T11:15:00Z,26.037952
2024-04-15T11:30:00Z,25.715631
2024-04-15T11:45:00Z,25.390516
2024-04-15T12:00:00Z,25.064000
2024-04-15T12:15:00Z,24.737484
2024-04-15T12:30:00Z,24.412369
2024-04-15T12:45:00Z,24.090048
2024-04-15T13:00:00Z,23.771905
2024-04-15T13:15:00Z,23.459303
2024-04-15T13:30:00Z,23.153583
2024-04-15T13:45:00Z,22.856057
2024-04-15T14:00:00Z,22.568000
2024-04-15T14:15:00Z,22.290649
2024-04-15T14:30:00Z,22.025193
2024-04-15T14:45:00Z,21.772771
2024-04-15T15:00:00Z,21.534466
2024-04-15T15:15:00Z,21.311301
2024-04-15T15:30:00Z,21.104233
2024-04-15T15:45:00Z,20.914152
2024-04-15T16:00:00Z,20.741873
2024-04-15T16:15:00Z,20.588136
2024-04-15T16:30:00Z,20.453602
2024-04-15T16:45:00Z,20.338849
2024-04-15T17:00:00Z,20.244371
2024-04-15T17:15:00Z,20.170574
2024-04-15T17:30:00Z,20.117776
2024-04-15T17:45:00Z,20.086205
2024-04-15T18:00:00Z,20.076000
2024-04-15T18:15:00Z,20.087205
2024-04-15T18:30:00Z,20.119776
2024-04-15T18:45:00Z,20.173574
2024-04-15T19:00:00Z,20.248371
2024-04-15T19:15:00Z,20.343849
2024-04-15T19:30:00Z,20.459602
2024-04-15T19:45:00Z,20.595136
2024-04-15T20:00:00Z,20.749873
2024-04-15T20:15:00Z,20.923152
2024-04-15T20:30:00Z,21.114233
2024-04-15T20:45:00Z,21.322301
2024-04-15T21:00:00Z,21.546466
2024-04-15T21:15:00Z,21.785771
2024-04-15T21:30:00Z,22.039193
2024-04-15T21:45:00Z,22.305649
2024-04-15T22:00:00Z,22.584000
2024-04-15T22:15:00Z,22.873057
2024-04-15T22:30:00Z,23.171583
2024-04-15T22:45:00Z,23.478303
2024-04-15T23:00:00Z,23.791905
2024-04-15T23:15:00Z,24.111048
2024-04-15T23:30:00Z,24.434369
2024-04-15T23:45:00Z,24.760484
2024-04-16T00:00:00Z,25.088000
2024-04-16T00:15:00Z,25.415516
2024-04-16T00:30:00Z,25.741631
2024-04-16T00:45:00Z,26.064952
2024-04-16T01:00:00Z,26.384095
2024-04-16T01:15:00Z,26.697697
2024-04-16T01:30:00Z,27.004417
2024-04-16T01:45:00Z,27.302943
2024-04-16T02:00:00Z,27.592000
2024-04-16T02:15:00Z,27.870351
2024-04-16T02:30:00Z,28.136807
2024-04-16T02:45:00Z,28.390229
2024-04-16T03:00:00Z,28.629534
2024-04-16T03:15:00Z,28.853699
2024-04-16T03:30:00Z,29.061767
2024-04-16T03:45:00Z,29.252848
2024-04-16T04:00:00Z,29.426127
2024-04-16T04:15:00Z,29.580864
2024-04-16T04:30:00Z,29.716398
2024-04-16T04:45:00Z,29.832151
2024-04-16T05:00:00Z,29.927629
2024-04-16T05:15:00Z,30.002426
2024-04-16T05:30:00Z,30.056224
2024-04-16T05:45:00Z,30.088795
2024-04-16T06:00:00Z,30.100000
2024-04-16T06:15:00Z,30.089795
2024-04-16T06:30:00Z,30.058224
2024-04-16T06:45:00Z,30.005426
2024-04-16T07:00:00Z,29.931629
2024-04-16T07:15:00Z,29.837151
2024-04-16T07:30:00Z,29.722398
2024-04-16T07:45:00Z,29.587864
2024-04-16T08:00:00Z,29.434127
2024-04-16T08:15:00Z,29.261848
2024-04-16T08:30:00Z,29.071767
2024-04-16T08:45:00Z,28.864699
2024-04-16T09:00:00Z,28.641534
2024-04-16T09:15:00Z,28.403229
2024-04-16T09:30:00Z,28.150807
2024-04-16T09:45:00Z,27.885351
2024-04-16T10:00:00Z,27.608000
2024-04-16T10:15:00Z,27.319943
2024-04-16T10:30:00Z,27.022417
2024-04-16T10:45:00Z,26.716697
2024-04-16T11:00:00Z,26.404095
2024-04-16T11:15:00Z,26.085952
2024-04-16T11:30:00Z,25.763631
2024-04-16T11:45:00Z,25.438516
2024-04-16T12:00:00Z,25.112000
2024-04-16T12:15:00Z,24.785484
2024-04-16T12:30:00Z,24.460369
2024-04-16T12:45:00Z,24.138048
2024-04-16T13:00:00Z,23.819905
2024-04-16T13:15:00Z,23.507303
2024-04-16T13:30:00Z,23.201583
2024-04-16T13:45:00Z,22.904057
2024-04-16T14:00:00Z,22.616000
2024-04-16T14:15:00Z,22.338649
2024-04-16T14:30:00Z,22.073193
2024-04-16T14:45:00Z,21.820771
2024-04-16T15:00:00Z,21.582466
2024-04-16T15:15:00Z,21.359301
2024-04-16T15:30:00Z,21.152233
2024-04-16T15:45:00Z,20.962152
2024-04-16T16:00:00Z,20.789873
2024-04-16T16:15:00Z,20.636136
2024-04-16T16:30:00Z,20.501602
2024-04-16T16:45:00Z,20.386849
2024-04-16T17:00:00Z,20.292371
2024-04-16T17:15:00Z,20.218574
2024-04-16T17:30:00Z,20.165776
2024-04-16T17:45:00Z,20.134205
2024-04-16T18:00:00Z,20.124000
2024-04-16T18:15:00Z,20.135205
2024-04-16T18:30:00Z,20.167776
2024-04-16T18:45:00Z,20.221574
2024-04-16T19:00:00Z,20.296371
2024-04-16T19:15:00Z,20.391849
2024-04-16T19:30:00Z,20.507602
2024-04-16T19:45:00Z,20.643136
2024-04-16T20:00:00Z,20.797873
2024-04-16T20:15:00Z,20.971152
2024-04-16T20:30:00Z,21.162233
2024-04-16T20:45:00Z,21.370301
2024-04-16T21:00:00Z,21.594466
2024-04-16T21:15:00Z,21.833771
2024-04-16T21:30:00Z,22.087193
2024-04-16T21:45:00Z,22.353649
2024-04-16T22:00:00Z,22.632000
2024-04-16T22:15:00Z,22.921057
2024-04-16T22:30:00Z,23.219583
2024-04-16T22:45:00Z,23.526303
2024-04-16T23:00:00Z,23.839905
2024-04-16T23:15:00Z,24.159048
2024-04-16T23:30:00Z,24.482369
2024-04-16T23:45:00Z,24.808484
2024-04-17T00:00:00Z,25.136000
2024-04-17T00:15:00Z,25.463516
2024-04-17T00:30:00Z,25.789631
2024-04-17T00:45:00Z,26.112952
2024-04-17T01:00:00Z,26.432095
2024-04-17T01:15:00Z,26.745697
2024-04-17T01:30:00Z,27.052417
2024-04-17T01:45:00Z,27.350943
2024-04-17T02:00:00Z,27.640000
2024-04-17T02:15:00Z,27.918351
2024-04-17T02:30:00Z,28.184807
2024-04-17T02:45:00Z,28.438229
2024-04-17T03:00:00Z,28.677534
2024-04-17T03:15:00Z,28.901699
2024-04-17T03:30:00Z,29.109767
2024-04-17T03:45:00Z,29.300848
2024-04-17T04:00:00Z,29.474127
2024-04-17T04:15:00Z,29.628864
2024-04-17T04:30:00Z,29.764398
2024-04-17T04:45:00Z,29.880151
2024-04-17T05:00:00Z,29.975629
2024-04-17T05:15:00Z,30.050426
2024-04-17T05:30:00Z,30.104224
2024-04-17T05:45:00Z,30.136795
2024-04-17T06:00:00Z,30.148000
2024-04-17T06:15:00Z,30.137795
2024-04-17T06:30:00Z,30.106224
2024-04-17T06:45:00Z,30.053426
2024-04-17T07:00:00Z,29.979629
2024-04-17T07:15:00Z,29.885151
2024-04-17T07:30:00Z,29.770398
2024-04-17T07:45:00Z,29.635864
2024-04-17T08:00:00Z,29.482127
2024-04-17T08:15:00Z,29.309848
2024-04-17T08:30:00Z,29.119767
2024-04-17T08:45:00Z,28.912699
2024-04-17T09:00:00Z,28.689534
2024-04-17T09:15:00Z,28.451229
2024-04-17T09:30:00Z,28.198807
2024-04-17T09:45:00Z,27.933351
2024-04-17T10:00:00Z,27.656000
2024-04-17T10:15:00Z,27.367943
2024-04-17T10:30:00Z,27.070417
2024-04-17T10:45:00Z,26.764697
2024-04-17T11:00:00Z,26.452095
2024-04-17T11:15:00Z,26.133952
2024-04-17T11:30:00Z,25.811631
2024-04-17T11:45:00Z,25.486516
2024-04-17T12:00:00Z,25.160000
2024-04-17T12:15:00Z,24.833484
2024-04-17T12:30:00Z,24.508369
2024-04-17T12:45:00Z,24.186048
2024-04-17T13:00:00Z,23.867905
2024-04-17T13:15:00Z,23.555303
2024-04-17T13:30:00Z,23.249583
2024-04-17T13:45:00Z,22.952057
2024-04-17T14:00:00Z,22.664000
2024-04-17T14:15:00Z,22.386649
2024-04-17T14:30:00Z,22.121193
2024-04-17T14:45:00Z,21.868771
2024-04-17T15:00:00Z,21.630466
2024-04-17T15:15:00Z,21.407301
2024-04-17T15:30:00Z,21.200233
2024-04-17T15:45:00Z,21.010152
2024-04-17T16:00:00Z,20.837873
2024-04-17T16:15:00Z,20.684136
2024-04-17T16:30:00Z,20.549602
2024-04-17T16:45:00Z,20.434849
2024-04-17T17:00:00Z,20.340371
2024-04-17T17:15:00Z,20.266574
2024-04-17T17:30:00Z,20.213776
2024-04-17T17:45:00Z,20.182205
2024-04-17T18:00:00Z,20.172000
2024-04-17T18:15:00Z,20.183205
2024-04-17T18:30:00Z,20.215776
2024-04-17T18:45:00Z,20.269574
2024-04-17T19:00:00Z,20.344371
2024-04-17T19:15:00Z,20.439849
2024-04-17T19:30:00Z,20.555602
2024-04-17T19:45:00Z,20.691136
2024-04-17T20:00:00Z,20.845873
2024-04-17T20:15:00Z,21.019152
2024-04-17T20:30:00Z,21.210233
2024-04-17T20:45:00Z,21.418301
2024-04-17T21:00:00Z,21.642466
2024-04-17T21:15:00Z,21.881771
2024-04-17T21:30:00Z,22.135193
2024-04-17T21:45:00Z,22.401649
2024-04-17T22:00:00Z,22.680000
2024-04-17T22:15:00Z,22.969057
2024-04-17T22:30:00Z,23.267583
2024-04-17T22:45:00Z,23.574303
2024-04-17T23:00:00Z,23.887905
2024-04-17T23:15:00Z,24.207048
2024-04-17T23:30:00Z,24.530369
2024-04-17T23:45:00Z,24.856484
2024-04-18T00:00:00Z,25.184000
2024-04-18T00:15:00Z,25.511516
2024-04-18T00:30:00Z,25.837631
2024-04-18T00:45:00Z,26.160952
2024-04-18T01:00:00Z,26.480095
2024-04-18T01:15:00Z,26.793697
2024-04-18T01:30:00Z,27.100417
2024-04-18T01:45:00Z,27.398943
2024-04-18T02:00:00Z,27.688000
2024-04-18T02:15:00Z,27.966351
2024-04-18T02:30:00Z,28.232807
2024-04-18T02:45:00Z,28.486229
2024-04-18T03:00:00Z,28.725534
2024-04-18T03:15:00Z,28.949699
2024-04-18T03:30:00Z,29.157767
2024-04-18T03:45:00Z,29.348848
2024-04-18T04:00:00Z,29.522127
2024-04-18T04:15:00Z,29.676864
2024-04-18T04:30:00Z,29.812398
2024-04-18T04:45:00Z,29.928151
2024-04-18T05:00:00Z,30.023629
2024-04-18T05:15:00Z,30.098426
2024-04-18T05:30:00Z,30.152224
2024-04-18T05:45:00Z,30.184795
2024-04-18T06:00:00Z,30.196000
2024-04-18T06:15:00Z,30.185795
2024-04-18T06:30:00Z,30.154224
2024-04-18T06:45:00Z,30.101426
2024-04-18T07:00:00Z,30.027629
2024-04-18T07:15:00Z,29.933151
2024-04-18T07:30:00Z,29.818398
2024-04-18T07:45:00Z,29.683864
2024-04-18T08:00:00Z,29.530127
2024-04-18T08:15:00Z,29.357848
2024-04-18T08:30:00Z,29.167767
2024-04-18T08:45:00Z,28.960699
2024-04-18T09:00:00Z,28.737534
2024-04-18T09:15:00Z,28.499229
2024-04-18T09:30:00Z,28.246807
2024-04-18T09:45:00Z,27.981351
2024-04-18T10:00:00Z,27.704000
2024-04-18T10:15:00Z,27.415943
2024-04-18T10:30:00Z,27.118417
2024-04-18T10:45:00Z,26.812697
2024-04-18T11:00:00Z,26.500095
2024-04-18T11:15:00Z,26.181952
2024-04-18T11:30:00Z,25.859631
2024-04-18T11:45:00Z,25.534516
2024-04-18T12:00:00Z,25.208000
2024-04-18T12:15:00Z,24.881484
2024-04-18T12:30:00Z,24.556369
2024-04-18T12:45:00Z,24.234048
2024-04-18T13:00:00Z,23.915905
2024-04-18T13:15:00Z,23.603303
2024-04-18T13:30:00Z,23.297583
2024-04-18T13:45:00Z,23.000057
2024-04-18T14:00:00Z,22.712000
2024-04-18T14:15:00Z,22.434649
2024-04-18T14:30:00Z,22.169193
2024-04-18T14:45:00Z,21.916771
2024-04-18T15:00:00Z,21.678466
2024-04-18T15:15:00Z,21.455301
2024-04-18T15:30:00Z,21.248233
2024-04-18T15:45:00Z,21.058152
2024-04-18T16:00:00Z,20.885873
2024-04-18T16:15:00Z,20.732136
2024-04-18T16:30:00Z,20.597602
2024-04-18T16:45:00Z,20.482849
2024-04-18T17:00:00Z,20.388371
2024-04-18T17:15:00Z,20.314574
2024-04-18T17:30:00Z,20.261776
2024-04-18T17:45:00Z,20.230205
2024-04-18T18:00:00Z,20.220000
2024-04-18T18:15:00Z,20.231205
2024-04-18T18:30:00Z,20.263776
2024-04-18T18:45:00Z,20.317574
2024-04-18T19:00:00Z,20.392371
2024-04-18T19:15:00Z,20.487849
2024-04-18T19:30:00Z,20.603602
2024-04-18T19:45:00Z,20.739136
2024-04-18T20:00:00Z,20.893873
2024-04-18T20:15:00Z,21.067152
2024-04-18T20:30:00Z,21.258233
2024-04-18T20:45:00Z,21.466301
2024-04-18T21:00:00Z,21.690466
2024-04-18T21:15:00Z,21.929771
2024-04-18T21:30:00Z,22.183193
2024-04-18T21:45:00Z,22.449649
2024-04-18T22:00:00Z,22.728000
2024-04-18T22:15:00Z,23.017057
2024-04-18T22:30:00Z,23.315583
2024-04-18T22:45:00Z,23.622303
2024-04-18T23:00:00Z,23.935905
2024-04-18T23:15:00Z,24.255048
2024-04-18T23:30:00Z,24.578369
2024-04-18T23:45:00Z,24.904484
2024-04-19T00:00:00Z,25.232000
2024-04-19T00:15:00Z,25.559516
2024-04-19T00:30:00Z,25.885631
2024-04-19T00:45:00Z,26.208952
2024-04-19T01:00:00Z,26.528095
2024-04-19T01:15:00Z,26.841697
2024-04-19T01:30:00Z,27.148417
2024-04-19T01:45:00Z,27.446943
2024-04-19T02:00:00Z,27.736000
2024-04-19T02:15:00Z,28.014351
2024-04-19T02:30:00Z,28.280807
2024-04-19T02:45:00Z,28.534229
2024-04-19T03:00:00Z,28.773534
2024-04-19T03:15:00Z,28.997699
2024-04-19T03:30:00Z,29.205767
2024-04-19T03:45:00Z,29.396848
2024-04-19T04:00:00Z,29.570127
2024-04-19T04:15:00Z,29.724864
2024-04-19T04:30:00Z,29.860398
2024-04-19T04:45:00Z,29.976151
2024-04-19T05:00:00Z,30.071629
2024-04-19T05:15:00Z,30.146426
2024-04-19T05:30:00Z,30.200224
2024-04-19T05:45:00Z,30.232795
2024-04-19T06:00:00Z,30.244000
2024-04-19T06:15:00Z,30.233795
2024-04-19T06:30:00Z,30.202224
2024-04-19T06:45:00Z,30.149426
2024-04-19T07:00:00Z,30.075629
2024-04-19T07:15:00Z,29.981151
2024-04-19T07:30:00Z,29.866398
2024-04-19T07:45:00Z,29.731864
2024-04-19T08:00:00Z,29.578127
2024-04-19T08:15:00Z,29.405848
2024-04-19T08:30:00Z,29.215767
2024-04-19T08:45:00Z,29.008699
2024-04-19T09:00:00Z,28.785534
2024-04-19T09:15:00Z,28.547229
2024-04-19T09:30:00Z,28.294807
2024-04-19T09:45:00Z,28.029351
2024-04-19T10:00:00Z,27.752000
2024-04-19T10:15:00Z,27.463943
2024-04-19T10:30:00Z,27.166417
2024-04-19T10:45:00Z,26.860697
2024-04-19T11:00:00Z,26.548095
2024-04-19T11:15:00Z,26.229952
2024-04-19T11:30:00Z,25.907631
2024-04-19T11:45:00Z,25.582516
2024-04-19T12:00:00Z,25.256000
2024-04-19T12:15:00Z,24.929484
2024-04-19T12:30:00Z,24.604369
2024-04-19T12:45:00Z,24.282048
2024-04-19T13:00:00Z,23.963905
2024-04-19T13:15:00Z,23.651303
2024-04-19T13:30:00Z,23.345583
2024-04-19T13:45:00Z,23.048057
2024-04-19T14:00:00Z,22.760000
2024-04-19T14:15:00Z,22.482649
2024-04-19T14:30:00Z,22.217193
2024-04-19T14:45:00Z,21.964771
2024-04-19T15:00:00Z,21.726466
2024-04-19T15:15:00Z,21.503301
2024-04-19T15:30:00Z,21.296233
2024-04-19T15:45:00Z,21.106152
2024-04-19T16:00:00Z,20.933873
2024-04-19T16:15:00Z,20.780136
2024-04-19T16:30:00Z,20.645602
2024-04-19T16:45:00Z,20.530849
2024-04-19T17:00:00Z,20.436371
2024-04-19T17:15:00Z,20.362574
2024-04-19T17:30:00Z,20.309776
2024-04-19T17:45:00Z,20.278205
2024-04-19T18:00:00Z,20.268000
2024-04-19T18:15:00Z,20.279205
2024-04-19T18:30:00Z,20.311776
2024-04-19T18:45:00Z,20.365574
2024-04-19T19:00:00Z,20.440371
2024-04-19T19:15:00Z,20.535849
2024-04-19T19:30:00Z,20.651602
2024-04-19T19:45:00Z,20.787136
2024-04-19T20:00:00Z,20.941873
2024-04-19T20:15:00Z,21.115152
2024-04-19T20:30:00Z,21.306233
2024-04-19T20:45:00Z,21.514301
2024-04-19T21:00:00Z,21.738466
2024-04-19T21:15:00Z,21.977771
2024-04-19T21:30:00Z,22.231193
2024-04-19T21:45:00Z,22.497649
2024-04-19T22:00:00Z,22.776000
2024-04-19T22:15:00Z,23.065057
2024-04-19T22:30:00Z,23.363583
2024-04-19T22:45:00Z,23.670303
2024-04-19T23:00:00Z,23.983905
2024-04-19T23:15:00Z,24.303048
2024-04-19T23:30:00Z,24.626369
2024-04-19T23:45:00Z,24.952484
2024-04-20T00:00:00Z,25.280000
2024-04-20T00:15:00Z,25.607516
2024-04-20T00:30:00Z,25.933631
2024-04-20T00:45:00Z,26.256952
2024-04-20T01:00:00Z,26.576095
2024-04-20T01:15:00Z,26.889697
2024-04-20T01:30:00Z,27.196417
2024-04-20T01:45:00Z,27.494943
2024-04-20T02:00:00Z,27.784000
2024-04-20T02:15:00Z,28.062351
2024-04-20T02:30:00Z,28.328807
2024-04-20T02:45:00Z,28.582229
2024-04-20T03:00:00Z,28.821534
2024-04-20T03:15:00Z,29.045699
2024-04-20T03:30:00Z,29.253767
2024-04-20T03:45:00Z,29.444848
2024-04-20T04:00:00Z,29.618127
2024-04-20T04:15:00Z,29.772864
2024-04-20T04:30:00Z,29.908398
2024-04-20T04:45:00Z,30.024151
2024-04-20T05:00:00Z,30.119629
2024-04-20T05:15:00Z,30.194426
2024-04-20T05:30:00Z,30.248224
2024-04-20T05:45:00Z,30.280795
2024-04-20T06:00:00Z,30.292000
2024-04-20T06:15:00Z,30.281795
2024-04-20T06:30:00Z,30.250224
2024-04-20T06:45:00Z,30.197426
2024-04-20T07:00:00Z,30.123629
2024-04-20T07:15:00Z,30.029151
2024-04-20T07:30:00Z,29.914398
2024-04-20T07:45:00Z,29.779864
2024-04-20T08:00:00Z,29.626127
2024-04-20T08:15:00Z,29.453848
2024-04-20T08:30:00Z,29.263767
2024-04-20T08:45:00Z,29.056699
2024-04-20T09:00:00Z,28.833534
2024-04-20T09:15:00Z,28.595229
2024-04-20T09:30:00Z,28.342807
2024-04-20T09:45:00Z,28.077351
2024-04-20T10:00:00Z,27.800000
2024-04-20T10:15:00Z,27.511943
2024-04-20T10:30:00Z,27.214417
2024-04-20T10:45:00Z,26.908697
2024-04-20T11:00:00Z,26.596095
2024-04-20T11:15:00Z,26.277952
2024-04-20T11:30:00Z,25.955631
2024-04-20T11:45:00Z,25.630516
2024-04-20T12:00:00Z,25.304000
2024-04-20T12:15:00Z,24.977484
2024-04-20T12:30:00Z,24.652369
2024-04-20T12:45:00Z,24.330048
2024-04-20T13:00:00Z,24.011905
2024-04-20T13:15:00Z,23.699303
2024-04-20T13:30:00Z,23.393583
2024-04-20T13:45:00Z,23.096057
2024-04-20T14:00:00Z,22.808000
2024-04-20T14:15:00Z,22.530649
2024-04-20T14:30:00Z,22.265193
2024-04-20T14:45:00Z,22.012771
2024-04-20T15:00:00Z,21.774466
2024-04-20T15:15:00Z,21.551301
2024-04-20T15:30:00Z,21.344233
2024-04-20T15:45:00Z,21.154152
2024-04-20T16:00:00Z,20.981873
2024-04-20T16:15:00Z,20.828136
2024-04-20T16:30:00Z,20.693602
2024-04-20T16:45:00Z,20.578849
2024-04-20T17:00:00Z,20.484371
2024-04-20T17:15:00Z,20.410574
2024-04-20T17:30:00Z,20.357776
2024-04-20T17:45:00Z,20.326205
2024-04-20T18:00:00Z,20.316000
2024-04-20T18:15:00Z,20.327205
2024-04-20T18:30:00Z,20.359776
2024-04-20T18:45:00Z,20.413574
2024-04-20T19:00:00Z,20.488371
2024-04-20T19:15:00Z,20.583849
2024-04-20T19:30:00Z,20.699602
2024-04-20T19:45:00Z,20.835136
2024-04-20T20:00:00Z,20.989873
2024-04-20T20:15:00Z,21.163152
2024-04-20T20:30:00Z,21.354233
2024-04-20T20:45:00Z,21.562301
2024-04-20T21:00:00Z,21.786466
2024-04-20T21:15:00Z,22.025771
2024-04-20T21:30:00Z,22.279193
2024-04-20T21:45:00Z,22.545649
2024-04-20T22:00:00Z,22.824000
2024-04-20T22:15:00Z,23.113057
2024-04-20T22:30:00Z,23.411583
2024-04-20T22:45:00Z,23.718303
2024-04-20T23:00:00Z,24.031905
2024-04-20T23:15:00Z,24.351048
2024-04-20T23:30:00Z,24.674369
2024-04-20T23:45:00Z,25.000484
2024-04-21T00:00:00Z,25.328000
2024-04-21T00:15:00Z,25.655516
2024-04-21T00:30:00Z,25.981631
2024-04-21T00:45:00Z,26.304952
2024-04-21T01:00:00Z,26.624095
2024-04-21T01:15:00Z,26.937697
2024-04-21T01:30:00Z,27.244417
2024-04-21T01:45:00Z,27.542943
2024-04-21T02:00:00Z,27.832000
2024-04-21T02:15:00Z,28.110351
2024-04-21T02:30:00Z,28.376807
2024-04-21T02:45:00Z,28.630229
2024-04-21T03:00:00Z,28.869534
2024-04-21T03:15:00Z,29.093699
2024-04-21T03:30:00Z,29.301767
2024-04-21T03:45:00Z,29.492848
2024-04-21T04:00:00Z,29.666127
2024-04-21T04:15:00Z,29.820864
2024-04-21T04:30:00Z,29.956398
2024-04-21T04:45:00Z,30.072151
2024-04-21T05:00:00Z,30.167629
2024-04-21T05:15:00Z,30.242426
2024-04-21T05:30:00Z,30.296224
2024-04-21T05:45:00Z,30.328795
2024-04-21T06:00:00Z,30.340000
2024-04-21T06:15:00Z,30.329795
2024-04-21T06:30:00Z,30.298224
2024-04-21T06:45:00Z,30.245426
2024-04-21T07:00:00Z,30.171629
2024-04-21T07:15:00Z,30.077151
2024-04-21T07:30:00Z,29.962398
2024-04-21T07:45:00Z,29.827864
2024-04-21T08:00:00Z,29.674127
2024-04-21T08:15:00Z,29.501848
2024-04-21T08:30:00Z,29.311767
2024-04-21T08:45:00Z,29.104699
2024-04-21T09:00:00Z,28.881534
2024-04-21T09:15:00Z,28.643229
2024-04-21T09:30:00Z,28.390807
2024-04-21T09:45:00Z,28.125351
2024-04-21T10:00:00Z,27.848000
2024-04-21T10:15:00Z,27.559943
2024-04-21T10:30:00Z,27.262417
2024-04-21T10:45:00Z,26.956697
2024-04-21T11:00:00Z,26.644095
2024-04-21T11:15:00Z,26.325952
2024-04-21T11:30:00Z,26.003631
2024-04-21T11:45:00Z,25.678516
2024-04-21T12:00:00Z,25.352000
2024-04-21T12:15:00Z,25.025484
2024-04-21T12:30:00Z,24.700369
2024-04-21T12:45:00Z,24.378048
2024-04-21T13:00:00Z,24.059905
2024-04-21T13:15:00Z,23.747303
2024-04-21T13:30:00Z,23.441583
2024-04-21T13:45:00Z,23.144057
2024-04-21T14:00:00Z,22.856000
2024-04-21T14:15:00Z,22.578649
2024-04-21T14:30:00Z,22.313193
2024-04-21T14:45:00Z,22.060771
2024-04-21T15:00:00Z,21.822466
2024-04-21T15:15:00Z,21.599301
2024-04-21T15:30:00Z,21.392233
2024-04-21T15:45:00Z,21.202152
2024-04-21T16:00:00Z,21.029873
2024-04-21T16:15:00Z,20.876136
2024-04-21T16:30:00Z,20.741602
2024-04-21T16:45:00Z,20.626849
2024-04-21T17:00:00Z,20.532371
2024-04-21T17:15:00Z,20.458574
2024-04-21T17:30:00Z,20.405776
2024-04-21T17:45:00Z,20.374205
2024-04-21T18:00:00Z,20.364000
2024-04-21T18:15:00Z,20.375205
2024-04-21T18:30:00Z,20.407776
2024-04-21T18:45:00Z,20.461574
2024-04-21T19:00:00Z,20.536371
2024-04-21T19:15:00Z,20.631849
2024-04-21T19:30:00Z,20.747602
2024-04-21T19:45:00Z,20.883136
2024-04-21T20:00:00Z,21.037873
2024-04-21T20:15:00Z,21.211152
2024-04-21T20:30:00Z,21.402233
2024-04-21T20:45:00Z,21.610301
2024-04-21T21:00:00Z,21.834466
2024-04-21T21:15:00Z,22.073771
2024-04-21T21:30:00Z,22.327193
2024-04-21T21:45:00Z,22.593649
2024-04-21T22:00:00Z,22.872000
2024-04-21T22:15:00Z,23.161057
2024-04-21T22:30:00Z,23.459583
2024-04-21T22:45:00Z,23.766303
2024-04-21T23:00:00Z,24.079905
2024-04-21T23:15:00Z,24.399048
2024-04-21T23:30:00Z,24.722369
2024-04-21T23:45:00Z,25.048484
2024-04-22T00:00:00Z,25.376000
2024-04-22T00:15:00Z,25.703516
2024-04-22T00:30:00Z,26.029631
2024-04-22T00:45:00Z,26.352952
2024-04-22T01:00:00Z,26.672095
2024-04-22T01:15:00Z,26.985697
2024-04-22T01:30:00Z,27.292417
2024-04-22T01:45:00Z,27.590943
2024-04-22T02:00:00Z,27.880000
2024-04-22T02:15:00Z,28.158351
2024-04-22T02:30:00Z,28.424807
2024-04-22T02:45:00Z,28.678229
2024-04-22T03:00:00Z,28.917534
2024-04-22T03:15:00Z,29.141699
2024-04-22T03:30:00Z,29.349767
2024-04-22T03:45:00Z,29.540848
2024-04-22T04:00:00Z,29.714127
2024-04-22T04:15:00Z,29.868864
2024-04-22T04:30:00Z,30.004398
2024-04-22T04:45:00Z,30.120151
2024-04-22T05:00:00Z,30.215629
2024-04-22T05:15:00Z,30.290426
2024-04-22T05:30:00Z,30.344224
2024-04-22T05:45:00Z,30.376795
2024-04-22T06:00:00Z,30.388000
2024-04-22T06:15:00Z,30.377795
2024-04-22T06:30:00Z,30.346224
2024-04-22T06:45:00Z,30.293426
2024-04-22T07:00:00Z,30.219629
2024-04-22T07:15:00Z,30.125151
2024-04-22T07:30:00Z,30.010398
2024-04-22T07:45:00Z,29.875864
2024-04-22T08:00:00Z,29.722127
2024-04-22T08:15:00Z,29.549848
2024-04-22T08:30:00Z,29.359767
2024-04-22T08:45:00Z,29.152699
2024-04-22T09:00:00Z,28.929534
2024-04-22T09:15:00Z,28.691229
2024-04-22T09:30:00Z,28.438807
2024-04-22T09:45:00Z,28.173351
2024-04-22T10:00:00Z,27.896000
2024-04-22T10:15:00Z,27.607943
2024-04-22T10:30:00Z,27.310417
2024-04-22T10:45:00Z,27.004697
2024-04-22T11:00:00Z,26.692095
2024-04-22T11:15:00Z,26.373952
2024-04-22T11:30:00Z,26.051631
2024-04-22T11:45:00Z,25.726516
2024-04-22T12:00:00Z,25.400000
2024-04-22T12:15:00Z,25.073484
2024-04-22T12:30:00Z,24.748369
2024-04-22T12:45:00Z,24.426048
2024-04-22T13:00:00Z,24.107905
2024-04-22T13:15:00Z,23.795303
2024-04-22T13:30:00Z,23.489583
2024-04-22T13:45:00Z,23.192057
2024-04-22T14:00:00Z,22.904000
2024-04-22T14:15:00Z,22.626649
2024-04-22T14:30:00Z,22.361193
2024-04-22T14:45:00Z,22.108771
2024-04-22T15:00:00Z,21.870466
2024-04-22T15:15:00Z,21.647301
2024-04-22T15:30:00Z,21.440233
2024-04-22T15:45:00Z,21.250152
2024-04-22T16:00:00Z,21.077873
2024-04-22T16:15:00Z,20.924136
2024-04-22T16:30:00Z,20.789602
2024-04-22T16:45:00Z,20.674849
2024-04-22T17:00:00Z,20.580371
2024-04-22T17:15:00Z,20.506574
2024-04-22T17:30:00Z,20.453776
2024-04-22T17:45:00Z,20.422205
2024-04-22T18:00:00Z,20.412000
2024-04-22T18:15:00Z,20.423205
2024-04-22T18:30:00Z,20.455776
2024-04-22T18:45:00Z,20.509574
2024-04-22T19:00:00Z,20.584371
2024-04-22T19:15:00Z,20.679849
2024-04-22T19:30:00Z,20.795602
2024-04-22T19:45:00Z,20.931136
2024-04-22T20:00:00Z,21.085873
2024-04-22T20:15:00Z,21.259152
2024-04-22T20:30:00Z,21.450233
2024-04-22T20:45:00Z,21.658301
2024-04-22T21:00:00Z,21.882466
2024-04-22T21:15:00Z,22.121771
2024-04-22T21:30:00Z,22.375193
2024-04-22T21:45:00Z,22.641649
2024-04-22T22:00:00Z,22.920000
2024-04-22T22:15:00Z,23.209057
2024-04-22T22:30:00Z,23.507583
2024-04-22T22:45:00Z,23.814303
2024-04-22T23:00:00Z,24.127905
2024-04-22T23:15:00Z,24.447048
2024-04-22T23:30:00Z,24.770369
2024-04-22T23:45:00Z,25.096484
2024-04-23T00:00:00Z,25.424000
2024-04-23T00:15:00Z,25.751516
2024-04-23T00:30:00Z,26.077631
2024-04-23T00:45:00Z,26.400952
2024-04-23T01:00:00Z,26.720095
2024-04-23T01:15:00Z,27.033697
2024-04-23T01:30:00Z,27.340417
2024-04-23T01:45:00Z,27.638943
2024-04-23T02:00:00Z,27.928000
2024-04-23T02:15:00Z,28.206351
2024-04-23T02:30:00Z,28.472807
2024-04-23T02:45:00Z,28.726229
2024-04-23T03:00:00Z,28.965534
2024-04-23T03:15:00Z,29.189699
2024-04-23T03:30:00Z,29.397767
2024-04-23T03:45:00Z,29.588848
2024-04-23T04:00:00Z,29.762127
2024-04-23T04:15:00Z,29.916864
2024-04-23T04:30:00Z,30.052398
2024-04-23T04:45:00Z,30.168151
2024-04-23T05:00:00Z,30.263629
2024-04-23T05:15:00Z,30.338426
2024-04-23T05:30:00Z,30.392224
2024-04-23T05:45:00Z,30.424795
2024-04-23T06:00:00Z,30.436000
2024-04-23T06:15:00Z,30.425795
2024-04-23T06:30:00Z,30.394224
2024-04-23T06:45:00Z,30.341426
2024-04-23T07:00:00Z,30.267629
2024-04-23T07:15:00Z,30.173151
2024-04-23T07:30:00Z,30.058398
2024-04-23T07:45:00Z,29.923864
2024-04-23T08:00:00Z,29.770127
2024-04-23T08:15:00Z,29.597848
2024-04-23T08:30:00Z,29.407767
2024-04-23T08:45:00Z,29.200699
2024-04-23T09:00:00Z,28.977534
2024-04-23T09:15:00Z,28.739229
2024-04-23T09:30:00Z,28.486807
2024-04-23T09:45:00Z,28.221351
2024-04-23T10:00:00Z,27.944000
2024-04-23T10:15:00Z,27.655943
2024-04-23T10:30:00Z,27.358417
2024-04-23T10:45:00Z,27.052697
2024-04-23T11:00:00Z,26.740095
2024-04-23T11:15:00Z,26.421952
2024-04-23T11:30:00Z,26.099631
2024-04-23T11:45:00Z,25.774516
2024-04-23T12:00:00Z,25.448000
2024-04-23T12:15:00Z,25.121484
2024-04-23T12:30:00Z,24.796369
2024-04-23T12:45:00Z,24.474048
2024-04-23T13:00:00Z,24.155905
2024-04-23T13:15:00Z,23.843303
2024-04-23T13:30:00Z,23.537583
2024-04-23T13:45:00Z,23.240057
2024-04-23T14:00:00Z,22.952000
2024-04-23T14:15:00Z,22.674649
2024-04-23T14:30:00Z,22.409193
2024-04-23T14:45:00Z,22.156771
2024-04-23T15:00:00Z,21.918466
2024-04-23T15:15:00Z,21.695301
2024-04-23T15:30:00Z,21.488233
2024-04-23T15:45:00Z,21.298152
2024-04-23T16:00:00Z,21.125873
2024-04-23T16:15:00Z,20.972136
2024-04-23T16:30:00Z,20.837602
2024-04-23T16:45:00Z,20.722849
2024-04-23T17:00:00Z,20.628371
2024-04-23T17:15:00Z,20.554574
2024-04-23T17:30:00Z,20.501776
2024-04-23T17:45:00Z,20.470205
2024-04-23T18:00:00Z,20.460000
2024-04-23T18:15:00Z,20.471205
2024-04-23T18:30:00Z,20.503776
2024-04-23T18:45:00Z,20.557574
2024-04-23T19:00:00Z,20.632371
2024-04-23T19:15:00Z,20.727849
2024-04-23T19:30:00Z,20.843602
2024-04-23T19:45:00Z,20.979136
2024-04-23T20:00:00Z,21.133873
2024-04-23T20:15:00Z,21.307152
2024-04-23T20:30:00Z,21.498233
2024-04-23T20:45:00Z,21.706301
2024-04-23T21:00:00Z,21.930466
2024-04-23T21:15:00Z,22.169771
2024-04-23T21:30:00Z,22.423193
2024-04-23T21:45:00Z,22.689649
2024-04-23T22:00:00Z,22.968000
2024-04-23T22:15:00Z,23.257057
2024-04-23T22:30:00Z,23.555583
2024-04-23T22:45:00Z,23.862303
2024-04-23T23:00:00Z,24.175905
2024-04-23T23:15:00Z,24.495048
2024-04-23T23:30:00Z,24.818369
2024-04-23T23:45:00Z,25.144484
2024-04-24T00:00:00Z,25.472000
2024-04-24T00:15:00Z,25.799516
2024-04-24T00:30:00Z,26.125631
2024-04-24T00:45:00Z,26.448952
2024-04-24T01:00:00Z,26.768095
2024-04-24T01:15:00Z,27.081697
2024-04-24T01:30:00Z,27.388417
2024-04-24T01:45:00Z,27.686943
2024-04-24T02:00:00Z,27.976000
2024-04-24T02:15:00Z,28.254351
2024-04-24T02:30:00Z,28.520807
2024-04-24T02:45:00Z,28.774229
2024-04-24T03:00:00Z,29.013534
2024-04-24T03:15:00Z,29.237699
2024-04-24T03:30:00Z,29.445767
2024-04-24T03:45:00Z,29.636848
2024-04-24T04:00:00Z,29.810127
2024-04-24T04:15:00Z,29.964864
2024-04-24T04:30:00Z,30.100398
2024-04-24T04:45:00Z,30.216151
2024-04-24T05:00:00Z,30.311629
2024-04-24T05:15:00Z,30.386426
2024-04-24T05:30:00Z,30.440224
2024-04-24T05:45:00Z,30.472795
2024-04-24T06:00:00Z,30.484000
2024-04-24T06:15:00Z,30.473795
2024-04-24T06:30:00Z,30.442224
2024-04-24T06:45:00Z,30.389426
2024-04-24T07:00:00Z,30.315629
2024-04-24T07:15:00Z,30.221151
2024-04-24T07:30:00Z,30.106398
2024-04-24T07:45:00Z,29.971864
2024-04-24T08:00:00Z,29.818127
2024-04-24T08:15:00Z,29.645848
2024-04-24T08:30:00Z,29.455767
2024-04-24T08:45:00Z,29.248699
2024-04-24T09:00:00Z,29.025534
2024-04-24T09:15:00Z,28.787229
2024-04-24T09:30:00Z,28.534807
2024-04-24T09:45:00Z,28.269351
2024-04-24T10:00:00Z,27.992000
2024-04-24T10:15:00Z,27.703943
2024-04-24T10:30:00Z,27.406417
2024-04-24T10:45:00Z,27.100697
2024-04-24T11:00:00Z,26.788095
2024-04-24T11:15:00Z,26.469952
2024-04-24T11:30:00Z,26.147631
2024-04-24T11:45:00Z,25.822516
2024-04-24T12:00:00Z,25.496000
2024-04-24T12:15:00Z,25.169484
2024-04-24T12:30:00Z,24.844369
2024-04-24T12:45:00Z,24.522048
2024-04-24T13:00:00Z,24.203905
2024-04-24T13:15:00Z,23.891303
2024-04-24T13:30:00Z,23.585583
2024-04-24T13:45:00Z,23.288057
2024-04-24T14:00:00Z,23.000000
2024-04-24T14:15:00Z,22.722649
2024-04-24T14:30:00Z,22.457193
2024-04-24T14:45:00Z,22.204771
2024-04-24T15:00:00Z,21.966466
2024-04-24T15:15:00Z,21.743301
2024-04-24T15:30:00Z,21.536233
2024-04-24T15:45:00Z,21.346152
2024-04-24T16:00:00Z,21.173873
2024-04-24T16:15:00Z,21.020136
2024-04-24T16:30:00Z,20.885602
2024-04-24T16:45:00Z,20.770849
2024-04-24T17:00:00Z,20.676371
2024-04-24T17:15:00Z,20.602574
2024-04-24T17:30:00Z,20.549776
2024-04-24T17:45:00Z,20.518205
2024-04-24T18:00:00Z,20.508000
2024-04-24T18:15:00Z,20.519205
2024-04-24T18:30:00Z,20.551776
2024-04-24T18:45:00Z,20.605574
2024-04-24T19:00:00Z,20.680371
2024-04-24T19:15:00Z,20.775849
2024-04-24T19:30:00Z,20.891602
2024-04-24T19:45:00Z,21.027136
2024-04-24T20:00:00Z,21.181873
2024-04-24T20:15:00Z,21.355152
2024-04-24T20:30:00Z,21.546233
2024-04-24T20:45:00Z,21.754301
2024-04-24T21:00:00Z,21.978466
2024-04-24T21:15:00Z,22.217771
2024-04-24T21:30:00Z,22.471193
2024-04-24T21:45:00Z,22.737649
2024-04-24T22:00:00Z,23.016000
2024-04-24T22:15:00Z,23.305057
2024-04-24T22:30:00Z,23.603583
2024-04-24T22:45:00Z,23.910303
2024-04-24T23:00:00Z,24.223905
2024-04-24T23:15:00Z,24.543048
2024-04-24T23:30:00Z,24.866369
2024-04-24T23:45:00Z,25.192484
2024-04-25T00:00:00Z,25.520000
2024-04-25T00:15:00Z,25.847516
2024-04-25T00:30:00Z,26.173631
2024-04-25T00:45:00Z,26.496952
2024-04-25T01:00:00Z,26.816095
2024-04-25T01:15:00Z,27.129697
2024-04-25T01:30:00Z,27.436417
2024-04-25T01:45:00Z,27.734943
2024-04-25T02:00:00Z,28.024000
2024-04-25T02:15:00Z,28.302351
2024-04-25T02:30:00Z,28.568807
2024-04-25T02:45:00Z,28.822229
2024-04-25T03:00:00Z,29.061534
2024-04-25T03:15:00Z,29.285699
2024-04-25T03:30:00Z,29.493767
2024-04-25T03:45:00Z,29.684848
2024-04-25T04:00:00Z,29.858127
2024-04-25T04:15:00Z,30.012864
2024-04-25T04:30:00Z,30.148398
2024-04-25T04:45:00Z,30.264151
2024-04-25T05:00:00Z,30.359629
2024-04-25T05:15:00Z,30.434426
2024-04-25T05:30:00Z,30.488224
2024-04-25T05:45:00Z,30.520795
2024-04-25T06:00:00Z,30.532000
2024-04-25T06:15:00Z,30.521795
2024-04-25T06:30:00Z,30.490224
2024-04-25T06:45:00Z,30.437426
2024-04-25T07:00:00Z,30.363629
2024-04-25T07:15:00Z,30.269151
2024-04-25T07:30:00Z,30.154398
2024-04-25T07:45:00Z,30.019864
2024-04-25T08:00:00Z,29.866127
2024-04-25T08:15:00Z,29.693848
2024-04-25T08:30:00Z,29.503767
2024-04-25T08:45:00Z,29.296699
2024-04-25T09:00:00Z,29.073534
2024-04-25T09:15:00Z,28.835229
2024-04-25T09:30:00Z,28.582807
2024-04-25T09:45:00Z,28.317351
2024-04-25T10:00:00Z,28.040000
2024-04-25T10:15:00Z,27.751943
2024-04-25T10:30:00Z,27.454417
2024-04-25T10:45:00Z,27.148697
2024-04-25T11:00:00Z,26.836095
2024-04-25T11:15:00Z,26.517952
2024-04-25T11:30:00Z,26.195631
2024-04-25T11:45:00Z,25.870516
2024-04-25T12:00:00Z,25.544000
2024-04-25T12:15:00Z,25.217484
2024-04-25T12:30:00Z,24.892369
2024-04-25T12:45:00Z,24.570048
2024-04-25T13:00:00Z,24.251905
2024-04-25T13:15:00Z,23.939303
2024-04-25T13:30:00Z,23.633583
2024-04-25T13:45:00Z,23.336057
2024-04-25T14:00:00Z,23.048000
2024-04-25T14:15:00Z,22.770649
2024-04-25T14:30:00Z,22.505193
2024-04-25T14:45:00Z,22.252771
2024-04-25T15:00:00Z,22.014466
2024-04-25T15:15:00Z,21.791301
2024-04-25T15:30:00Z,21.584233
2024-04-25T15:45:00Z,21.394152
2024-04-25T16:00:00Z,21.221873
2024-04-25T16:15:00Z,21.068136
2024-04-25T16:30:00Z,20.933602
2024-04-25T16:45:00Z,20.818849
2024-04-25T17:00:00Z,20.724371
2024-04-25T17:15:00Z,20.650574
2024-04-25T17:30:00Z,20.597776
2024-04-25T17:45:00Z,20.566205
2024-04-25T18:00:00Z,20.556000
2024-04-25T18:15:00Z,20.567205
2024-04-25T18:30:00Z,20.599776
2024-04-25T18:45:00Z,20.653574
2024-04-25T19:00:00Z,20.728371
2024-04-25T19:15:00Z,20.823849
2024-04-25T19:30:00Z,20.939602
2024-04-25T19:45:00Z,21.075136
2024-04-25T20:00:00Z,21.229873
2024-04-25T20:15:00Z,21.403152
2024-04-25T20:30:00Z,21.594233
2024-04-25T20:45:00Z,21.802301
2024-04-25T21:00:00Z,22.026466
2024-04-25T21:15:00Z,22.265771
2024-04-25T21:30:00Z,22.519193
2024-04-25T21:45:00Z,22.785649
2024-04-25T22:00:00Z,23.064000
2024-04-25T22:15:00Z,23.353057
2024-04-25T22:30:00Z,23.651583
2024-04-25T22:45:00Z,23.958303
2024-04-25T23:00:00Z,24.271905
2024-04-25T23:15:00Z,24.591048
2024-04-25T23:30:00Z,24.914369
2024-04-25T23:45:00Z,25.240484
2024-04-26T00:00:00Z,25.568000
2024-04-26T00:15:00Z,25.895516
2024-04-26T00:30:00Z,26.221631
2024-04-26T00:45:00Z,26.544952
2024-04-26T01:00:00Z,26.864095
2024-04-26T01:15:00Z,27.177697
2024-04-26T01:30:00Z,27.484417
2024-04-26T01:45:00Z,27.782943
2024-04-26T02:00:00Z,28.072000
2024-04-26T02:15:00Z,28.350351
2024-04-26T02:30:00Z,28.616807
2024-04-26T02:45:00Z,28.870229
2024-04-26T03:00:00Z,29.109534
2024-04-26T03:15:00Z,29.333699
2024-04-26T03:30:00Z,29.541767
2024-04-26T03:45:00Z,29.732848
2024-04-26T04:00:00Z,29.906127
2024-04-26T04:15:00Z,30.060864
2024-04-26T04:30:00Z,30.196398
2024-04-26T04:45:00Z,30.312151
2024-04-26T05:00:00Z,30.407629
2024-04-26T05:15:00Z,30.482426
2024-04-26T05:30:00Z,30.536224
2024-04-26T05:45:00Z,30.568795
2024-04-26T06:00:00Z,30.580000
2024-04-26T06:15:00Z,30.569795
2024-04-26T06:30:00Z,30.538224
2024-04-26T06:45:00Z,30.485426
2024-04-26T07:00:00Z,30.411629
2024-04-26T07:15:00Z,30.317151
2024-04-26T07:30:00Z,30.202398
2024-04-26T07:45:00Z,30.067864
2024-04-26T08:00:00Z,29.914127
2024-04-26T08:15:00Z,29.741848
2024-04-26T08:30:00Z,29.551767
2024-04-26T08:45:00Z,29.344699
2024-04-26T09:00:00Z,29.121534
2024-04-26T09:15:00Z,28.883229
2024-04-26T09:30:00Z,28.630807
2024-04-26T09:45:00Z,28.365351
2024-04-26T10:00:00Z,28.088000
2024-04-26T10:15:00Z,27.799943
2024-04-26T10:30:00Z,27.502417
2024-04-26T10:45:00Z,27.196697
2024-04-26T11:00:00Z,26.884095
2024-04-26T11:15:00Z,26.565952
2024-04-26T11:30:00Z,26.243631
2024-04-26T11:45:00Z,25.918516
2024-04-26T12:00:00Z,25.592000
2024-04-26T12:15:00Z,25.265484
2024-04-26T12:30:00Z,24.940369
2024-04-26T12:45:00Z,24.618048
2024-04-26T13:00:00Z,24.299905
2024-04-26T13:15:00Z,23.987303
2024-04-26T13:30:00Z,23.681583
2024-04-26T13:45:00Z,23.384057
2024-04-26T14:00:00Z,23.096000
2024-04-26T14:15:00Z,22.818649
2024-04-26T14:30:00Z,22.553193
2024-04-26T14:45:00Z,22.300771
2024-04-26T15:00:00Z,22.062466
2024-04-26T15:15:00Z,21.839301
2024-04-26T15:30:00Z,21.632233
2024-04-26T15:45:00Z,21.442152
2024-04-26T16:00:00Z,21.269873
2024-04-26T16:15:00Z,21.116136
2024-04-26T16:30:00Z,20.981602
2024-04-26T16:45:00Z,20.866849
2024-04-26T17:00:00Z,20.772371
2024-04-26T17:15:00Z,20.698574
2024-04-26T17:30:00Z,20.645776
2024-04-26T17:45:00Z,20.614205
2024-04-26T18:00:00Z,20.604000
2024-04-26T18:15:00Z,20.615205
2024-04-26T18:30:00Z,20.647776
2024-04-26T18:45:00Z,20.701574
2024-04-26T19:00:00Z,20.776371
2024-04-26T19:15:00Z,20.871849
2024-04-26T19:30:00Z,20.987602
2024-04-26T19:45:00Z,21.123136
2024-04-26T20:00:00Z,21.277873
2024-04-26T20:15:00Z,21.451152
2024-04-26T20:30:00Z,21.642233
2024-04-26T20:45:00Z,21.850301
2024-04-26T21:00:00Z,22.074466
2024-04-26T21:15:00Z,22.313771
2024-04-26T21:30:00Z,22.567193
2024-04-26T21:45:00Z,22.833649
2024-04-26T22:00:00Z,23.112000
2024-04-26T22:15:00Z,23.401057
2024-04-26T22:30:00Z,23.699583
2024-04-26T22:45:00Z,24.006303
2024-04-26T23:00:00Z,24.319905
2024-04-26T23:15:00Z,24.639048
2024-04-26T23:30:00Z,24.962369
2024-04-26T23:45:00Z,25.288484
2024-04-27T00:00:00Z,25.616000
2024-04-27T00:15:00Z,25.943516
2024-04-27T00:30:00Z,26.269631
2024-04-27T00:45:00Z,26.592952
2024-04-27T01:00:00Z,26.912095
2024-04-27T01:15:00Z,27.225697
2024-04-27T01:30:00Z,27.532417
2024-04-27T01:45:00Z,27.830943
2024-04-27T02:00:00Z,28.120000
2024-04-27T02:15:00Z,28.398351
2024-04-27T02:30:00Z,28.664807
2024-04-27T02:45:00Z,28.918229
2024-04-27T03:00:00Z,29.157534
2024-04-27T03:15:00Z,29.381699
2024-04-27T03:30:00Z,29.589767
2024-04-27T03:45:00Z,29.780848
2024-04-27T04:00:00Z,29.954127
2024-04-27T04:15:00Z,30.108864
2024-04-27T04:30:00Z,30.244398
2024-04-27T04:45:00Z,30.360151
2024-04-27T05:00:00Z,30.455629
2024-04-27T05:15:00Z,30.530426
2024-04-27T05:30:00Z,30.584224
2024-04-27T05:45:00Z,30.616795
2024-04-27T06:00:00Z,30.628000
2024-04-27T06:15:00Z,30.617795
2024-04-27T06:30:00Z,30.586224
2024-04-27T06:45:00Z,30.533426
2024-04-27T07:00:00Z,30.459629
2024-04-27T07:15:00Z,30.365151
2024-04-27T07:30:00Z,30.250398
2024-04-27T07:45:00Z,30.115864
2024-04-27T08:00:00Z,29.962127
2024-04-27T08:15:00Z,29.789848
2024-04-27T08:30:00Z,29.599767
2024-04-27T08:45:00Z,29.392699
2024-04-27T09:00:00Z,29.169534
2024-04-27T09:15:00Z,28.931229
2024-04-27T09:30:00Z,28.678807
2024-04-27T09:45:00Z,28.413351
2024-04-27T10:00:00Z,28.136000
2024-04-27T10:15:00Z,27.847943
2024-04-27T10:30:00Z,27.550417
2024-04-27T10:45:00Z,27.244697
2024-04-27T11:00:00Z,26.932095
2024-04-27T11:15:00Z,26.613952
2024-04-27T11:30:00Z,26.291631
2024-04-27T11:45:00Z,25.966516
2024-04-27T12:00:00Z,25.640000
2024-04-27T12:15:00Z,25.313484
2024-04-27T12:30:00Z,24.988369
2024-04-27T12:45:00Z,24.666048
2024-04-27T13:00:00Z,24.347905
2024-04-27T13:15:00Z,24.035303
2024-04-27T13:30:00Z,23.729583
2024-04-27T13:45:00Z,23.432057
2024-04-27T14:00:00Z,23.144000
2024-04-27T14:15:00Z,22.866649
2024-04-27T14:30:00Z,22.601193
2024-04-27T14:45:00Z,22.348771
2024-04-27T15:00:00Z,22.110466
2024-04-27T15:15:00Z,21.887301
2024-04-27T15:30:00Z,21.680233
2024-04-27T15:45:00Z,21.490152
2024-04-27T16:00:00Z,21.317873
2024-04-27T16:15:00Z,21.164136
2024-04-27T16:30:00Z,21.029602
2024-04-27T16:45:00Z,20.914849
2024-04-27T17:00:00Z,20.820371
2024-04-27T17:15:00Z,20.746574
2024-04-27T17:30:00Z,20.693776
2024-04-27T17:45:00Z,20.662205
2024-04-27T18:00:00Z,20.652000
2024-04-27T18:15:00Z,20.663205
2024-04-27T18:30:00Z,20.695776
2024-04-27T18:45:00Z,20.749574
2024-04-27T19:00:00Z,20.824371
2024-04-27T19:15:00Z,20.919849
2024-04-27T19:30:00Z,21.035602
2024-04-27T19:45:00Z,21.171136
2024-04-27T20:00:00Z,21.325873
2024-04-27T20:15:00Z,21.499152
2024-04-27T20:30:00Z,21.690233
2024-04-27T20:45:00Z,21.898301
2024-04-27T21:00:00Z,22.122466
2024-04-27T21:15:00Z,22.361771
2024-04-27T21:30:00Z,22.615193
2024-04-27T21:45:00Z,22.881649
2024-04-27T22:00:00Z,23.160000
2024-04-27T22:15:00Z,23.449057
2024-04-27T22:30:00Z,23.747583
2024-04-27T22:45:00Z,24.054303
2024-04-27T23:00:00Z,24.367905
2024-04-27T23:15:00Z,24.687048
2024-04-27T23:30:00Z,25.010369
2024-04-27T23:45:00Z,25.336484
2024-04-28T00:00:00Z,25.664000
2024-04-28T00:15:00Z,25.991516
2024-04-28T00:30:00Z,26.317631
2024-04-28T00:45:00Z,26.640952
2024-04-28T01:00:00Z,26.960095
2024-04-28T01:15:00Z,27.273697
2024-04-28T01:30:00Z,27.580417
2024-04-28T01:45:00Z,27.878943
2024-04-28T02:00:00Z,28.168000
2024-04-28T02:15:00Z,28.446351
2024-04-28T02:30:00Z,28.712807
2024-04-28T02:45:00Z,28.966229
2024-04-28T03:00:00Z,29.205534
2024-04-28T03:15:00Z,29.429699
2024-04-28T03:30:00Z,29.637767
2024-04-28T03:45:00Z,29.828848
2024-04-28T04:00:00Z,30.002127
2024-04-28T04:15:00Z,30.156864
2024-04-28T04:30:00Z,30.292398
2024-04-28T04:45:00Z,30.408151
2024-04-28T05:00:00Z,30.503629
2024-04-28T05:15:00Z,30.578426
2024-04-28T05:30:00Z,30.632224
2024-04-28T05:45:00Z,30.664795
2024-04-28T06:00:00Z,30.676000
2024-04-28T06:15:00Z,30.665795
2024-04-28T06:30:00Z,30.634224
2024-04-28T06:45:00Z,30.581426
2024-04-28T07:00:00Z,30.507629
2024-04-28T07:15:00Z,30.413151
2024-04-28T07:30:00Z,30.298398
2024-04-28T07:45:00Z,30.163864
2024-04-28T08:00:00Z,30.010127
2024-04-28T08:15:00Z,29.837848
2024-04-28T08:30:00Z,29.647767
2024-04-28T08:45:00Z,29.440699
2024-04-28T09:00:00Z,29.217534
2024-04-28T09:15:00Z,28.979229
2024-04-28T09:30:00Z,28.726807
2024-04-28T09:45:00Z,28.461351
2024-04-28T10:00:00Z,28.184000
2024-04-28T10:15:00Z,27.895943
2024-04-28T10:30:00Z,27.598417
2024-04-28T10:45:00Z,27.292697
2024-04-28T11:00:00Z,26.980095
2024-04-28T11:15:00Z,26.661952
2024-04-28T11:30:00Z,26.339631
2024-04-28T11:45:00Z,26.014516
2024-04-28T12:00:00Z,25.688000
2024-04-28T12:15:00Z,25.361484
2024-04-28T12:30:00Z,25.036369
2024-04-28T12:45:00Z,24.714048
2024-04-28T13:00:00Z,24.395905
2024-04-28T13:15:00Z,24.083303
2024-04-28T13:30:00Z,23.777583
2024-04-28T13:45:00Z,23.480057
2024-04-28T14:00:00Z,23.192000
2024-04-28T14:15:00Z,22.914649
2024-04-28T14:30:00Z,22.649193
2024-04-28T14:45:00Z,22.396771
2024-04-28T15:00:00Z,22.158466
2024-04-28T15:15:00Z,21.935301
2024-04-28T15:30:00Z,21.728233
2024-04-28T15:45:00Z,21.538152
2024-04-28T16:00:00Z,21.365873
2024-04-28T16:15:00Z,21.212136
2024-04-28T16:30:00Z,21.077602
2024-04-28T16:45:00Z,20.962849
2024-04-28T17:00:00Z,20.868371
2024-04-28T17:15:00Z,20.794574
2024-04-28T17:30:00Z,20.741776
2024-04-28T17:45:00Z,20.710205
2024-04-28T18:00:00Z,20.700000
2024-04-28T18:15:00Z,20.711205
2024-04-28T18:30:00Z,20.743776
2024-04-28T18:45:00Z,20.797574
2024-04-28T19:00:00Z,20.872371
2024-04-28T19:15:00Z,20.967849
2024-04-28T19:30:00Z,21.083602
2024-04-28T19:45:00Z,21.219136
2024-04-28T20:00:00Z,21.373873
2024-04-28T20:15:00Z,21.547152
2024-04-28T20:30:00Z,21.738233
2024-04-28T20:45:00Z,21.946301
2024-04-28T21:00:00Z,22.170466
2024-04-28T21:15:00Z,22.409771
2024-04-28T21:30:00Z,22.663193
2024-04-28T21:45:00Z,22.929649
2024-04-28T22:00:00Z,23.208000
2024-04-28T22:15:00Z,23.497057
2024-04-28T22:30:00Z,23.795583
2024-04-28T22:45:00Z,24.102303
2024-04-28T23:00:00Z,24.415905
2024-04-28T23:15:00Z,24.735048
2024-04-28T23:30:00Z,25.058369
2024-04-28T23:45:00Z,25.384484
2024-04-29T00:00:00Z,25.712000
2024-04-29T00:15:00Z,26.039516
2024-04-29T00:30:00Z,26.365631
2024-04-29T00:45:00Z,26.688952
2024-04-29T01:00:00Z,27.008095
2024-04-29T01:15:00Z,27.321697
2024-04-29T01:30:00Z,27.628417
2024-04-29T01:45:00Z,27.926943
2024-04-29T02:00:00Z,28.216000
2024-04-29T02:15:00Z,28.494351
2024-04-29T02:30:00Z,28.760807
2024-04-29T02:45:00Z,29.014229
2024-04-29T03:00:00Z,29.253534
2024-04-29T03:15:00Z,29.477699
2024-04-29T03:30:00Z,29.685767
2024-04-29T03:45:00Z,29.876848
2024-04-29T04:00:00Z,30.050127
2024-04-29T04:15:00Z,30.204864
2024-04-29T04:30:00Z,30.340398
2024-04-29T04:45:00Z,30.456151
2024-04-29T05:00:00Z,30.551629
2024-04-29T05:15:00Z,30.626426
2024-04-29T05:30:00Z,30.680224
2024-04-29T05:45:00Z,30.712795
2024-04-29T06:00:00Z,30.724000
2024-04-29T06:15:00Z,30.713795
2024-04-29T06:30:00Z,30.682224
2024-04-29T06:45:00Z,30.629426
2024-04-29T07:00:00Z,30.555629
2024-04-29T07:15:00Z,30.461151
2024-04-29T07:30:00Z,30.346398
2024-04-29T07:45:00Z,30.211864
2024-04-29T08:00:00Z,30.058127
2024-04-29T08:15:00Z,29.885848
2024-04-29T08:30:00Z,29.695767
2024-04-29T08:45:00Z,29.488699
2024-04-29T09:00:00Z,29.265534
2024-04-29T09:15:00Z,29.027229
2024-04-29T09:30:00Z,28.774807
2024-04-29T09:45:00Z,28.509351
2024-04-29T10:00:00Z,28.232000
2024-04-29T10:15:00Z,27.943943
2024-04-29T10:30:00Z,27.646417
2024-04-29T10:45:00Z,27.340697
2024-04-29T11:00:00Z,27.028095
2024-04-29T11:15:00Z,26.709952
2024-04-29T11:30:00Z,26.387631
2024-04-29T11:45:00Z,26.062516
2024-04-29T12:00:00Z,25.736000
2024-04-29T12:15:00Z,25.409484
2024-04-29T12:30:00Z,25.084369
2024-04-29T12:45:00Z,24.762048
2024-04-29T13:00:00Z,24.443905
2024-04-29T13:15:00Z,24.131303
2024-04-29T13:30:00Z,23.825583
2024-04-29T13:45:00Z,23.528057
2024-04-29T14:00:00Z,23.240000
2024-04-29T14:15:00Z,22.962649
2024-04-29T14:30:00Z,22.697193
2024-04-29T14:45:00Z,22.444771
2024-04-29T15:00:00Z,22.206466
2024-04-29T15:15:00Z,21.983301
2024-04-29T15:30:00Z,21.776233
2024-04-29T15:45:00Z,21.586152
2024-04-29T16:00:00Z,21.413873
2024-04-29T16:15:00Z,21.260136
2024-04-29T16:30:00Z,21.125602
2024-04-29T16:45:00Z,21.010849
2024-04-29T17:00:00Z,20.916371
2024-04-29T17:15:00Z,20.842574
2024-04-29T17:30:00Z,20.789776
2024-04-29T17:45:00Z,20.758205
2024-04-29T18:00:00Z,20.748000
2024-04-29T18:15:00Z,20.759205
2024-04-29T18:30:00Z,20.791776
2024-04-29T18:45:00Z,20.845574
2024-04-29T19:00:00Z,20.920371
2024-04-29T19:15:00Z,21.015849
2024-04-29T19:30:00Z,21.131602
2024-04-29T19:45:00Z,21.267136
2024-04-29T20:00:00Z,21.421873
2024-04-29T20:15:00Z,21.595152
2024-04-29T20:30:00Z,21.786233
2024-04-29T20:45:00Z,21.994301
2024-04-29T21:00:00Z,22.218466
2024-04-29T21:15:00Z,22.457771
2024-04-29T21:30:00Z,22.711193
2024-04-29T21:45:00Z,22.977649
2024-04-29T22:00:00Z,23.256000
2024-04-29T22:15:00Z,23.545057
2024-04-29T22:30:00Z,23.843583
2024-04-29T22:45:00Z,24.150303
2024-04-29T23:00:00Z,24.463905
2024-04-29T23:15:00Z,24.783048
2024-04-29T23:30:00Z,25.106369
2024-04-29T23:45:00Z,25.432484
2024-04-30T00:00:00Z,25.760000
2024-04-30T00:15:00Z,26.087516
2024-04-30T00:30:00Z,26.413631
2024-04-30T00:45:00Z,26.736952
2024-04-30T01:00:00Z,27.056095
2024-04-30T01:15:00Z,27.369697
2024-04-30T01:30:00Z,27.676417
2024-04-30T01:45:00Z,27.974943
2024-04-30T02:00:00Z,28.264000
2024-04-30T02:15:00Z,28.542351
2024-04-30T02:30:00Z,28.808807
2024-04-30T02:45:00Z,29.062229
2024-04-30T03:00:00Z,29.301534
2024-04-30T03:15:00Z,29.525699
2024-04-30T03:30:00Z,29.733767
2024-04-30T03:45:00Z,29.924848
2024-04-30T04:00:00Z,30.098127
2024-04-30T04:15:00Z,30.252864
2024-04-30T04:30:00Z,30.388398
2024-04-30T04:45:00Z,30.504151
2024-04-30T05:00:00Z,30.599629
2024-04-30T05:15:00Z,30.674426
2024-04-30T05:30:00Z,30.728224
2024-04-30T05:45:00Z,30.760795
2024-04-30T06:00:00Z,30.772000
2024-04-30T06:15:00Z,30.761795
2024-04-30T06:30:00Z,30.730224
2024-04-30T06:45:00Z,30.677426
2024-04-30T07:00:00Z,30.603629
2024-04-30T07:15:00Z,30.509151
2024-04-30T07:30:00Z,30.394398
2024-04-30T07:45:00Z,30.259864
2024-04-30T08:00:00Z,30.106127
2024-04-30T08:15:00Z,29.933848
2024-04-30T08:30:00Z,29.743767
2024-04-30T08:45:00Z,29.536699
2024-04-30T09:00:00Z,29.313534
2024-04-30T09:15:00Z,29.075229
2024-04-30T09:30:00Z,28.822807
2024-04-30T09:45:00Z,28.557351
2024-04-30T10:00:00Z,28.280000
2024-04-30T10:15:00Z,27.991943
2024-04-30T10:30:00Z,27.694417
2024-04-30T10:45:00Z,27.388697
2024-04-30T11:00:00Z,27.076095
2024-04-30T11:15:00Z,26.757952
2024-04-30T11:30:00Z,26.435631
2024-04-30T11:45:00Z,26.110516
2024-04-30T12:00:00Z,25.784000
2024-04-30T12:15:00Z,25.457484
2024-04-30T12:30:00Z,25.132369
2024-04-30T12:45:00Z,24.810048
2024-04-30T13:00:00Z,24.491905
2024-04-30T13:15:00Z,24.179303
2024-04-30T13:30:00Z,23.873583
2024-04-30T13:45:00Z,23.576057
2024-04-30T14:00:00Z,23.288000
2024-04-30T14:15:00Z,23.010649
2024-04-30T14:30:00Z,22.745193
2024-04-30T14:45:00Z,22.492771
2024-04-30T15:00:00Z,22.254466
2024-04-30T15:15:00Z,22.031301
2024-04-30T15:30:00Z,21.824233
2024-04-30T15:45:00Z,21.634152
2024-04-30T16:00:00Z,21.461873
2024-04-30T16:15:00Z,21.308136
2024-04-30T16:30:00Z,21.173602
2024-04-30T16:45:00Z,21.058849
2024-04-30T17:00:00Z,20.964371
2024-04-30T17:15:00Z,20.890574
2024-04-30T17:30:00Z,20.837776
2024-04-30T17:45:00Z,20.806205
2024-04-30T18:00:00Z,20.796000
2024-04-30T18:15:00Z,20.807205
2024-04-30T18:30:00Z,20.839776
2024-04-30T18:45:00Z,20.893574
2024-04-30T19:00:00Z,20.968371
2024-04-30T19:15:00Z,21.063849
2024-04-30T19:30:00Z,21.179602
2024-04-30T19:45:00Z,21.315136
2024-04-30T20:00:00Z,21.469873
2024-04-30T20:15:00Z,21.643152
2024-04-30T20:30:00Z,21.834233
2024-04-30T20:45:00Z,22.042301
2024-04-30T21:00:00Z,22.266466
2024-04-30T21:15:00Z,22.505771
2024-04-30T21:30:00Z,22.759193
2024-04-30T21:45:00Z,23.025649
2024-04-30T22:00:00Z,23.304000
2024-04-30T22:15:00Z,23.593057
2024-04-30T22:30:00Z,23.891583
2024-04-30T22:45:00Z,24.198303
2024-04-30T23:00:00Z,24.511905
2024-04-30T23:15:00Z,24.831048
2024-04-30T23:30:00Z,25.154369
2024-04-30T23:45:00Z,25.480484
2024-05-01T00:00:00Z,25.808000
2024-05-01T00:15:00Z,26.135516
2024-05-01T00:30:00Z,26.461631
2024-05-01T00:45:00Z,26.784952
2024-05-01T01:00:00Z,27.104095
2024-05-01T01:15:00Z,27.417697
2024-05-01T01:30:00Z,27.724417
2024-05-01T01:45:00Z,28.022943
2024-05-01T02:00:00Z,28.312000
2024-05-01T02:15:00Z,28.590351
2024-05-01T02:30:00Z,28.856807
2024-05-01T02:45:00Z,29.110229
2024-05-01T03:00:00Z,29.349534
2024-05-01T03:15:00Z,29.573699
2024-05-01T03:30:00Z,29.781767
2024-05-01T03:45:00Z,29.972848
2024-05-01T04:00:00Z,30.146127
2024-05-01T04:15:00Z,30.300864
2024-05-01T04:30:00Z,30.436398
2024-05-01T04:45:00Z,30.552151
2024-05-01T05:00:00Z,30.647629
2024-05-01T05:15:00Z,30.722426
2024-05-01T05:30:00Z,30.776224
2024-05-01T05:45:00Z,30.808795
2024-05-01T06:00:00Z,30.820000
2024-05-01T06:15:00Z,30.809795
2024-05-01T06:30:00Z,30.778224
2024-05-01T06:45:00Z,30.725426
2024-05-01T07:00:00Z,30.651629
2024-05-01T07:15:00Z,30.557151
2024-05-01T07:30:00Z,30.442398
2024-05-01T07:45:00Z,30.307864
2024-05-01T08:00:00Z,30.154127
2024-05-01T08:15:00Z,29.981848
2024-05-01T08:30:00Z,29.791767
2024-05-01T08:45:00Z,29.584699
2024-05-01T09:00:00Z,29.361534
2024-05-01T09:15:00Z,29.123229
2024-05-01T09:30:00Z,28.870807
2024-05-01T09:45:00Z,28.605351
2024-05-01T10:00:00Z,28.328000
2024-05-01T10:15:00Z,28.039943
2024-05-01T10:30:00Z,27.742417
2024-05-01T10:45:00Z,27.436697
2024-05-01T11:00:00Z,27.124095
2024-05-01T11:15:00Z,26.805952
2024-05-01T11:30:00Z,26.483631
2024-05-01T11:45:00Z,26.158516
2024-05-01T12:00:00Z,25.832000
2024-05-01T12:15:00Z,25.505484
2024-05-01T12:30:00Z,25.180369
2024-05-01T12:45:00Z,24.858048
2024-05-01T13:00:00Z,24.539905
2024-05-01T13:15:00Z,24.227303
2024-05-01T13:30:00Z,23.921583
2024-05-01T13:45:00Z,23.624057
2024-05-01T14:00:00Z,23.336000
2024-05-01T14:15:00Z,23.058649
2024-05-01T14:30:00Z,22.793193
2024-05-01T14:45:00Z,22.540771
2024-05-01T15:00:00Z,22.302466
2024-05-01T15:15:00Z,22.079301
2024-05-01T15:30:00Z,21.872233
2024-05-01T15:45:00Z,21.682152
2024-05-01T16:00:00Z,21.509873
2024-05-01T16:15:00Z,21.356136
2024-05-01T16:30:00Z,21.221602
2024-05-01T16:45:00Z,21.106849
2024-05-01T17:00:00Z,21.012371
2024-05-01T17:15:00Z,20.938574
2024-05-01T17:30:00Z,20.885776
2024-05-01T17:45:00Z,20.854205
2024-05-01T18:00:00Z,20.844000
2024-05-01T18:15:00Z,20.855205
2024-05-01T18:30:00Z,20.887776
2024-05-01T18:45:00Z,20.941574
2024-05-01T19:00:00Z,21.016371
2024-05-01T19:15:00Z,21.111849
2024-05-01T19:30:00Z,21.227602
2024-05-01T19:45:00Z,21.363136
2024-05-01T20:00:00Z,21.517873
2024-05-01T20:15:00Z,21.691152
2024-05-01T20:30:00Z,21.882233
2024-05-01T20:45:00Z,22.090301
2024-05-01T21:00:00Z,22.314466
2024-05-01T21:15:00Z,22.553771
2024-05-01T21:30:00Z,22.807193
2024-05-01T21:45:00Z,23.073649
2024-05-01T22:00:00Z,23.352000
2024-05-01T22:15:00Z,23.641057
2024-05-01T22:30:00Z,23.939583
2024-05-01T22:45:00Z,24.246303
2024-05-01T23:00:00Z,24.559905
2024-05-01T23:15:00Z,24.879048
2024-05-01T23:30:00Z,25.202369
2024-05-01T23:45:00Z,25.528484
2024-05-02T00:00:00Z,25.856000
2024-05-02T00:15:00Z,26.183516
2024-05-02T00:30:00Z,26.509631
2024-05-02T00:45:00Z,26.832952
2024-05-02T01:00:00Z,27.152095
2024-05-02T01:15:00Z,27.465697
2024-05-02T01:30:00Z,27.772417
2024-05-02T01:45:00Z,28.070943
2024-05-02T02:00:00Z,28.360000
2024-05-02T02:15:00Z,28.638351
2024-05-02T02:30:00Z,28.904807
2024-05-02T02:45:00Z,29.158229
2024-05-02T03:00:00Z,29.397534
2024-05-02T03:15:00Z,29.621699
2024-05-02T03:30:00Z,29.829767
2024-05-02T03:45:00Z,30.020848
2024-05-02T04:00:00Z,30.194127
2024-05-02T04:15:00Z,30.348864
2024-05-02T04:30:00Z,30.484398
2024-05-02T04:45:00Z,30.600151
2024-05-02T05:00:00Z,30.695629
2024-05-02T05:15:00Z,30.770426
2024-05-02T05:30:00Z,30.824224
2024-05-02T05:45:00Z,30.856795
2024-05-02T06:00:00Z,30.868000
2024-05-02T06:15:00Z,30.857795
2024-05-02T06:30:00Z,30.826224
2024-05-02T06:45:00Z,30.773426
2024-05-02T07:00:00Z,30.699629
2024-05-02T07:15:00Z,30.605151
2024-05-02T07:30:00Z,30.490398
2024-05-02T07:45:00Z,30.355864
2024-05-02T08:00:00Z,30.202127
2024-05-02T08:15:00Z,30.029848
2024-05-02T08:30:00Z,29.839767
2024-05-02T08:45:00Z,29.632699
2024-05-02T09:00:00Z,29.409534
2024-05-02T09:15:00Z,29.171229
2024-05-02T09:30:00Z,28.918807
2024-05-02T09:45:00Z,28.653351
2024-05-02T10:00:00Z,28.376000
2024-05-02T10:15:00Z,28.087943
2024-05-02T10:30:00Z,27.790417
2024-05-02T10:45:00Z,27.484697
2024-05-02T11:00:00Z,27.172095
2024-05-02T11:15:00Z,26.853952
2024-05-02T11:30:00Z,26.531631
2024-05-02T11:45:00Z,26.206516
2024-05-02T12:00:00Z,25.880000
2024-05-02T12:15:00Z,25.553484
2024-05-02T12:30:00Z,25.228369
2024-05-02T12:45:00Z,24.906048
2024-05-02T13:00:00Z,24.587905
2024-05-02T13:15:00Z,24.275303
2024-05-02T13:30:00Z,23.969583
2024-05-02T13:45:00Z,23.672057
2024-05-02T14:00:00Z,23.384000
2024-05-02T14:15:00Z,23.106649
2024-05-02T14:30:00Z,22.841193
2024-05-02T14:45:00Z,22.588771
2024-05-02T15:00:00Z,22.350466
2024-05-02T15:15:00Z,22.127301
2024-05-02T15:30:00Z,21.920233
2024-05-02T15:45:00Z,21.730152
2024-05-02T16:00:00Z,21.557873
2024-05-02T16:15:00Z,21.404136
2024-05-02T16:30:00Z,21.269602
2024-05-02T16:45:00Z,21.154849
2024-05-02T17:00:00Z,21.060371
2024-05-02T17:15:00Z,20.986574
2024-05-02T17:30:00Z,20.933776
2024-05-02T17:45:00Z,20.902205
2024-05-02T18:00:00Z,20.892000
2024-05-02T18:15:00Z,20.903205
2024-05-02T18:30:00Z,20.935776
2024-05-02T18:45:00Z,20.989574
2024-05-02T19:00:00Z,21.064371
2024-05-02T19:15:00Z,21.159849
2024-05-02T19:30:00Z,21.275602
2024-05-02T19:45:00Z,21.411136
2024-05-02T20:00:00Z,21.565873
2024-05-02T20:15:00Z,21.739152
2024-05-02T20:30:00Z,21.930233
2024-05-02T20:45:00Z,22.138301
2024-05-02T21:00:00Z,22.362466
2024-05-02T21:15:00Z,22.601771
2024-05-02T21:30:00Z,22.855193
2024-05-02T21:45:00Z,23.121649
2024-05-02T22:00:00Z,23.400000
2024-05-02T22:15:00Z,23.689057
2024-05-02T22:30:00Z,23.987583
2024-05-02T22:45:00Z,24.294303
2024-05-02T23:00:00Z,24.607905
2024-05-02T23:15:00Z,24.927048
2024-05-02T23:30:00Z,25.250369
2024-05-02T23:45:00Z,25.576484
2024-05-03T00:00:00Z,25.904000
2024-05-03T00:15:00Z,26.231516
2024-05-03T00:30:00Z,26.557631
2024-05-03T00:45:00Z,26.880952
2024-05-03T01:00:00Z,27.200095
2024-05-03T01:15:00Z,27.513697
2024-05-03T01:30:00Z,27.820417
2024-05-03T01:45:00Z,28.118943
2024-05-03T02:00:00Z,28.408000
2024-05-03T02:15:00Z,28.686351
2024-05-03T02:30:00Z,28.952807
2024-05-03T02:45:00Z,29.206229
2024-05-03T03:00:00Z,29.445534
2024-05-03T03:15:00Z,29.669699
2024-05-03T03:30:00Z,29.877767
2024-05-03T03:45:00Z,30.068848
2024-05-03T04:00:00Z,30.242127
2024-05-03T04:15:00Z,30.396864
2024-05-03T04:30:00Z,30.532398
2024-05-03T04:45:00Z,30.648151
2024-05-03T05:00:00Z,30.743629
2024-05-03T05:15:00Z,30.818426
2024-05-03T05:30:00Z,30.872224
2024-05-03T05:45:00Z,30.904795
2024-05-03T06:00:00Z,30.916000
2024-05-03T06:15:00Z,30.905795
2024-05-03T06:30:00Z,30.874224
2024-05-03T06:45:00Z,30.821426
2024-05-03T07:00:00Z,30.747629
2024-05-03T07:15:00Z,30.653151
2024-05-03T07:30:00Z,30.538398
2024-05-03T07:45:00Z,30.403864
2024-05-03T08:00:00Z,30.250127
2024-05-03T08:15:00Z,30.077848
2024-05-03T08:30:00Z,29.887767
2024-05-03T08:45:00Z,29.680699
2024-05-03T09:00:00Z,29.457534
2024-05-03T09:15:00Z,29.219229
2024-05-03T09:30:00Z,28.966807
2024-05-03T09:45:00Z,28.701351
2024-05-03T10:00:00Z,28.424000
2024-05-03T10:15:00Z,28.135943
2024-05-03T10:30:00Z,27.838417
2024-05-03T10:45:00Z,27.532697
2024-05-03T11:00:00Z,27.220095
2024-05-03T11:15:00Z,26.901952
2024-05-03T11:30:00Z,26.579631
2024-05-03T11:45:00Z,26.254516
2024-05-03T12:00:00Z,25.928000
2024-05-03T12:15:00Z,25.601484
2024-05-03T12:30:00Z,25.276369
2024-05-03T12:45:00Z,24.954048
2024-05-03T13:00:00Z,24.635905
2024-05-03T13:15:00Z,24.323303
2024-05-03T13:30:00Z,24.017583
2024-05-03T13:45:00Z,23.720057
2024-05-03T14:00:00Z,23.432000
2024-05-03T14:15:00Z,23.154649
2024-05-03T14:30:00Z,22.889193
2024-05-03T14:45:00Z,22.636771
2024-05-03T15:00:00Z,22.398466
2024-05-03T15:15:00Z,22.175301
2024-05-03T15:30:00Z,21.968233
2024-05-03T15:45:00Z,21.778152
2024-05-03T16:00:00Z,21.605873
2024-05-03T16:15:00Z,21.452136
2024-05-03T16:30:00Z,21.317602
2024-05-03T16:45:00Z,21.202849
2024-05-03T17:00:00Z,21.108371
2024-05-03T17:15:00Z,21.034574
2024-05-03T17:30:00Z,20.981776
2024-05-03T17:45:00Z,20.950205
2024-05-03T18:00:00Z,20.940000
2024-05-03T18:15:00Z,20.951205
2024-05-03T18:30:00Z,20.983776
2024-05-03T18:45:00Z,21.037574
2024-05-03T19:00:00Z,21.112371
2024-05-03T19:15:00Z,21.207849
2024-05-03T19:30:00Z,21.323602
2024-05-03T19:45:00Z,21.459136
2024-05-03T20:00:00Z,21.613873
2024-05-03T20:15:00Z,21.787152
2024-05-03T20:30:00Z,21.978233
2024-05-03T20:45:00Z,22.186301
2024-05-03T21:00:00Z,22.410466
2024-05-03T21:15:00Z,22.649771
2024-05-03T21:30:00Z,22.903193
2024-05-03T21:45:00Z,23.169649
2024-05-03T22:00:00Z,23.448000
2024-05-03T22:15:00Z,23.737057
2024-05-03T22:30:00Z,24.035583
2024-05-03T22:45:00Z,24.342303
2024-05-03T23:00:00Z,24.655905
2024-05-03T23:15:00Z,24.975048
2024-05-03T23:30:00Z,25.298369
2024-05-03T23:45:00Z,25.624484
2024-05-04T00:00:00Z,25.952000
2024-05-04T00:15:00Z,26.279516
2024-05-04T00:30:00Z,26.605631
2024-05-04T00:45:00Z,26.928952
2024-05-04T01:00:00Z,27.248095
2024-05-04T01:15:00Z,27.561697
2024-05-04T01:30:00Z,27.868417
2024-05-04T01:45:00Z,28.166943
2024-05-04T02:00:00Z,28.456000
2024-05-04T02:15:00Z,28.734351
2024-05-04T02:30:00Z,29.000807
2024-05-04T02:45:00Z,29.254229
2024-05-04T03:00:00Z,29.493534
2024-05-04T03:15:00Z,29.717699
2024-05-04T03:30:00Z,29.925767
2024-05-04T03:45:00Z,30.116848
2024-05-04T04:00:00Z,30.290127
2024-05-04T04:15:00Z,30.444864
2024-05-04T04:30:00Z,30.580398
2024-05-04T04:45:00Z,30.696151
2024-05-04T05:00:00Z,30.791629
2024-05-04T05:15:00Z,30.866426
2024-05-04T05:30:00Z,30.920224
2024-05-04T05:45:00Z,30.952795
2024-05-04T06:00:00Z,30.964000
2024-05-04T06:15:00Z,30.953795
2024-05-04T06:30:00Z,30.922224
2024-05-04T06:45:00Z,30.869426
2024-05-04T07:00:00Z,30.795629
2024-05-04T07:15:00Z,30.701151
2024-05-04T07:30:00Z,30.586398
2024-05-04T07:45:00Z,30.451864
2024-05-04T08:00:00Z,30.298127
2024-05-04T08:15:00Z,30.125848
2024-05-04T08:30:00Z,29.935767
2024-05-04T08:45:00Z,29.728699
2024-05-04T09:00:00Z,29.505534
2024-05-04T09:15:00Z,29.267229
2024-05-04T09:30:00Z,29.014807
2024-05-04T09:45:00Z,28.749351
2024-05-04T10:00:00Z,28.472000
2024-05-04T10:15:00Z,28.183943
2024-05-04T10:30:00Z,27.886417
2024-05-04T10:45:00Z,27.580697
2024-05-04T11:00:00Z,27.268095
2024-05-04T11:15:00Z,26.949952
2024-05-04T11:30:00Z,26.627631
2024-05-04T11:45:00Z,26.302516
2024-05-04T12:00:00Z,25.976000
2024-05-04T12:15:00Z,25.649484
2024-05-04T12:30:00Z,25.324369
2024-05-04T12:45:00Z,25.002048
2024-05-04T13:00:00Z,24.683905
2024-05-04T13:15:00Z,24.371303
2024-05-04T13:30:00Z,24.065583
2024-05-04T13:45:00Z,23.768057
2024-05-04T14:00:00Z,23.480000
2024-05-04T14:15:00Z,23.202649
2024-05-04T14:30:00Z,22.937193
2024-05-04T14:45:00Z,22.684771
2024-05-04T15:00:00Z,22.446466
2024-05-04T15:15:00Z,22.223301
2024-05-04T15:30:00Z,22.016233
2024-05-04T15:45:00Z,21.826152
2024-05-04T16:00:00Z,21.653873
2024-05-04T16:15:00Z,21.500136
2024-05-04T16:30:00Z,21.365602
2024-05-04T16:45:00Z,21.250849
2024-05-04T17:00:00Z,21.156371
2024-05-04T17:15:00Z,21.082574
2024-05-04T17:30:00Z,21.029776
2024-05-04T17:45:00Z,20.998205
2024-05-04T18:00:00Z,20.988000
2024-05-04T18:15:00Z,20.999205
2024-05-04T18:30:00Z,21.031776
2024-05-04T18:45:00Z,21.085574
2024-05-04T19:00:00Z,21.160371
2024-05-04T19:15:00Z,21.255849
2024-05-04T19:30:00Z,21.371602
2024-05-04T19:45:00Z,21.507136
2024-05-04T20:00:00Z,21.661873
2024-05-04T20:15:00Z,21.835152
2024-05-04T20:30:00Z,22.026233
2024-05-04T20:45:00Z,22.234301
2024-05-04T21:00:00Z,22.458466
2024-05-04T21:15:00Z,22.697771
2024-05-04T21:30:00Z,22.951193
2024-05-04T21:45:00Z,23.217649
2024-05-04T22:00:00Z,23.496000
2024-05-04T22:15:00Z,23.785057
2024-05-04T22:30:00Z,24.083583
2024-05-04T22:45:00Z,24.390303
2024-05-04T23:00:00Z,24.703905
2024-05-04T23:15:00Z,25.023048
2024-05-04T23:30:00Z,25.346369
2024-05-04T23:45:00Z,25.672484
