input,target
-30.00000000,446.25601043
-29.96875000,445.49400542
-29.93750000,444.73218329
-29.90625000,443.97053267
-29.87500000,443.20904223
-29.84375000,442.44770078
-29.81250000,441.68649721
-29.78125000,440.92542051
-29.75000000,440.16445979
-29.71875000,439.40360423
-29.68750000,438.64284315
-29.65625000,437.88216597
-29.62500000,437.12156220
-29.59375000,436.36102147
-29.56250000,435.60053353
-29.53125000,434.84008825
-29.50000000,434.07967559
-29.46875000,433.31928565
-29.43750000,432.55890864
-29.40625000,431.79853488
-29.37500000,431.03815483
-29.34375000,430.27775906
-29.31250000,429.51733828
-29.28125000,428.75688330
-29.25000000,427.99638509
-29.21875000,427.23583471
-29.18750000,426.47522339
-29.15625000,425.71454246
-29.12500000,424.95378341
-29.09375000,424.19293784
-29.06250000,423.43199749
-29.03125000,422.67095426
-29.00000000,421.90980016
-28.96875000,421.14852736
-28.93750000,420.38712815
-28.90625000,419.62559497
-28.87500000,418.86392042
-28.84375000,418.10209722
-28.81250000,417.34011825
-28.78125000,416.57797653
-28.75000000,415.81566522
-28.71875000,415.05317766
-28.68750000,414.29050729
-28.65625000,413.52764775
-28.62500000,412.76459280
-28.59375000,412.00133637
-28.56250000,411.23787252
-28.53125000,410.47419550
-28.50000000,409.71029968
-28.46875000,408.94617961
-28.43750000,408.18182998
-28.40625000,407.41724566
-28.37500000,406.65242166
-28.34375000,405.88735315
-28.31250000,405.12203547
-28.28125000,404.35646412
-28.25000000,403.59063475
-28.21875000,402.82454319
-28.18750000,402.05818541
-28.15625000,401.29155757
-28.12500000,400.52465598
-28.09375000,399.75747712
-28.06250000,398.99001761
-28.03125000,398.22227429
-28.00000000,397.45424410
-27.96875000,396.68592421
-27.93750000,395.91731192
-27.90625000,395.14840469
-27.87500000,394.37920018
-27.84375000,393.60969621
-27.81250000,392.83989074
-27.78125000,392.06978194
-27.75000000,391.29936812
-27.71875000,390.52864777
-27.68750000,389.75761955
-27.65625000,388.98628230
-27.62500000,388.21463501
-27.59375000,387.44267685
-27.56250000,386.67040716
-27.53125000,385.89782547
-27.50000000,385.12493145
-27.46875000,384.35172495
-27.43750000,383.57820600
-27.40625000,382.80437479
-27.37500000,382.03023170
-27.34375000,381.25577726
-27.31250000,380.48101218
-27.28125000,379.70593733
-27.25000000,378.93055377
-27.21875000,378.15486272
-27.18750000,377.37886556
-27.15625000,376.60256386
-27.12500000,375.82595934
-27.09375000,375.04905390
-27.06250000,374.27184962
-27.03125000,373.49434872
-27.00000000,372.71655361
-26.96875000,371.93846687
-26.93750000,371.16009123
-26.90625000,370.38142961
-26.87500000,369.60248508
-26.84375000,368.82326087
-26.81250000,368.04376040
-26.78125000,367.26398723
-26.75000000,366.48394511
-26.71875000,365.70363794
-26.68750000,364.92306977
-26.65625000,364.14224484
-26.62500000,363.36116753
-26.59375000,362.57984239
-26.56250000,361.79827414
-26.53125000,361.01646765
-26.50000000,360.23442795
-26.46875000,359.45216023
-26.43750000,358.66966983
-26.40625000,357.88696225
-26.37500000,357.10404317
-26.34375000,356.32091839
-26.31250000,355.53759388
-26.28125000,354.75407577
-26.25000000,353.97037032
-26.21875000,353.18648397
-26.18750000,352.40242329
-26.15625000,351.61819501
-26.12500000,350.83380600
-26.09375000,350.04926328
-26.06250000,349.26457403
-26.03125000,348.47974554
-26.00000000,347.69478528
-25.96875000,346.90970085
-25.93750000,346.12449999
-25.90625000,345.33919057
-25.87500000,344.55378062
-25.84375000,343.76827829
-25.81250000,342.98269188
-25.78125000,342.19702982
-25.75000000,341.41130067
-25.71875000,340.62551312
-25.68750000,339.83967600
-25.65625000,339.05379827
-25.62500000,338.26788901
-25.59375000,337.48195744
-25.56250000,336.69601289
-25.53125000,335.91006482
-25.50000000,335.12412281
-25.46875000,334.33819658
-25.43750000,333.55229595
-25.40625000,332.76643085
-25.37500000,331.98061136
-25.34375000,331.19484764
-25.31250000,330.40914997
-25.28125000,329.62352877
-25.25000000,328.83799454
-25.21875000,328.05255790
-25.18750000,327.26722957
-25.15625000,326.48202038
-25.12500000,325.69694127
-25.09375000,324.91200327
-25.06250000,324.12721751
-25.03125000,323.34259524
-25.00000000,322.55814778
-24.96875000,321.77388655
-24.93750000,320.98982307
-24.90625000,320.20596895
-24.87500000,319.42233590
-24.84375000,318.63893569
-24.81250000,317.85578019
-24.78125000,317.07288137
-24.75000000,316.29025126
-24.71875000,315.50790197
-24.68750000,314.72584571
-24.65625000,313.94409474
-24.62500000,313.16266141
-24.59375000,312.38155813
-24.56250000,311.60079741
-24.53125000,310.82039179
-24.50000000,310.04035390
-24.46875000,309.26069644
-24.43750000,308.48143214
-24.40625000,307.70257382
-24.37500000,306.92413436
-24.34375000,306.14612667
-24.31250000,305.36856375
-24.28125000,304.59145863
-24.25000000,303.81482438
-24.21875000,303.03867416
-24.18750000,302.26302113
-24.15625000,301.48787852
-24.12500000,300.71325959
-24.09375000,299.93917766
-24.06250000,299.16564607
-24.03125000,298.39267820
-24.00000000,297.62028747
-23.96875000,296.84848732
-23.93750000,296.07729122
-23.90625000,295.30671269
-23.87500000,294.53676526
-23.84375000,293.76746247
-23.81250000,292.99881791
-23.78125000,292.23084516
-23.75000000,291.46355784
-23.71875000,290.69696958
-23.68750000,289.93109401
-23.65625000,289.16594478
-23.62500000,288.40153556
-23.59375000,287.63788000
-23.56250000,286.87499177
-23.53125000,286.11288456
-23.50000000,285.35157202
-23.46875000,284.59106783
-23.43750000,283.83138566
-23.40625000,283.07253915
-23.37500000,282.31454197
-23.34375000,281.55740774
-23.31250000,280.80115011
-23.28125000,280.04578268
-23.25000000,279.29131904
-23.21875000,278.53777277
-23.18750000,277.78515742
-23.15625000,277.03348653
-23.12500000,276.28277360
-23.09375000,275.53303211
-23.06250000,274.78427551
-23.03125000,274.03651721
-23.00000000,273.28977060
-22.96875000,272.54404902
-22.93750000,271.79936578
-22.90625000,271.05573415
-22.87500000,270.31316736
-22.84375000,269.57167858
-22.81250000,268.83128096
-22.78125000,268.09198757
-22.75000000,267.35381146
-22.71875000,266.61676561
-22.68750000,265.88086295
-22.65625000,265.14611635
-22.62500000,264.41253862
-22.59375000,263.68014253
-22.56250000,262.94894075
-22.53125000,262.21894592
-22.50000000,261.49017060
-22.46875000,260.76262728
-22.43750000,260.03632838
-22.40625000,259.31128624
-22.37500000,258.58751315
-22.34375000,257.86502130
-22.31250000,257.14382282
-22.28125000,256.42392973
-22.25000000,255.70535400
-22.21875000,254.98810751
-22.18750000,254.27220204
-22.15625000,253.55764930
-22.12500000,252.84446089
-22.09375000,252.13264835
-22.06250000,251.42222308
-22.03125000,250.71319644
-22.00000000,250.00557965
-21.96875000,249.29938386
-21.93750000,248.59462010
-21.90625000,247.89129931
-21.87500000,247.18943232
-21.84375000,246.48902987
-21.81250000,245.79010258
-21.78125000,245.09266095
-21.75000000,244.39671539
-21.71875000,243.70227620
-21.68750000,243.00935354
-21.65625000,242.31795750
-21.62500000,241.62809800
-21.59375000,240.93978489
-21.56250000,240.25302786
-21.53125000,239.56783652
-21.50000000,238.88422031
-21.46875000,238.20218860
-21.43750000,237.52175059
-21.40625000,236.84291537
-21.37500000,236.16569190
-21.34375000,235.49008902
-21.31250000,234.81611542
-21.28125000,234.14377967
-21.25000000,233.47309021
-21.21875000,232.80405533
-21.18750000,232.13668320
-21.15625000,231.47098184
-21.12500000,230.80695913
-21.09375000,230.14462283
-21.06250000,229.48398053
-21.03125000,228.82503970
-21.00000000,228.16780764
-20.96875000,227.51229155
-20.93750000,226.85849843
-20.90625000,226.20643518
-20.87500000,225.55610852
-20.84375000,224.90752503
-20.81250000,224.26069115
-20.78125000,223.61561315
-20.75000000,222.97229716
-20.71875000,222.33074917
-20.68750000,221.69097498
-20.65625000,221.05298026
-20.62500000,220.41677053
-20.59375000,219.78235113
-20.56250000,219.14972726
-20.53125000,218.51890396
-20.50000000,217.88988610
-20.46875000,217.26267841
-20.43750000,216.63728543
-20.40625000,216.01371156
-20.37500000,215.39196103
-20.34375000,214.77203792
-20.31250000,214.15394613
-20.28125000,213.53768941
-20.25000000,212.92327132
-20.21875000,212.31069529
-20.18750000,211.69996456
-20.15625000,211.09108221
-20.12500000,210.48405115
-20.09375000,209.87887413
-20.06250000,209.27555374
-20.03125000,208.67409237
-20.00000000,208.07449227
-19.96875000,207.47675553
-19.93750000,206.88088403
-19.90625000,206.28687952
-19.87500000,205.69474356
-19.84375000,205.10447755
-19.81250000,204.51608271
-19.78125000,203.92956010
-19.75000000,203.34491061
-19.71875000,202.76213494
-19.68750000,202.18123364
-19.65625000,201.60220709
-19.62500000,201.02505549
-19.59375000,200.44977886
-19.56250000,199.87637707
-19.53125000,199.30484980
-19.50000000,198.73519658
-19.46875000,198.16741676
-19.43750000,197.60150950
-19.40625000,197.03747382
-19.37500000,196.47530855
-19.34375000,195.91501236
-19.31250000,195.35658374
-19.28125000,194.80002102
-19.25000000,194.24532236
-19.21875000,193.69248575
-19.18750000,193.14150900
-19.15625000,192.59238976
-19.12500000,192.04512552
-19.09375000,191.49971359
-19.06250000,190.95615112
-19.03125000,190.41443508
-19.00000000,189.87456230
-18.96875000,189.33652941
-18.93750000,188.80033290
-18.90625000,188.26596909
-18.87500000,187.73343414
-18.84375000,187.20272402
-18.81250000,186.67383457
-18.78125000,186.14676145
-18.75000000,185.62150016
-18.71875000,185.09804605
-18.68750000,184.57639429
-18.65625000,184.05653991
-18.62500000,183.53847777
-18.59375000,183.02220257
-18.56250000,182.50770886
-18.53125000,181.99499104
-18.50000000,181.48404333
-18.46875000,180.97485982
-18.43750000,180.46743444
-18.40625000,179.96176096
-18.37500000,179.45783300
-18.34375000,178.95564405
-18.31250000,178.45518741
-18.28125000,177.95645627
-18.25000000,177.45944366
-18.21875000,176.96414244
-18.18750000,176.47054536
-18.15625000,175.97864502
-18.12500000,175.48843385
-18.09375000,174.99990416
-18.06250000,174.51304812
-18.03125000,174.02785776
-18.00000000,173.54432495
-17.96875000,173.06244146
-17.93750000,172.58219890
-17.90625000,172.10358875
-17.87500000,171.62660235
-17.84375000,171.15123093
-17.81250000,170.67746557
-17.78125000,170.20529722
-17.75000000,169.73471672
-17.71875000,169.26571477
-17.68750000,168.79828194
-17.65625000,168.33240871
-17.62500000,167.86808539
-17.59375000,167.40530220
-17.56250000,166.94404924
-17.53125000,166.48431649
-17.50000000,166.02609381
-17.46875000,165.56937095
-17.43750000,165.11413754
-17.40625000,164.66038312
-17.37500000,164.20809710
-17.34375000,163.75726879
-17.31250000,163.30788740
-17.28125000,162.85994202
-17.25000000,162.41342165
-17.21875000,161.96831519
-17.18750000,161.52461144
-17.15625000,161.08229910
-17.12500000,160.64136678
-17.09375000,160.20180299
-17.06250000,159.76359615
-17.03125000,159.32673458
-17.00000000,158.89120654
-16.96875000,158.45700018
-16.93750000,158.02410357
-16.90625000,157.59250470
-16.87500000,157.16219148
-16.84375000,156.73315174
-16.81250000,156.30537324
-16.78125000,155.87884364
-16.75000000,155.45355056
-16.71875000,155.02948152
-16.68750000,154.60662400
-16.65625000,154.18496539
-16.62500000,153.76449303
-16.59375000,153.34519417
-16.56250000,152.92705603
-16.53125000,152.51006577
-16.50000000,152.09421046
-16.46875000,151.67947714
-16.43750000,151.26585280
-16.40625000,150.85332437
-16.37500000,150.44187872
-16.34375000,150.03150271
-16.31250000,149.62218310
-16.28125000,149.21390666
-16.25000000,148.80666008
-16.21875000,148.40043004
-16.18750000,147.99520317
-16.15625000,147.59096605
-16.12500000,147.18770526
-16.09375000,146.78540732
-16.06250000,146.38405875
-16.03125000,145.98364601
-16.00000000,145.58415557
-15.96875000,145.18557385
-15.93750000,144.78788726
-15.90625000,144.39108221
-15.87500000,143.99514506
-15.84375000,143.60006219
-15.81250000,143.20581994
-15.78125000,142.81240466
-15.75000000,142.41980270
-15.71875000,142.02800037
-15.68750000,141.63698401
-15.65625000,141.24673995
-15.62500000,140.85725452
-15.59375000,140.46851404
-15.56250000,140.08050487
-15.53125000,139.69321334
-15.50000000,139.30662582
-15.46875000,138.92072867
-15.43750000,138.53550827
-15.40625000,138.15095103
-15.37500000,137.76704336
-15.34375000,137.38377170
-15.31250000,137.00112252
-15.28125000,136.61908229
-15.25000000,136.23763753
-15.21875000,135.85677478
-15.18750000,135.47648062
-15.15625000,135.09674165
-15.12500000,134.71754452
-15.09375000,134.33887589
-15.06250000,133.96072250
-15.03125000,133.58307110
-15.00000000,133.20590849
-14.96875000,132.82922152
-14.93750000,132.45299710
-14.90625000,132.07722216
-14.87500000,131.70188370
-14.84375000,131.32696879
-14.81250000,130.95246452
-14.78125000,130.57835807
-14.75000000,130.20463665
-14.71875000,129.83128757
-14.68750000,129.45829816
-14.65625000,129.08565585
-14.62500000,128.71334812
-14.59375000,128.34136254
-14.56250000,127.96968672
-14.53125000,127.59830836
-14.50000000,127.22721526
-14.46875000,126.85639524
-14.43750000,126.48583627
-14.40625000,126.11552633
-14.37500000,125.74545354
-14.34375000,125.37560608
-14.31250000,125.00597221
-14.28125000,124.63654030
-14.25000000,124.26729880
-14.21875000,123.89823624
-14.18750000,123.52934126
-14.15625000,123.16060259
-14.12500000,122.79200906
-14.09375000,122.42354961
-14.06250000,122.05521325
-14.03125000,121.68698912
-14.00000000,121.31886647
-13.96875000,120.95083462
-13.93750000,120.58288303
-13.90625000,120.21500127
-13.87500000,119.84717900
-13.84375000,119.47940601
-13.81250000,119.11167220
-13.78125000,118.74396758
-13.75000000,118.37628228
-13.71875000,118.00860656
-13.68750000,117.64093078
-13.65625000,117.27324545
-13.62500000,116.90554117
-13.59375000,116.53780870
-13.56250000,116.17003889
-13.53125000,115.80222276
-13.50000000,115.43435141
-13.46875000,115.06641612
-13.43750000,114.69840826
-13.40625000,114.33031937
-13.37500000,113.96214109
-13.34375000,113.59386523
-13.31250000,113.22548370
-13.28125000,112.85698859
-13.25000000,112.48837210
-13.21875000,112.11962657
-13.18750000,111.75074451
-13.15625000,111.38171854
-13.12500000,111.01254145
-13.09375000,110.64320617
-13.06250000,110.27370576
-13.03125000,109.90403344
-13.00000000,109.53418259
-12.96875000,109.16414672
-12.93750000,108.79391951
-12.90625000,108.42349477
-12.87500000,108.05286649
-12.84375000,107.68202879
-12.81250000,107.31097595
-12.78125000,106.93970241
-12.75000000,106.56820278
-12.71875000,106.19647179
-12.68750000,105.82450438
-12.65625000,105.45229560
-12.62500000,105.07984068
-12.59375000,104.70713502
-12.56250000,104.33417417
-12.53125000,103.96095385
-12.50000000,103.58746992
-12.46875000,103.21371844
-12.43750000,102.83969560
-12.40625000,102.46539777
-12.37500000,102.09082149
-12.34375000,101.71596345
-12.31250000,101.34082052
-12.28125000,100.96538973
-12.25000000,100.58966829
-12.21875000,100.21365355
-12.18750000,99.83734305
-12.15625000,99.46073449
-12.12500000,99.08382575
-12.09375000,98.70661486
-12.06250000,98.32910004
-12.03125000,97.95127965
-12.00000000,97.57315226
-11.96875000,97.19471658
-11.93750000,96.81597149
-11.90625000,96.43691606
-11.87500000,96.05754952
-11.84375000,95.67787127
-11.81250000,95.29788088
-11.78125000,94.91757808
-11.75000000,94.53696280
-11.71875000,94.15603512
-11.68750000,93.77479529
-11.65625000,93.39324375
-11.62500000,93.01138107
-11.59375000,92.62920804
-11.56250000,92.24672559
-11.53125000,91.86393482
-11.50000000,91.48083703
-11.46875000,91.09743364
-11.43750000,90.71372629
-11.40625000,90.32971676
-11.37500000,89.94540701
-11.34375000,89.56079916
-11.31250000,89.17589551
-11.28125000,88.79069852
-11.25000000,88.40521082
-11.21875000,88.01943522
-11.18750000,87.63337467
-11.15625000,87.24703230
-11.12500000,86.86041142
-11.09375000,86.47351550
-11.06250000,86.08634815
-11.03125000,85.69891317
-11.00000000,85.31121452
-10.96875000,84.92325632
-10.93750000,84.53504285
-10.90625000,84.14657855
-10.87500000,83.75786804
-10.84375000,83.36891608
-10.81250000,82.97972760
-10.78125000,82.59030767
-10.75000000,82.20066156
-10.71875000,81.81079465
-10.68750000,81.42071250
-10.65625000,81.03042083
-10.62500000,80.63992551
-10.59375000,80.24923255
-10.56250000,79.85834814
-10.53125000,79.46727860
-10.50000000,79.07603041
-10.46875000,78.68461019
-10.43750000,78.29302473
-10.40625000,77.90128094
-10.37500000,77.50938591
-10.34375000,77.11734684
-10.31250000,76.72517110
-10.28125000,76.33286620
-10.25000000,75.94043978
-10.21875000,75.54789963
-10.18750000,75.15525368
-10.15625000,74.76250999
-10.12500000,74.36967678
-10.09375000,73.97676238
-10.06250000,73.58377527
-10.03125000,73.19072405
-10.00000000,72.79761747
-9.96875000,72.40446439
-9.93750000,72.01127383
-9.90625000,71.61805490
-9.87500000,71.22481687
-9.84375000,70.83156911
-9.81250000,70.43832112
-9.78125000,70.04508254
-9.75000000,69.65186311
-9.71875000,69.25867270
-9.68750000,68.86552128
-9.65625000,68.47241897
-9.62500000,68.07937596
-9.59375000,67.68640259
-9.56250000,67.29350930
-9.53125000,66.90070663
-9.50000000,66.50800524
-9.46875000,66.11541588
-9.43750000,65.72294944
-9.40625000,65.33061686
-9.37500000,64.93842923
-9.34375000,64.54639771
-9.31250000,64.15453358
-9.28125000,63.76284818
-9.25000000,63.37135299
-9.21875000,62.98005954
-9.18750000,62.58897948
-9.15625000,62.19812455
-9.12500000,61.80750654
-9.09375000,61.41713737
-9.06250000,61.02702902
-9.03125000,60.63719355
-9.00000000,60.24764310
-8.96875000,59.85838991
-8.93750000,59.46944626
-8.90625000,59.08082454
-8.87500000,58.69253717
-8.84375000,58.30459668
-8.81250000,57.91701565
-8.78125000,57.52980671
-8.75000000,57.14298259
-8.71875000,56.75655606
-8.68750000,56.37053995
-8.65625000,55.98494714
-8.62500000,55.59979059
-8.59375000,55.21508329
-8.56250000,54.83083831
-8.53125000,54.44706873
-8.50000000,54.06378771
-8.46875000,53.68100845
-8.43750000,53.29874419
-8.40625000,52.91700820
-8.37500000,52.53581380
-8.34375000,52.15517436
-8.31250000,51.77510327
-8.28125000,51.39561395
-8.25000000,51.01671986
-8.21875000,50.63843449
-8.18750000,50.26077135
-8.15625000,49.88374398
-8.12500000,49.50736594
-8.09375000,49.13165082
-8.06250000,48.75661221
-8.03125000,48.38226372
-8.00000000,48.00861900
-7.96875000,47.63569169
-7.93750000,47.26349543
-7.90625000,46.89204389
-7.87500000,46.52135073
-7.84375000,46.15142963
-7.81250000,45.78229425
-7.78125000,45.41395828
-7.75000000,45.04643536
-7.71875000,44.67973918
-7.68750000,44.31388338
-7.65625000,43.94888161
-7.62500000,43.58474750
-7.59375000,43.22149469
-7.56250000,42.85913677
-7.53125000,42.49768733
-7.50000000,42.13715994
-7.46875000,41.77756815
-7.43750000,41.41892549
-7.40625000,41.06124544
-7.37500000,40.70454147
-7.34375000,40.34882702
-7.31250000,39.99411551
-7.28125000,39.64042029
-7.25000000,39.28775470
-7.21875000,38.93613203
-7.18750000,38.58556555
-7.15625000,38.23606845
-7.12500000,37.88765391
-7.09375000,37.54033505
-7.06250000,37.19412493
-7.03125000,36.84903658
-7.00000000,36.50508295
-6.96875000,36.16227696
-6.93750000,35.82063146
-6.90625000,35.48015925
-6.87500000,35.14087306
-6.84375000,34.80278555
-6.81250000,34.46590933
-6.78125000,34.13025694
-6.75000000,33.79584084
-6.71875000,33.46267343
-6.68750000,33.13076704
-6.65625000,32.80013391
-6.62500000,32.47078621
-6.59375000,32.14273604
-6.56250000,31.81599541
-6.53125000,31.49057625
-6.50000000,31.16649040
-6.46875000,30.84374962
-6.43750000,30.52236559
-6.40625000,30.20234988
-6.37500000,29.88371398
-6.34375000,29.56646929
-6.31250000,29.25062711
-6.28125000,28.93619864
-6.25000000,28.62319499
-6.21875000,28.31162716
-6.18750000,28.00150605
-6.15625000,27.69284246
-6.12500000,27.38564709
-6.09375000,27.07993050
-6.06250000,26.77570319
-6.03125000,26.47297552
-6.00000000,26.17175774
-5.96875000,25.87205998
-5.93750000,25.57389228
-5.90625000,25.27726453
-5.87500000,24.98218653
-5.84375000,24.68866794
-5.81250000,24.39671832
-5.78125000,24.10634708
-5.75000000,23.81756351
-5.71875000,23.53037681
-5.68750000,23.24479600
-5.65625000,22.96083001
-5.62500000,22.67848762
-5.59375000,22.39777749
-5.56250000,22.11870814
-5.53125000,21.84128795
-5.50000000,21.56552517
-5.46875000,21.29142793
-5.43750000,21.01900420
-5.40625000,20.74826181
-5.37500000,20.47920846
-5.34375000,20.21185171
-5.31250000,19.94619897
-5.28125000,19.68225750
-5.25000000,19.42003443
-5.21875000,19.15953674
-5.18750000,18.90077124
-5.15625000,18.64374462
-5.12500000,18.38846342
-5.09375000,18.13493400
-5.06250000,17.88316261
-5.03125000,17.63315530
-5.00000000,17.38491801
-4.96875000,17.13845650
-4.93750000,16.89377639
-4.90625000,16.65088312
-4.87500000,16.40978199
-4.84375000,16.17047816
-4.81250000,15.93297659
-4.78125000,15.69728211
-4.75000000,15.46339939
-4.71875000,15.23133291
-4.68750000,15.00108703
-4.65625000,14.77266591
-4.62500000,14.54607358
-4.59375000,14.32131388
-4.56250000,14.09839049
-4.53125000,13.87730694
-4.50000000,13.65806658
-4.46875000,13.44067261
-4.43750000,13.22512804
-4.40625000,13.01143573
-4.37500000,12.79959837
-4.34375000,12.58961848
-4.31250000,12.38149842
-4.28125000,12.17524036
-4.25000000,11.97084633
-4.21875000,11.76831816
-4.18750000,11.56765754
-4.15625000,11.36886598
-4.12500000,11.17194480
-4.09375000,10.97689518
-4.06250000,10.78371812
-4.03125000,10.59241443
-4.00000000,10.40298478
-3.96875000,10.21542965
-3.93750000,10.02974935
-3.90625000,9.84594403
-3.87500000,9.66401365
-3.84375000,9.48395803
-3.81250000,9.30577678
-3.78125000,9.12946937
-3.75000000,8.95503509
-3.71875000,8.78247306
-3.68750000,8.61178222
-3.65625000,8.44296135
-3.62500000,8.27600906
-3.59375000,8.11092379
-3.56250000,7.94770380
-3.53125000,7.78634719
-3.50000000,7.62685189
-3.46875000,7.46921566
-3.43750000,7.31343610
-3.40625000,7.15951063
-3.37500000,7.00743650
-3.34375000,6.85721080
-3.31250000,6.70883046
-3.28125000,6.56229223
-3.25000000,6.41759270
-3.21875000,6.27472830
-3.18750000,6.13369529
-3.15625000,5.99448977
-3.12500000,5.85710766
-3.09375000,5.72154475
-3.06250000,5.58779663
-3.03125000,5.45585875
-3.00000000,5.32572640
-2.96875000,5.19739470
-2.93750000,5.07085863
-2.90625000,4.94611298
-2.87500000,4.82315242
-2.84375000,4.70197142
-2.81250000,4.58256434
-2.78125000,4.46492535
-2.75000000,4.34904848
-2.71875000,4.23492760
-2.68750000,4.12255645
-2.65625000,4.01192858
-2.62500000,3.90303742
-2.59375000,3.79587624
-2.56250000,3.69043817
-2.53125000,3.58671618
-2.50000000,3.48470311
-2.46875000,3.38439163
-2.43750000,3.28577428
-2.40625000,3.18884348
-2.37500000,3.09359147
-2.34375000,3.00001037
-2.31250000,2.90809216
-2.28125000,2.81782868
-2.25000000,2.72921163
-2.21875000,2.64223259
-2.18750000,2.55688298
-2.15625000,2.47315412
-2.12500000,2.39103716
-2.09375000,2.31052316
-2.06250000,2.23160302
-2.03125000,2.15426754
-2.00000000,2.07850736
-1.96875000,2.00431304
-1.93750000,1.93167497
-1.90625000,1.86058346
-1.87500000,1.79102868
-1.84375000,1.72300068
-1.81250000,1.65648940
-1.78125000,1.59148467
-1.75000000,1.52797619
-1.71875000,1.46595356
-1.68750000,1.40540628
-1.65625000,1.34632372
-1.62500000,1.28869516
-1.59375000,1.23250976
-1.56250000,1.17775659
-1.53125000,1.12442461
-1.50000000,1.07250269
-1.46875000,1.02197958
-1.43750000,0.97284397
-1.40625000,0.92508441
-1.37500000,0.87868940
-1.34375000,0.83364732
-1.31250000,0.78994647
-1.28125000,0.74757506
-1.25000000,0.70652123
-1.21875000,0.66677301
-1.18750000,0.62831837
-1.15625000,0.59114519
-1.12500000,0.55524126
-1.09375000,0.52059432
-1.06250000,0.48719203
-1.03125000,0.45502195
-1.00000000,0.42407160
-0.96875000,0.39432843
-0.93750000,0.36577980
-0.90625000,0.33841302
-0.87500000,0.31221535
-0.84375000,0.28717396
-0.81250000,0.26327600
-0.78125000,0.24050852
-0.75000000,0.21885855
-0.71875000,0.19831305
-0.68750000,0.17885894
-0.65625000,0.16048308
-0.62500000,0.14317229
-0.59375000,0.12691334
-0.56250000,0.11169297
-0.53125000,0.09749786
-0.50000000,0.08431468
-0.46875000,0.07213005
-0.43750000,0.06093054
-0.40625000,0.05070270
-0.37500000,0.04143307
-0.34375000,0.03310814
-0.31250000,0.02571437
-0.28125000,0.01923821
-0.25000000,0.01366608
-0.21875000,0.00898440
-0.18750000,0.00517955
-0.15625000,0.00223790
-0.12500000,0.00014582
-0.09375000,-0.00111036
-0.06250000,-0.00154427
-0.03125000,-0.00116960
0.00000000,0.00000000
0.03125000,0.00195085
0.06250000,0.00466927
0.09375000,0.00814161
0.12500000,0.01235418
0.15625000,0.01729335
0.18750000,0.02294545
0.21875000,0.02929685
0.25000000,0.03633392
0.28125000,0.04404304
0.31250000,0.05241063
0.34375000,0.06142311
0.37500000,0.07106693
0.40625000,0.08132855
0.43750000,0.09219446
0.46875000,0.10365120
0.50000000,0.11568532
0.53125000,0.12828339
0.56250000,0.14143203
0.59375000,0.15511791
0.62500000,0.16932771
0.65625000,0.18404817
0.68750000,0.19926606
0.71875000,0.21496820
0.75000000,0.23114145
0.78125000,0.24777273
0.81250000,0.26484900
0.84375000,0.28235729
0.87500000,0.30028465
0.90625000,0.31861823
0.93750000,0.33734520
0.96875000,0.35645282
1.00000000,0.37592840
1.03125000,0.39575930
1.06250000,0.41593297
1.09375000,0.43643693
1.12500000,0.45725874
1.15625000,0.47838606
1.18750000,0.49980663
1.21875000,0.52150824
1.25000000,0.54347877
1.28125000,0.56570619
1.31250000,0.58817853
1.34375000,0.61088393
1.37500000,0.63381060
1.40625000,0.65694684
1.43750000,0.68028103
1.46875000,0.70380167
1.50000000,0.72749731
1.53125000,0.75135664
1.56250000,0.77536841
1.59375000,0.79952149
1.62500000,0.82380484
1.65625000,0.84820753
1.68750000,0.87271872
1.71875000,0.89732769
1.75000000,0.92202381
1.78125000,0.94679658
1.81250000,0.97163560
1.84375000,0.99653057
1.87500000,1.02147132
1.90625000,1.04644779
1.93750000,1.07145003
1.96875000,1.09646821
2.00000000,1.12149264
2.03125000,1.14651371
2.06250000,1.17152198
2.09375000,1.19650809
2.12500000,1.22146284
2.15625000,1.24637713
2.18750000,1.27124202
2.21875000,1.29604866
2.25000000,1.32078837
2.28125000,1.34545257
2.31250000,1.37003284
2.34375000,1.39452088
2.37500000,1.41890853
2.40625000,1.44318777
2.43750000,1.46735072
2.46875000,1.49138962
2.50000000,1.51529689
2.53125000,1.53906507
2.56250000,1.56268683
2.59375000,1.58615501
2.62500000,1.60946258
2.65625000,1.63260267
2.68750000,1.65556855
2.71875000,1.67835365
2.75000000,1.70095152
2.78125000,1.72335590
2.81250000,1.74556066
2.84375000,1.76755983
2.87500000,1.78934758
2.90625000,1.81091827
2.93750000,1.83226637
2.96875000,1.85338655
3.00000000,1.87427360
3.03125000,1.89492250
3.06250000,1.91532837
3.09375000,1.93548650
3.12500000,1.95539234
3.15625000,1.97504148
3.18750000,1.99442971
3.21875000,2.01355295
3.25000000,2.03240730
3.28125000,2.05098902
3.31250000,2.06929454
3.34375000,2.08732045
3.37500000,2.10506350
3.40625000,2.12252062
3.43750000,2.13968890
3.46875000,2.15656559
3.50000000,2.17314811
3.53125000,2.18943406
3.56250000,2.20542120
3.59375000,2.22110746
3.62500000,2.23649094
3.65625000,2.25156990
3.68750000,2.26634278
3.71875000,2.28080819
3.75000000,2.29496491
3.78125000,2.30881188
3.81250000,2.32234822
3.84375000,2.33557322
3.87500000,2.34848635
3.90625000,2.36108722
3.93750000,2.37337565
3.96875000,2.38535160
4.00000000,2.39701522
4.03125000,2.40836682
4.06250000,2.41940688
4.09375000,2.43013607
4.12500000,2.44055520
4.15625000,2.45066527
4.18750000,2.46046746
4.21875000,2.46996309
4.25000000,2.47915367
4.28125000,2.48804089
4.31250000,2.49662658
4.34375000,2.50491277
4.37500000,2.51290163
4.40625000,2.52059552
4.43750000,2.52799696
4.46875000,2.53510864
4.50000000,2.54193342
4.53125000,2.54847431
4.56250000,2.55473451
4.59375000,2.56071737
4.62500000,2.56642642
4.65625000,2.57186534
4.68750000,2.57703797
4.71875000,2.58194834
4.75000000,2.58660061
4.78125000,2.59099914
4.81250000,2.59514841
4.84375000,2.59905309
4.87500000,2.60271801
4.90625000,2.60614813
4.93750000,2.60934861
4.96875000,2.61232475
5.00000000,2.61508199
5.03125000,2.61762595
5.06250000,2.61996239
5.09375000,2.62209725
5.12500000,2.62403658
5.15625000,2.62578663
5.18750000,2.62735376
5.21875000,2.62874451
5.25000000,2.62996557
5.28125000,2.63102375
5.31250000,2.63192603
5.34375000,2.63267954
5.37500000,2.63329154
5.40625000,2.63376944
5.43750000,2.63412080
5.46875000,2.63435332
5.50000000,2.63447483
5.53125000,2.63449330
5.56250000,2.63441686
5.59375000,2.63425376
5.62500000,2.63401238
5.65625000,2.63370124
5.68750000,2.63332900
5.71875000,2.63290444
5.75000000,2.63243649
5.78125000,2.63193417
5.81250000,2.63140668
5.84375000,2.63086331
5.87500000,2.63031347
5.90625000,2.62976672
5.93750000,2.62923272
5.96875000,2.62872127
6.00000000,2.62824226
6.03125000,2.62780573
6.06250000,2.62742181
6.09375000,2.62710075
6.12500000,2.62685291
6.15625000,2.62668879
6.18750000,2.62661895
6.21875000,2.62665409
6.25000000,2.62680501
6.28125000,2.62708261
6.31250000,2.62749789
6.34375000,2.62806196
6.37500000,2.62878602
6.40625000,2.62968137
6.43750000,2.63075941
6.46875000,2.63203163
6.50000000,2.63350960
6.53125000,2.63520500
6.56250000,2.63712959
6.59375000,2.63929521
6.62500000,2.64171379
6.65625000,2.64439734
6.68750000,2.64735796
6.71875000,2.65060782
6.75000000,2.65415916
6.78125000,2.65802431
6.81250000,2.66221567
6.84375000,2.66674570
6.87500000,2.67162694
6.90625000,2.67687200
6.93750000,2.68249354
6.96875000,2.68850429
7.00000000,2.69491705
7.03125000,2.70174467
7.06250000,2.70900007
7.09375000,2.71669620
7.12500000,2.72484609
7.15625000,2.73346280
7.18750000,2.74255945
7.21875000,2.75214922
7.25000000,2.76224530
7.28125000,2.77286096
7.31250000,2.78400949
7.34375000,2.79570423
7.37500000,2.80795853
7.40625000,2.82078581
7.43750000,2.83419951
7.46875000,2.84821310
7.50000000,2.86284006
7.53125000,2.87809392
7.56250000,2.89398823
7.59375000,2.91053656
7.62500000,2.92775250
7.65625000,2.94564964
7.68750000,2.96424162
7.71875000,2.98354207
7.75000000,3.00356464
7.78125000,3.02432297
7.81250000,3.04583075
7.84375000,3.06810162
7.87500000,3.09114927
7.90625000,3.11498736
7.93750000,3.13962957
7.96875000,3.16508956
8.00000000,3.19138100
8.03125000,3.21851753
8.06250000,3.24651279
8.09375000,3.27538043
8.12500000,3.30513406
8.15625000,3.33578727
8.18750000,3.36735365
8.21875000,3.39984676
8.25000000,3.43328014
8.28125000,3.46766730
8.31250000,3.50302173
8.34375000,3.53935689
8.37500000,3.57668620
8.40625000,3.61502305
8.43750000,3.65438081
8.46875000,3.69477280
8.50000000,3.73621229
8.53125000,3.77871252
8.56250000,3.82228669
8.59375000,3.86694796
8.62500000,3.91270941
8.65625000,3.95958411
8.68750000,4.00758505
8.71875000,4.05672519
8.75000000,4.10701741
8.78125000,4.15847454
8.81250000,4.21110935
8.84375000,4.26493457
8.87500000,4.31996283
8.90625000,4.37620671
8.93750000,4.43367874
8.96875000,4.49239134
9.00000000,4.55235690
9.03125000,4.61358770
9.06250000,4.67609598
9.09375000,4.73989388
9.12500000,4.80499346
9.15625000,4.87140670
9.18750000,4.93914552
9.21875000,5.00822171
9.25000000,5.07864701
9.28125000,5.15043307
9.31250000,5.22359142
9.34375000,5.29813354
9.37500000,5.37407077
9.40625000,5.45141439
9.43750000,5.53017556
9.46875000,5.61036537
9.50000000,5.69199476
9.53125000,5.77507462
9.56250000,5.85961570
9.59375000,5.94562866
9.62500000,6.03312404
9.65625000,6.12211228
9.68750000,6.21260372
9.71875000,6.30460855
9.75000000,6.39813689
9.78125000,6.49319871
9.81250000,6.58980388
9.84375000,6.68796214
9.87500000,6.78768313
9.90625000,6.88897635
9.93750000,6.99185117
9.96875000,7.09631686
10.00000000,7.20238253
10.03125000,7.31005720
10.06250000,7.41934973
10.09375000,7.53026887
10.12500000,7.64282322
10.15625000,7.75702126
10.18750000,7.87287132
10.21875000,7.99038162
10.25000000,8.10956022
10.28125000,8.23041505
10.31250000,8.35295390
10.34375000,8.47718441
10.37500000,8.60311409
10.40625000,8.73075031
10.43750000,8.86010027
10.46875000,8.99117106
10.50000000,9.12396959
10.53125000,9.25850265
10.56250000,9.39477686
10.59375000,9.53279870
10.62500000,9.67257449
10.65625000,9.81411042
10.68750000,9.95741250
10.71875000,10.10248660
10.75000000,10.24933844
10.78125000,10.39797358
10.81250000,10.54839740
10.84375000,10.70061517
10.87500000,10.85463196
10.90625000,11.01045270
10.93750000,11.16808215
10.96875000,11.32752493
11.00000000,11.48878548
11.03125000,11.65186808
11.06250000,11.81677685
11.09375000,11.98351575
11.12500000,12.15208858
11.15625000,12.32249895
11.18750000,12.49475033
11.21875000,12.66884603
11.25000000,12.84478918
11.28125000,13.02258273
11.31250000,13.20222949
11.34375000,13.38373209
11.37500000,13.56709299
11.40625000,13.75231449
11.43750000,13.93939871
11.46875000,14.12834761
11.50000000,14.31916297
11.53125000,14.51184643
11.56250000,14.70639941
11.59375000,14.90282321
11.62500000,15.10111893
11.65625000,15.30128750
11.68750000,15.50332971
11.71875000,15.70724613
11.75000000,15.91303720
11.78125000,16.12070317
11.81250000,16.33024412
11.84375000,16.54165998
11.87500000,16.75495048
11.90625000,16.97011519
11.93750000,17.18715351
11.96875000,17.40606467
12.00000000,17.62684774
12.03125000,17.84950160
12.06250000,18.07402496
12.09375000,18.30041639
12.12500000,18.52867425
12.15625000,18.75879676
12.18750000,18.99078195
12.21875000,19.22462770
12.25000000,19.46033171
12.28125000,19.69789152
12.31250000,19.93730448
12.34375000,20.17856780
12.37500000,20.42167851
12.40625000,20.66663348
12.43750000,20.91342940
12.46875000,21.16206281
12.50000000,21.41253008
12.53125000,21.66482740
12.56250000,21.91895083
12.59375000,22.17489623
12.62500000,22.43265932
12.65625000,22.69223565
12.68750000,22.95362062
12.71875000,23.21680946
12.75000000,23.48179722
12.78125000,23.74857884
12.81250000,24.01714905
12.84375000,24.28750246
12.87500000,24.55963351
12.90625000,24.83353648
12.93750000,25.10920549
12.96875000,25.38663453
13.00000000,25.66581741
13.03125000,25.94674781
13.06250000,26.22941924
13.09375000,26.51382508
13.12500000,26.79995855
13.15625000,27.08781271
13.18750000,27.37738049
13.21875000,27.66865468
13.25000000,27.96162790
13.28125000,28.25629266
13.31250000,28.55264130
13.34375000,28.85066602
13.37500000,29.15035891
13.40625000,29.45171188
13.43750000,29.75471674
13.46875000,30.05936513
13.50000000,30.36564859
13.53125000,30.67355849
13.56250000,30.98308611
13.59375000,31.29422255
13.62500000,31.60695883
13.65625000,31.92128580
13.68750000,32.23719422
13.71875000,32.55467469
13.75000000,32.87371772
13.78125000,33.19431367
13.81250000,33.51645280
13.84375000,33.84012524
13.87500000,34.16532100
13.90625000,34.49202998
13.93750000,34.82024197
13.96875000,35.14994663
14.00000000,35.48113353
14.03125000,35.81379213
14.06250000,36.14791175
14.09375000,36.48348164
14.12500000,36.82049094
14.15625000,37.15892866
14.18750000,37.49878374
14.21875000,37.84004501
14.25000000,38.18270120
14.28125000,38.52674095
14.31250000,38.87215279
14.34375000,39.21892517
14.37500000,39.56704646
14.40625000,39.91650492
14.43750000,40.26728873
14.46875000,40.61938601
14.50000000,40.97278474
14.53125000,41.32747289
14.56250000,41.68343828
14.59375000,42.04066871
14.62500000,42.39915188
14.65625000,42.75887540
14.68750000,43.11982684
14.71875000,43.48199368
14.75000000,43.84536335
14.78125000,44.20992318
14.81250000,44.57566048
14.84375000,44.94256246
14.87500000,45.31061630
14.90625000,45.67980909
14.93750000,46.05012790
14.96875000,46.42155973
15.00000000,46.79409151
15.03125000,47.16771015
15.06250000,47.54240250
15.09375000,47.91815536
15.12500000,48.29495548
15.15625000,48.67278960
15.18750000,49.05164438
15.21875000,49.43150647
15.25000000,49.81236247
15.28125000,50.19419896
15.31250000,50.57700248
15.34375000,50.96075955
15.37500000,51.34545664
15.40625000,51.73108022
15.43750000,52.11761673
15.46875000,52.50505258
15.50000000,52.89337418
15.53125000,53.28256791
15.56250000,53.67262013
15.59375000,54.06351721
15.62500000,54.45524548
15.65625000,54.84779130
15.68750000,55.24114099
15.71875000,55.63528088
15.75000000,56.03019730
15.78125000,56.42587659
15.81250000,56.82230506
15.84375000,57.21946906
15.87500000,57.61735494
15.90625000,58.01594904
15.93750000,58.41523774
15.96875000,58.81520740
16.00000000,59.21584443
16.03125000,59.61713524
16.06250000,60.01906625
16.09375000,60.42162393
16.12500000,60.82479474
16.15625000,61.22856520
16.18750000,61.63292183
16.21875000,62.03785121
16.25000000,62.44333992
16.28125000,62.84937459
16.31250000,63.25594190
16.34375000,63.66302854
16.37500000,64.07062128
16.40625000,64.47870688
16.43750000,64.88727220
16.46875000,65.29630411
16.50000000,65.70578954
16.53125000,66.11571548
16.56250000,66.52606897
16.59375000,66.93683708
16.62500000,67.34800697
16.65625000,67.75956586
16.68750000,68.17150100
16.71875000,68.58379973
16.75000000,68.99644944
16.78125000,69.40943761
16.81250000,69.82275176
16.84375000,70.23637951
16.87500000,70.65030852
16.90625000,71.06452655
16.93750000,71.47902143
16.96875000,71.89378107
17.00000000,72.30879346
17.03125000,72.72404667
17.06250000,73.13952885
17.09375000,73.55522826
17.12500000,73.97113322
17.15625000,74.38723215
17.18750000,74.80351356
17.21875000,75.21996606
17.25000000,75.63657835
17.28125000,76.05333923
17.31250000,76.47023760
17.34375000,76.88726246
17.37500000,77.30440290
17.40625000,77.72164813
17.43750000,78.13898746
17.46875000,78.55641030
17.50000000,78.97390619
17.53125000,79.39146476
17.56250000,79.80907576
17.59375000,80.22672905
17.62500000,80.64441461
17.65625000,81.06212254
17.68750000,81.47984306
17.71875000,81.89756648
17.75000000,82.31528328
17.78125000,82.73298403
17.81250000,83.15065943
17.84375000,83.56830032
17.87500000,83.98589765
17.90625000,84.40344250
17.93750000,84.82092610
17.96875000,85.23833979
18.00000000,85.65567505
18.03125000,86.07292349
18.06250000,86.49007688
18.09375000,86.90712709
18.12500000,87.32406615
18.15625000,87.74088623
18.18750000,88.15757964
18.21875000,88.57413881
18.25000000,88.99055634
18.28125000,89.40682498
18.31250000,89.82293759
18.34375000,90.23888720
18.37500000,90.65466700
18.40625000,91.07027029
18.43750000,91.48569056
18.46875000,91.90092143
18.50000000,92.31595667
18.53125000,92.73079021
18.56250000,93.14541614
18.59375000,93.55982868
18.62500000,93.97402223
18.65625000,94.38799134
18.68750000,94.80173071
18.71875000,95.21523520
18.75000000,95.62849984
18.78125000,96.04151980
18.81250000,96.45429043
18.84375000,96.86680723
18.87500000,97.27906586
18.90625000,97.69106216
18.93750000,98.10279210
18.96875000,98.51425184
19.00000000,98.92543770
19.03125000,99.33634617
19.06250000,99.74697388
19.09375000,100.15731766
19.12500000,100.56737448
19.15625000,100.97714149
19.18750000,101.38661600
19.21875000,101.79579550
19.25000000,102.20467764
19.28125000,102.61326023
19.31250000,103.02154126
19.34375000,103.42951889
19.37500000,103.83719145
19.40625000,104.24455743
19.43750000,104.65161550
19.46875000,105.05836449
19.50000000,105.46480342
19.53125000,105.87093145
19.56250000,106.27674793
19.59375000,106.68225239
19.62500000,107.08744451
19.65625000,107.49232416
19.68750000,107.89689136
19.71875000,108.30114631
19.75000000,108.70508939
19.78125000,109.10872115
19.81250000,109.51204229
19.84375000,109.91505370
19.87500000,110.31775644
19.90625000,110.72015173
19.93750000,111.12224097
19.96875000,111.52402572
20.00000000,111.92550773
20.03125000,112.32668888
20.06250000,112.72757126
20.09375000,113.12815712
20.12500000,113.52844885
20.15625000,113.92844904
20.18750000,114.32816044
20.21875000,114.72758596
20.25000000,115.12672868
20.28125000,115.52559184
20.31250000,115.92417887
20.34375000,116.32249333
20.37500000,116.72053897
20.40625000,117.11831969
20.43750000,117.51583957
20.46875000,117.91310284
20.50000000,118.31011390
20.53125000,118.70687729
20.56250000,119.10339774
20.59375000,119.49968012
20.62500000,119.89572947
20.65625000,120.29155099
20.68750000,120.68715002
20.71875000,121.08253208
20.75000000,121.47770284
20.78125000,121.87266810
20.81250000,122.26743385
20.84375000,122.66200622
20.87500000,123.05639148
20.90625000,123.45059607
20.93750000,123.84462657
20.96875000,124.23848970
21.00000000,124.63219236
21.03125000,125.02574155
21.06250000,125.41914447
21.09375000,125.81240842
21.12500000,126.20554087
21.15625000,126.59854941
21.18750000,126.99144180
21.21875000,127.38422592
21.25000000,127.77690979
21.28125000,128.16950158
21.31250000,128.56200958
21.34375000,128.95444223
21.37500000,129.34680810
21.40625000,129.73911588
21.43750000,130.13137441
21.46875000,130.52359265
21.50000000,130.91577969
21.53125000,131.30794473
21.56250000,131.70009714
21.59375000,132.09224636
21.62500000,132.48440200
21.65625000,132.87657375
21.68750000,133.26877146
21.71875000,133.66100505
21.75000000,134.05328461
21.78125000,134.44562030
21.81250000,134.83802242
21.84375000,135.23050138
21.87500000,135.62306768
21.90625000,136.01573194
21.93750000,136.40850490
21.96875000,136.80139739
22.00000000,137.19442035
22.03125000,137.58758481
22.06250000,137.98090192
22.09375000,138.37438290
22.12500000,138.76803911
22.15625000,139.16188195
22.18750000,139.55592296
22.21875000,139.95017374
22.25000000,140.34464600
22.28125000,140.73935152
22.31250000,141.13430218
22.34375000,141.52950995
22.37500000,141.92498685
22.40625000,142.32074501
22.43750000,142.71679662
22.46875000,143.11315397
22.50000000,143.50982940
22.53125000,143.90683533
22.56250000,144.30418425
22.59375000,144.70188872
22.62500000,145.09996138
22.65625000,145.49841490
22.68750000,145.89726205
22.71875000,146.29651564
22.75000000,146.69618854
22.78125000,147.09629368
22.81250000,147.49684404
22.84375000,147.89785267
22.87500000,148.29933264
22.90625000,148.70129710
22.93750000,149.10375922
22.96875000,149.50673223
23.00000000,149.91022940
23.03125000,150.31426404
23.06250000,150.71884949
23.09375000,151.12399914
23.12500000,151.52972640
23.15625000,151.93604472
23.18750000,152.34296758
23.21875000,152.75050848
23.25000000,153.15868096
23.28125000,153.56749857
23.31250000,153.97697489
23.34375000,154.38712351
23.37500000,154.79795803
23.40625000,155.20949210
23.43750000,155.62173934
23.46875000,156.03471342
23.50000000,156.44842798
23.53125000,156.86289669
23.56250000,157.27813323
23.59375000,157.69415125
23.62500000,158.11096444
23.65625000,158.52858647
23.68750000,158.94703099
23.71875000,159.36631167
23.75000000,159.78644216
23.78125000,160.20743609
23.81250000,160.62930709
23.84375000,161.05206878
23.87500000,161.47573474
23.90625000,161.90031856
23.93750000,162.32583378
23.96875000,162.75229393
24.00000000,163.17971253
24.03125000,163.60810305
24.06250000,164.03747893
24.09375000,164.46785359
24.12500000,164.89924041
24.15625000,165.33165273
24.18750000,165.76510387
24.21875000,166.19960709
24.25000000,166.63517562
24.28125000,167.07182262
24.31250000,167.50956125
24.34375000,167.94840458
24.37500000,168.38836564
24.40625000,168.82945743
24.43750000,169.27169286
24.46875000,169.71508481
24.50000000,170.15964610
24.53125000,170.60538946
24.56250000,171.05232759
24.59375000,171.50047312
24.62500000,171.94983859
24.65625000,172.40043651
24.68750000,172.85227929
24.71875000,173.30537928
24.75000000,173.75974874
24.78125000,174.21539988
24.81250000,174.67234481
24.84375000,175.13059556
24.87500000,175.59016410
24.90625000,176.05106230
24.93750000,176.51330193
24.96875000,176.97689470
25.00000000,177.44185222
25.03125000,177.90818601
25.06250000,178.37590749
25.09375000,178.84502798
25.12500000,179.31555873
25.15625000,179.78751087
25.18750000,180.26089543
25.21875000,180.73572335
25.25000000,181.21200546
25.28125000,181.68975248
25.31250000,182.16897503
25.34375000,182.64968361
25.37500000,183.13188864
25.40625000,183.61560040
25.43750000,184.10082905
25.46875000,184.58758467
25.50000000,185.07587719
25.53125000,185.56571643
25.56250000,186.05711211
25.59375000,186.55007381
25.62500000,187.04461099
25.65625000,187.54073298
25.68750000,188.03844900
25.71875000,188.53776813
25.75000000,189.03869933
25.78125000,189.54125143
25.81250000,190.04543312
25.84375000,190.55125296
25.87500000,191.05871938
25.90625000,191.56784068
25.93750000,192.07862501
25.96875000,192.59108040
26.00000000,193.10521472
26.03125000,193.62103571
26.06250000,194.13855097
26.09375000,194.65776797
26.12500000,195.17869400
26.15625000,195.70133624
26.18750000,196.22570171
26.21875000,196.75179728
26.25000000,197.27962968
26.28125000,197.80920548
26.31250000,198.34053112
26.34375000,198.87361286
26.37500000,199.40845683
26.40625000,199.94506900
26.43750000,200.48345517
26.46875000,201.02362102
26.50000000,201.56557205
26.53125000,202.10931360
26.56250000,202.65485086
26.59375000,203.20218886
26.62500000,203.75133247
26.65625000,204.30228641
26.68750000,204.85505523
26.71875000,205.40964331
26.75000000,205.96605489
26.78125000,206.52429402
26.81250000,207.08436460
26.84375000,207.64627038
26.87500000,208.21001492
26.90625000,208.77560164
26.93750000,209.34303377
26.96875000,209.91231438
27.00000000,210.48344639
27.03125000,211.05643253
27.06250000,211.63127538
27.09375000,212.20797735
27.12500000,212.78654066
27.15625000,213.36696739
27.18750000,213.94925944
27.21875000,214.53341853
27.25000000,215.11944623
27.28125000,215.70734392
27.31250000,216.29711282
27.34375000,216.88875399
27.37500000,217.48226830
27.40625000,218.07765646
27.43750000,218.67491900
27.46875000,219.27405630
27.50000000,219.87506855
27.53125000,220.47795578
27.56250000,221.08271784
27.59375000,221.68935440
27.62500000,222.29786499
27.65625000,222.90824895
27.68750000,223.52050545
27.71875000,224.13463348
27.75000000,224.75063188
27.78125000,225.36849931
27.81250000,225.98823426
27.84375000,226.60983504
27.87500000,227.23329982
27.90625000,227.85862656
27.93750000,228.48581308
27.96875000,229.11485704
28.00000000,229.74575590
28.03125000,230.37850696
28.06250000,231.01310739
28.09375000,231.64955413
28.12500000,232.28784402
28.15625000,232.92797368
28.18750000,233.56993959
28.21875000,234.21373806
28.25000000,234.85936525
28.28125000,235.50681713
28.31250000,236.15608953
28.34375000,236.80717810
28.37500000,237.46007834
28.40625000,238.11478559
28.43750000,238.77129502
28.46875000,239.42960164
28.50000000,240.08970032
28.53125000,240.75158575
28.56250000,241.41525248
28.59375000,242.08069488
28.62500000,242.74790720
28.65625000,243.41688350
28.68750000,244.08761771
28.71875000,244.76010359
28.75000000,245.43433478
28.78125000,246.11030472
28.81250000,246.78800675
28.84375000,247.46743403
28.87500000,248.14857958
28.90625000,248.83143628
28.93750000,249.51599685
28.96875000,250.20225389
29.00000000,250.89019984
29.03125000,251.57982699
29.06250000,252.27112751
29.09375000,252.96409341
29.12500000,253.65871659
29.15625000,254.35498879
29.18750000,255.05290161
29.21875000,255.75244654
29.25000000,256.45361491
29.28125000,257.15639795
29.31250000,257.86078672
29.34375000,258.56677219
29.37500000,259.27434517
29.40625000,259.98349637
29.43750000,260.69421636
29.46875000,261.40649560
29.50000000,262.12032441
29.53125000,262.83569300
29.56250000,263.55259147
29.59375000,264.27100978
29.62500000,264.99093780
29.65625000,265.71236528
29.68750000,266.43528185
29.71875000,267.15967702
29.75000000,267.88554021
29.78125000,268.61286074
29.81250000,269.34162779
29.84375000,270.07183047
29.87500000,270.80345777
29.90625000,271.53649858
29.93750000,272.27094171
29.96875000,273.00677583
30.00000000,273.74398957
30.03125000,274.48257143
30.06250000,275.22250983
30.09375000,275.96379309
30.12500000,276.70640945
30.15625000,277.45034707
30.18750000,278.19559401
30.21875000,278.94213827
30.25000000,279.68996775
30.28125000,280.43907027
30.31250000,281.18943359
30.34375000,281.94104538
30.37500000,282.69389324
30.40625000,283.44796471
30.43750000,284.20324724
30.46875000,284.95972824
30.50000000,285.71739502
30.53125000,286.47623487
30.56250000,287.23623498
30.59375000,287.99738250
30.62500000,288.75966452
30.65625000,289.52306806
30.68750000,290.28758013
30.71875000,291.05318763
30.75000000,291.81987746
30.78125000,292.58763644
30.81250000,293.35645137
30.84375000,294.12630899
30.87500000,294.89719600
30.90625000,295.66909907
30.93750000,296.44200484
30.96875000,297.21589988
31.00000000,297.99077077
31.03125000,298.76660404
31.06250000,299.54338619
31.09375000,300.32110369
31.12500000,301.09974301
31.15625000,301.87929057
31.18750000,302.65973278
31.21875000,303.44105604
31.25000000,304.22324672
31.28125000,305.00629119
31.31250000,305.79017580
31.34375000,306.57488690
31.37500000,307.36041082
31.40625000,308.14673389
31.43750000,308.93384245
31.46875000,309.72172282
31.50000000,310.51036133
31.53125000,311.29974432
31.56250000,312.08985812
31.59375000,312.88068908
31.62500000,313.67222356
31.65625000,314.46444793
31.68750000,315.25734857
31.71875000,316.05091189
31.75000000,316.84512429
31.78125000,317.63997222
31.81250000,318.43544215
31.84375000,319.23152055
31.87500000,320.02819394
31.90625000,320.82544887
31.93750000,321.62327191
31.96875000,322.42164966
32.00000000,323.22056878
32.03125000,324.02001593
32.06250000,324.81997784
32.09375000,325.62044127
32.12500000,326.42139303
32.15625000,327.22281997
32.18750000,328.02470898
32.21875000,328.82704701
32.25000000,329.62982107
32.28125000,330.43301821
32.31250000,331.23662554
32.34375000,332.04063023
32.37500000,332.84501951
32.40625000,333.64978066
32.43750000,334.45490104
32.46875000,335.26036808
32.50000000,336.06616926
32.53125000,336.87229213
32.56250000,337.67872434
32.59375000,338.48545357
32.62500000,339.29246762
32.65625000,340.09975433
32.68750000,340.90730165
32.71875000,341.71509759
32.75000000,342.52313025
32.78125000,343.33138782
32.81250000,344.13985858
32.84375000,344.94853087
32.87500000,345.75739316
32.90625000,346.56643400
32.93750000,347.37564201
32.96875000,348.18500593
33.00000000,348.99451460
33.03125000,349.80415695
33.06250000,350.61392201
33.09375000,351.42379892
33.12500000,352.23377691
33.15625000,353.04384534
33.18750000,353.85399366
33.21875000,354.66421143
33.25000000,355.47448834
33.28125000,356.28481415
33.31250000,357.09517879
33.34375000,357.90557227
33.37500000,358.71598473
33.40625000,359.52640641
33.43750000,360.33682771
33.46875000,361.14723910
33.50000000,361.95763123
33.53125000,362.76799483
33.56250000,363.57832078
33.59375000,364.38860008
33.62500000,365.19882385
33.65625000,366.00898337
33.68750000,366.81907003
33.71875000,367.62907534
33.75000000,368.43899099
33.78125000,369.24880875
33.81250000,370.05852057
33.84375000,370.86811852
33.87500000,371.67759482
33.90625000,372.48694182
33.93750000,373.29615201
33.96875000,374.10521805
34.00000000,374.91413270
34.03125000,375.72288891
34.06250000,376.53147976
34.09375000,377.33989846
34.12500000,378.14813839
34.15625000,378.95619308
34.18750000,379.76405620
34.21875000,380.57172158
34.25000000,381.37918320
34.28125000,382.18643519
34.31250000,382.99347185
34.34375000,383.80028762
34.37500000,384.60687710
34.40625000,385.41323505
34.43750000,386.21935639
34.46875000,387.02523619
34.50000000,387.83086969
34.53125000,388.63625228
34.56250000,389.44137953
34.59375000,390.24624716
34.62500000,391.05085104
34.65625000,391.85518722
34.68750000,392.65925192
34.71875000,393.46304150
34.75000000,394.26655251
34.78125000,395.06978165
34.81250000,395.87272579
34.84375000,396.67538197
34.87500000,397.47774739
34.90625000,398.27981943
34.93750000,399.08159563
34.96875000,399.88307369
35.00000000,400.68425149
35.03125000,401.48512708
35.06250000,402.28569867
35.09375000,403.08596465
35.12500000,403.88592357
35.15625000,404.68557416
35.18750000,405.48491531
35.21875000,406.28394608
35.25000000,407.08266572
35.28125000,407.88107363
35.31250000,408.67916939
35.34375000,409.47695274
35.37500000,410.27442360
35.40625000,411.07158207
35.43750000,411.86842841
35.46875000,412.66496304
35.50000000,413.46118657
35.53125000,414.25709977
35.56250000,415.05270359
35.59375000,415.84799914
35.62500000,416.64298771
35.65625000,417.43767074
35.68750000,418.23204987
35.71875000,419.02612688
35.75000000,419.81990375
35.78125000,420.61338260
35.81250000,421.40656573
35.84375000,422.19945561
35.87500000,422.99205488
35.90625000,423.78436634
35.93750000,424.57639297
35.96875000,425.36813790
36.00000000,426.15960444
36.03125000,426.95079605
36.06250000,427.74171637
36.09375000,428.53236920
36.12500000,429.32275850
36.15625000,430.11288840
36.18750000,430.90276319
36.21875000,431.69238731
36.25000000,432.48176539
36.28125000,433.27090218
36.31250000,434.05980264
36.34375000,434.84847183
36.37500000,435.63691502
36.40625000,436.42513761
36.43750000,437.21314517
36.46875000,438.00094341
36.50000000,438.78853820
36.53125000,439.57593559
36.56250000,440.36314173
36.59375000,441.15016298
36.62500000,441.93700581
36.65625000,442.72367685
36.68750000,443.51018288
36.71875000,444.29653085
36.75000000,445.08272782
36.78125000,445.86878101
36.81250000,446.65469780
36.84375000,447.44048569
36.87500000,448.22615234
36.90625000,449.01170554
36.93750000,449.79715323
36.96875000,450.58250347
37.00000000,451.36776447
37.03125000,452.15294459
37.06250000,452.93805229
37.09375000,453.72309620
37.12500000,454.50808506
37.15625000,455.29302775
37.18750000,456.07793326
37.21875000,456.86281074
37.25000000,457.64766945
37.28125000,458.43251876
37.31250000,459.21736819
37.34375000,460.00222737
37.37500000,460.78710604
37.40625000,461.57201409
37.43750000,462.35696149
37.46875000,463.14195835
37.50000000,463.92701488
37.53125000,464.71214142
37.56250000,465.49734841
37.59375000,466.28264640
37.62500000,467.06804605
37.65625000,467.85355812
37.68750000,468.63919349
37.71875000,469.42496312
37.75000000,470.21087809
37.78125000,470.99694957
37.81250000,471.78318883
37.84375000,472.56960724
37.87500000,473.35621626
37.90625000,474.14302744
37.93750000,474.93005243
37.96875000,475.71730295
38.00000000,476.50479082
38.03125000,477.29252796
38.06250000,478.08052634
38.09375000,478.86879803
38.12500000,479.65735518
38.15625000,480.44621002
38.18750000,481.23537484
38.21875000,482.02486202
38.25000000,482.81468401
38.28125000,483.60485332
38.31250000,484.39538253
38.34375000,485.18628430
38.37500000,485.97757133
38.40625000,486.76925640
38.43750000,487.56135235
38.46875000,488.35387207
38.50000000,489.14682850
38.53125000,489.94023465
38.56250000,490.73410357
38.59375000,491.52844837
38.62500000,492.32328220
38.65625000,493.11861825
38.68750000,493.91446977
38.71875000,494.71085004
38.75000000,495.50777237
38.78125000,496.30525014
38.81250000,497.10329673
38.84375000,497.90192557
38.87500000,498.70115012
38.90625000,499.50098387
38.93750000,500.30144033
38.96875000,501.10253304
39.00000000,501.90427557
39.03125000,502.70668149
39.06250000,503.50976441
39.09375000,504.31353794
39.12500000,505.11801572
39.15625000,505.92321138
39.18750000,506.72913859
39.21875000,507.53581100
39.25000000,508.34324229
39.28125000,509.15144611
39.31250000,509.96043614
39.34375000,510.77022606
39.37500000,511.58082953
39.40625000,512.39226021
39.43750000,513.20453176
39.46875000,514.01765783
39.50000000,514.83165205
39.53125000,515.64652804
39.56250000,516.46229940
39.59375000,517.27897974
39.62500000,518.09658260
39.65625000,518.91512154
39.68750000,519.73461009
39.71875000,520.55506173
39.75000000,521.37648993
39.78125000,522.19890813
39.81250000,523.02232974
39.84375000,523.84676811
39.87500000,524.67223659
39.90625000,525.49874847
39.93750000,526.32631699
39.96875000,527.15495538
40.00000000,527.98467678
40.03125000,528.81549433
40.06250000,529.64742109
40.09375000,530.48047007
40.12500000,531.31465424
40.15625000,532.14998650
40.18750000,532.98647971
40.21875000,533.82414666
40.25000000,534.66300008
40.28125000,535.50305263
40.31250000,536.34431692
40.34375000,537.18680548
40.37500000,538.03053078
40.40625000,538.87550521
40.43750000,539.72174108
40.46875000,540.56925066
40.50000000,541.41804610
40.53125000,542.26813949
40.56250000,543.11954284
40.59375000,543.97226809
40.62500000,544.82632707
40.65625000,545.68173154
40.68750000,546.53849317
40.71875000,547.39662352
40.75000000,548.25613410
40.78125000,549.11703629
40.81250000,549.97934139
40.84375000,550.84306059
40.87500000,551.70820501
40.90625000,552.57478563
40.93750000,553.44281337
40.96875000,554.31229900
41.00000000,555.18325322
41.03125000,556.05568662
41.06250000,556.92960965
41.09375000,557.80503269
41.12500000,558.68196598
41.15625000,559.56041965
41.18750000,560.44040373
41.21875000,561.32192812
41.25000000,562.20500260
41.28125000,563.08963684
41.31250000,563.97584037
41.34375000,564.86362262
41.37500000,565.75299288
41.40625000,566.64396031
41.43750000,567.53653397
41.46875000,568.43072275
41.50000000,569.32653545
41.53125000,570.22398071
41.56250000,571.12306705
41.59375000,572.02380284
41.62500000,572.92619635
41.65625000,573.83025567
41.68750000,574.73598878
41.71875000,575.64340351
41.75000000,576.55250755
41.78125000,577.46330846
41.81250000,578.37581363
41.84375000,579.29003034
41.87500000,580.20596569
41.90625000,581.12362666
41.93750000,582.04302007
41.96875000,582.96415260
42.00000000,583.88703076
42.03125000,584.81166095
42.06250000,585.73804936
42.09375000,586.66620208
42.12500000,587.59612503
42.15625000,588.52782395
42.18750000,589.46130447
42.21875000,590.39657202
42.25000000,591.33363191
42.28125000,592.27248926
42.31250000,593.21314906
42.34375000,594.15561611
42.37500000,595.09989508
42.40625000,596.04599045
42.43750000,596.99390657
42.46875000,597.94364760
42.50000000,598.89521756
42.53125000,599.84862027
42.56250000,600.80385944
42.59375000,601.76093856
42.62500000,602.71986099
42.65625000,603.68062991
42.68750000,604.64324834
42.71875000,605.60771913
42.75000000,606.57404496
42.78125000,607.54222835
42.81250000,608.51227165
42.84375000,609.48417702
42.87500000,610.45794649
42.90625000,611.43358189
42.93750000,612.41108489
42.96875000,613.39045700
43.00000000,614.37169954
43.03125000,615.35481367
43.06250000,616.33980039
43.09375000,617.32666052
43.12500000,618.31539470
43.15625000,619.30600342
43.18750000,620.29848697
43.21875000,621.29284550
43.25000000,622.28907898
43.28125000,623.28718720
43.31250000,624.28716978
43.34375000,625.28902618
43.37500000,626.29275567
43.40625000,627.29835738
43.43750000,628.30583024
43.46875000,629.31517303
43.50000000,630.32638434
43.53125000,631.33946260
43.56250000,632.35440609
43.59375000,633.37121289
43.62500000,634.38988092
43.65625000,635.41040794
43.68750000,636.43279154
43.71875000,637.45702913
43.75000000,638.48311796
43.78125000,639.51105512
43.81250000,640.54083753
43.84375000,641.57246192
43.87500000,642.60592490
43.90625000,643.64122287
43.93750000,644.67835210
43.96875000,645.71730867
44.00000000,646.75808851
44.03125000,647.80068739
44.06250000,648.84510091
44.09375000,649.89132450
44.12500000,650.93935345
44.15625000,651.98918288
44.18750000,653.04080775
44.21875000,654.09422286
44.25000000,655.14942285
44.28125000,656.20640222
44.31250000,657.26515530
44.34375000,658.32567626
44.37500000,659.38795912
44.40625000,660.45199776
44.43750000,661.51778589
44.46875000,662.58531708
44.50000000,663.65458474
44.53125000,664.72558215
44.56250000,665.79830241
44.59375000,666.87273850
44.62500000,667.94888324
44.65625000,669.02672932
44.68750000,670.10626927
44.71875000,671.18749549
44.75000000,672.27040022
44.78125000,673.35497558
44.81250000,674.44121354
44.84375000,675.52910594
44.87500000,676.61864448
44.90625000,677.70982072
44.93750000,678.80262608
44.96875000,679.89705188
45.00000000,680.99308927
45.03125000,682.09072930
45.06250000,683.18996286
45.09375000,684.29078074
45.12500000,685.39317361
45.15625000,686.49713198
45.18750000,687.60264627
45.21875000,688.70970677
45.25000000,689.81830364
45.28125000,690.92842694
45.31250000,692.04006661
45.34375000,693.15321245
45.37500000,694.26785418
45.40625000,695.38398140
45.43750000,696.50158358
45.46875000,697.62065011
45.50000000,698.74117024
45.53125000,699.86313316
45.56250000,700.98652791
45.59375000,702.11134346
45.62500000,703.23756867
45.65625000,704.36519230
45.68750000,705.49420301
45.71875000,706.62458938
45.75000000,707.75633987
45.78125000,708.88944289
45.81250000,710.02388672
45.84375000,711.15965957
45.87500000,712.29674957
45.90625000,713.43514476
45.93750000,714.57483310
45.96875000,715.71580246
46.00000000,716.85804065
46.03125000,718.00153538
46.06250000,719.14627432
46.09375000,720.29224504
46.12500000,721.43943504
46.15625000,722.58783176
46.18750000,723.73742258
46.21875000,724.88819480
46.25000000,726.04013567
46.28125000,727.19323237
46.31250000,728.34747204
46.34375000,729.50284173
46.37500000,730.65932847
46.40625000,731.81691921
46.43750000,732.97560087
46.46875000,734.13536032
46.50000000,735.29618437
46.53125000,736.45805979
46.56250000,737.62097331
46.59375000,738.78491164
46.62500000,739.94986141
46.65625000,741.11580924
46.68750000,742.28274173
46.71875000,743.45064541
46.75000000,744.61950682
46.78125000,745.78931244
46.81250000,746.96004875
46.84375000,748.13170218
46.87500000,749.30425917
46.90625000,750.47770612
46.93750000,751.65202941
46.96875000,752.82721542
47.00000000,754.00325051
47.03125000,755.18012103
47.06250000,756.35781332
47.09375000,757.53631372
47.12500000,758.71560855
47.15625000,759.89568414
47.18750000,761.07652683
47.21875000,762.25812294
47.25000000,763.44045881
47.28125000,764.62352079
47.31250000,765.80729521
47.34375000,766.99176845
47.37500000,768.17692687
47.40625000,769.36275686
47.43750000,770.54924484
47.46875000,771.73637723
47.50000000,772.92414047
47.53125000,774.11252103
47.56250000,775.30150541
47.59375000,776.49108014
47.62500000,777.68123176
47.65625000,778.87194687
47.68750000,780.06321208
47.71875000,781.25501404
47.75000000,782.44733946
47.78125000,783.64017506
47.81250000,784.83350762
47.84375000,786.02732396
47.87500000,787.22161095
47.90625000,788.41635551
47.93750000,789.61154460
47.96875000,790.80716524
48.00000000,792.00320450
48.03125000,793.19964952
48.06250000,794.39648748
48.09375000,795.59370563
48.12500000,796.79129129
48.15625000,797.98923183
48.18750000,799.18751470
48.21875000,800.38612740
48.25000000,801.58505752
48.28125000,802.78429272
48.31250000,803.98382072
48.34375000,805.18362934
48.37500000,806.38370645
48.40625000,807.58404002
48.43750000,808.78461809
48.46875000,809.98542880
48.50000000,811.18646036
48.53125000,812.38770107
48.56250000,813.58913933
48.59375000,814.79076362
48.62500000,815.99256252
48.65625000,817.19452470
48.68750000,818.39663893
48.71875000,819.59889407
48.75000000,820.80127909
48.78125000,822.00378306
48.81250000,823.20639515
48.84375000,824.40910464
48.87500000,825.61190092
48.90625000,826.81477346
48.93750000,828.01771189
48.96875000,829.22070590
49.00000000,830.42374534
49.03125000,831.62682014
49.06250000,832.82992036
49.09375000,834.03303617
49.12500000,835.23615789
49.15625000,836.43927592
49.18750000,837.64238080
49.21875000,838.84546320
49.25000000,840.04851391
49.28125000,841.25152385
49.31250000,842.45448406
49.34375000,843.65738572
49.37500000,844.86022013
49.40625000,846.06297874
49.43750000,847.26565312
49.46875000,848.46823498
49.50000000,849.67071616
49.53125000,850.87308865
49.56250000,852.07534456
49.59375000,853.27747617
49.62500000,854.47947587
49.65625000,855.68133621
49.68750000,856.88304988
49.71875000,858.08460972
49.75000000,859.28600870
49.78125000,860.48723997
49.81250000,861.68829678
49.84375000,862.88917258
49.87500000,864.08986093
49.90625000,865.29035557
49.93750000,866.49065037
49.96875000,867.69073937
50.00000000,868.89061676
50.03125000,870.09027687
50.06250000,871.28971421
50.09375000,872.48892344
50.12500000,873.68789937
50.15625000,874.88663696
50.18750000,876.08513136
50.21875000,877.28337784
50.25000000,878.48137188
50.28125000,879.67910907
50.31250000,880.87658519
50.34375000,882.07379619
50.37500000,883.27073817
50.40625000,884.46740738
50.43750000,885.66380027
50.46875000,886.85991343
50.50000000,888.05574362
50.53125000,889.25128778
50.56250000,890.44654298
50.59375000,891.64150651
50.62500000,892.83617578
50.65625000,894.03054840
50.68750000,895.22462213
50.71875000,896.41839491
50.75000000,897.61186484
50.78125000,898.80503020
50.81250000,899.99788942
50.84375000,901.19044113
50.87500000,902.38268411
50.90625000,903.57461730
50.93750000,904.76623984
50.96875000,905.95755102
51.00000000,907.14855030
51.03125000,908.33923732
51.06250000,909.52961189
51.09375000,910.71967399
51.12500000,911.90942376
51.15625000,913.09886153
51.18750000,914.28798778
51.21875000,915.47680318
51.25000000,916.66530856
51.28125000,917.85350492
51.31250000,919.04139343
51.34375000,920.22897545
51.37500000,921.41625247
51.40625000,922.60322619
51.43750000,923.78989845
51.46875000,924.97627128
51.50000000,926.16234686
51.53125000,927.34812756
51.56250000,928.53361591
51.59375000,929.71881459
51.62500000,930.90372648
51.65625000,932.08835459
51.68750000,933.27270212
51.71875000,934.45677244
51.75000000,935.64056907
51.78125000,936.82409571
51.81250000,938.00735620
51.84375000,939.19035457
51.87500000,940.37309500
51.90625000,941.55558183
51.93750000,942.73781958
51.96875000,943.91981291
52.00000000,945.10156664
52.03125000,946.28308576
52.06250000,947.46437543
52.09375000,948.64544094
52.12500000,949.82628775
52.15625000,951.00692148
52.18750000,952.18734791
52.21875000,953.36757295
52.25000000,954.54760270
52.28125000,955.72744338
52.31250000,956.90710138
52.34375000,958.08658324
52.37500000,959.26589563
52.40625000,960.44504540
52.43750000,961.62403952
52.46875000,962.80288512
52.50000000,963.98158947
52.53125000,965.16015999
52.56250000,966.33860424
52.59375000,967.51692993
52.62500000,968.69514488
52.65625000,969.87325709
52.68750000,971.05127468
52.71875000,972.22920589
52.75000000,973.40705913
52.78125000,974.58484292
52.81250000,975.76256591
52.84375000,976.94023691
52.87500000,978.11786482
52.90625000,979.29545870
52.93750000,980.47302773
52.96875000,981.65058121
53.00000000,982.82812856
53.03125000,984.00567934
53.06250000,985.18324322
53.09375000,986.36083000
53.12500000,987.53844957
53.15625000,988.71611198
53.18750000,989.89382736
53.21875000,991.07160597
53.25000000,992.24945817
53.28125000,993.42739446
53.31250000,994.60542541
53.34375000,995.78356172
53.37500000,996.96181420
53.40625000,998.14019375
53.43750000,999.31871137
53.46875000,1000.49737818
53.50000000,1001.67620537
53.53125000,1002.85520427
53.56250000,1004.03438625
53.59375000,1005.21376282
53.62500000,1006.39334557
53.65625000,1007.57314615
53.68750000,1008.75317634
53.71875000,1009.93344799
53.75000000,1011.11397302
53.78125000,1012.29476346
53.81250000,1013.47583139
53.84375000,1014.65718899
53.87500000,1015.83884851
53.90625000,1017.02082229
53.93750000,1018.20312271
53.96875000,1019.38576225
54.00000000,1020.56875344
54.03125000,1021.75210890
54.06250000,1022.93584129
54.09375000,1024.11996335
54.12500000,1025.30448788
54.15625000,1026.48942772
54.18750000,1027.67479579
54.21875000,1028.86060507
54.25000000,1030.04686856
54.28125000,1031.23359934
54.31250000,1032.42081053
54.34375000,1033.60851531
54.37500000,1034.79672687
54.40625000,1035.98545848
54.43750000,1037.17472343
54.46875000,1038.36453505
54.50000000,1039.55490673
54.53125000,1040.74585186
54.56250000,1041.93738389
54.59375000,1043.12951627
54.62500000,1044.32226252
54.65625000,1045.51563615
54.68750000,1046.70965071
54.71875000,1047.90431977
54.75000000,1049.09965691
54.78125000,1050.29567576
54.81250000,1051.49238992
54.84375000,1052.68981303
54.87500000,1053.88795875
54.90625000,1055.08684072
54.93750000,1056.28647261
54.96875000,1057.48686809
55.00000000,1058.68804083
55.03125000,1059.89000451
55.06250000,1061.09277278
55.09375000,1062.29635932
55.12500000,1063.50077779
55.15625000,1064.70604184
55.18750000,1065.91216511
55.21875000,1067.11916124
55.25000000,1068.32704383
55.28125000,1069.53582650
55.31250000,1070.74552282
55.34375000,1071.95614634
55.37500000,1073.16771062
55.40625000,1074.38022916
55.43750000,1075.59371545
55.46875000,1076.80818294
55.50000000,1078.02364506
55.53125000,1079.24011520
55.56250000,1080.45760672
55.59375000,1081.67613293
55.62500000,1082.89570712
55.65625000,1084.11634253
55.68750000,1085.33805234
55.71875000,1086.56084971
55.75000000,1087.78474774
55.78125000,1089.00975947
55.81250000,1090.23589791
55.84375000,1091.46317600
55.87500000,1092.69160663
55.90625000,1093.92120262
55.93750000,1095.15197676
55.96875000,1096.38394174
56.00000000,1097.61711022
56.03125000,1098.85149476
56.06250000,1100.08710789
56.09375000,1101.32396204
56.12500000,1102.56206958
56.15625000,1103.80144281
56.18750000,1105.04209394
56.21875000,1106.28403512
56.25000000,1107.52727841
56.28125000,1108.77183579
56.31250000,1110.01771916
56.34375000,1111.26494033
56.37500000,1112.51351102
56.40625000,1113.76344287
56.43750000,1115.01474744
56.46875000,1116.26743617
56.50000000,1117.52152041
56.53125000,1118.77701145
56.56250000,1120.03392043
56.59375000,1121.29225844
56.62500000,1122.55203642
56.65625000,1123.81326525
56.68750000,1125.07595569
56.71875000,1126.34011838
56.75000000,1127.60576386
56.78125000,1128.87290258
56.81250000,1130.14154484
56.84375000,1131.41170088
56.87500000,1132.68338076
56.90625000,1133.95659449
56.93750000,1135.23135191
56.96875000,1136.50766278
57.00000000,1137.78553671
57.03125000,1139.06498320
57.06250000,1140.34601163
57.09375000,1141.62863124
57.12500000,1142.91285117
57.15625000,1144.19868041
57.18750000,1145.48612783
57.21875000,1146.77520215
57.25000000,1148.06591200
57.28125000,1149.35826583
57.31250000,1150.65227198
57.34375000,1151.94793866
57.37500000,1153.24527392
57.40625000,1154.54428569
57.43750000,1155.84498175
57.46875000,1157.14736974
57.50000000,1158.45145717
57.53125000,1159.75725139
57.56250000,1161.06475962
57.59375000,1162.37398891
57.62500000,1163.68494619
57.65625000,1164.99763824
57.68750000,1166.31207167
57.71875000,1167.62825296
57.75000000,1168.94618843
57.78125000,1170.26588424
57.81250000,1171.58734642
57.84375000,1172.91058083
57.87500000,1174.23559317
57.90625000,1175.56238900
57.93750000,1176.89097372
57.96875000,1178.22135255
58.00000000,1179.55353059
58.03125000,1180.88751275
58.06250000,1182.22330380
58.09375000,1183.56090833
58.12500000,1184.90033078
58.15625000,1186.24157543
58.18750000,1187.58464640
58.21875000,1188.92954763
58.25000000,1190.27628292
58.28125000,1191.62485588
58.31250000,1192.97526998
58.34375000,1194.32752851
58.37500000,1195.68163458
58.40625000,1197.03759117
58.43750000,1198.39540106
58.46875000,1199.75506689
58.50000000,1201.11659109
58.53125000,1202.47997598
58.56250000,1203.84522365
58.59375000,1205.21233608
58.62500000,1206.58131503
58.65625000,1207.95216212
58.68750000,1209.32487879
58.71875000,1210.69946632
58.75000000,1212.07592580
58.78125000,1213.45425818
58.81250000,1214.83446420
58.84375000,1216.21654446
58.87500000,1217.60049938
58.90625000,1218.98632920
58.93750000,1220.37403402
58.96875000,1221.76361372
59.00000000,1223.15506806
59.03125000,1224.54839658
59.06250000,1225.94359870
59.09375000,1227.34067363
59.12500000,1228.73962042
59.15625000,1230.14043796
59.18750000,1231.54312497
59.21875000,1232.94767997
59.25000000,1234.35410135
59.28125000,1235.76238732
59.31250000,1237.17253589
59.34375000,1238.58454494
59.37500000,1239.99841217
59.40625000,1241.41413510
59.43750000,1242.83171110
59.46875000,1244.25113735
59.50000000,1245.67241088
59.53125000,1247.09552855
59.56250000,1248.52048706
59.59375000,1249.94728293
59.62500000,1251.37591252
59.65625000,1252.80637203
59.68750000,1254.23865750
59.71875000,1255.67276480
59.75000000,1257.10868963
59.78125000,1258.54642754
59.81250000,1259.98597392
59.84375000,1261.42732400
59.87500000,1262.87047283
59.90625000,1264.31541532
59.93750000,1265.76214622
59.96875000,1267.21066013
60.00000000,1268.66095147
60.03125000,1270.11301452
60.06250000,1271.56684341
60.09375000,1273.02243211
60.12500000,1274.47977443
60.15625000,1275.93886404
60.18750000,1277.39969445
60.21875000,1278.86225902
60.25000000,1280.32655098
60.28125000,1281.79256339
60.31250000,1283.26028916
60.34375000,1284.72972108
60.37500000,1286.20085178
60.40625000,1287.67367373
60.43750000,1289.14817930
60.46875000,1290.62436067
60.50000000,1292.10220991
60.53125000,1293.58171896
60.56250000,1295.06287959
60.59375000,1296.54568346
60.62500000,1298.03012209
60.65625000,1299.51618687
60.68750000,1301.00386903
60.71875000,1302.49315971
60.75000000,1303.98404990
60.78125000,1305.47653047
60.81250000,1306.97059214
60.84375000,1308.46622553
60.87500000,1309.96342114
60.90625000,1311.46216933
60.93750000,1312.96246035
60.96875000,1314.46428432
61.00000000,1315.96763126
61.03125000,1317.47249106
61.06250000,1318.97885349
61.09375000,1320.48670824
61.12500000,1321.99604486
61.15625000,1323.50685278
61.18750000,1325.01912136
61.21875000,1326.53283982
61.25000000,1328.04799729
61.28125000,1329.56458280
61.31250000,1331.08258528
61.34375000,1332.60199355
61.37500000,1334.12279633
61.40625000,1335.64498226
61.43750000,1337.16853988
61.46875000,1338.69345763
61.50000000,1340.21972387
61.53125000,1341.74732686
61.56250000,1343.27625479
61.59375000,1344.80649575
61.62500000,1346.33803775
61.65625000,1347.87086872
61.68750000,1349.40497651
61.71875000,1350.94034890
61.75000000,1352.47697359
61.78125000,1354.01483819
61.81250000,1355.55393027
61.84375000,1357.09423731
61.87500000,1358.63574672
61.90625000,1360.17844585
61.93750000,1361.72232198
61.96875000,1363.26736235
62.00000000,1364.81355412
62.03125000,1366.36088438
62.06250000,1367.90934021
62.09375000,1369.45890858
62.12500000,1371.00957644
62.15625000,1372.56133070
62.18750000,1374.11415819
62.21875000,1375.66804573
62.25000000,1377.22298006
62.28125000,1378.77894791
62.31250000,1380.33593595
62.34375000,1381.89393082
62.37500000,1383.45291913
62.40625000,1385.01288746
62.43750000,1386.57382233
62.46875000,1388.13571027
62.50000000,1389.69853775
62.53125000,1391.26229124
62.56250000,1392.82695718
62.59375000,1394.39252198
62.62500000,1395.95897204
62.65625000,1397.52629374
62.68750000,1399.09447346
62.71875000,1400.66349754
62.75000000,1402.23335234
62.78125000,1403.80402420
62.81250000,1405.37549944
62.84375000,1406.94776440
62.87500000,1408.52080540
62.90625000,1410.09460878
62.93750000,1411.66916086
62.96875000,1413.24444799
63.00000000,1414.82045651
63.03125000,1416.39717277
63.06250000,1417.97458313
63.09375000,1419.55267398
63.12500000,1421.13143172
63.15625000,1422.71084274
63.18750000,1424.29089350
63.21875000,1425.87157043
63.25000000,1427.45286002
63.28125000,1429.03474878
63.31250000,1430.61722324
63.34375000,1432.20026996
63.37500000,1433.78387554
63.40625000,1435.36802661
63.43750000,1436.95270984
63.46875000,1438.53791194
63.50000000,1440.12361965
63.53125000,1441.70981977
63.56250000,1443.29649913
63.59375000,1444.88364462
63.62500000,1446.47124317
63.65625000,1448.05928177
63.68750000,1449.64774745
63.71875000,1451.23662730
63.75000000,1452.82590848
63.78125000,1454.41557819
63.81250000,1456.00562371
63.84375000,1457.59603237
63.87500000,1459.18679157
63.90625000,1460.77788878
63.93750000,1462.36931153
63.96875000,1463.96104743
64.00000000,1465.55308416
64.03125000,1467.14540948
64.06250000,1468.73801122
64.09375000,1470.33087729
64.12500000,1471.92399568
64.15625000,1473.51735447
64.18750000,1475.11094182
64.21875000,1476.70474598
64.25000000,1478.29875527
64.28125000,1479.89295812
64.31250000,1481.48734305
64.34375000,1483.08189867
64.37500000,1484.67661367
64.40625000,1486.27147687
64.43750000,1487.86647717
64.46875000,1489.46160356
64.50000000,1491.05684515
64.53125000,1492.65219115
64.56250000,1494.24763088
64.59375000,1495.84315374
64.62500000,1497.43874928
64.65625000,1499.03440713
64.68750000,1500.63011705
64.71875000,1502.22586891
64.75000000,1503.82165268
64.78125000,1505.41745847
64.81250000,1507.01327649
64.84375000,1508.60909709
64.87500000,1510.20491072
64.90625000,1511.80070798
64.93750000,1513.39647955
64.96875000,1514.99221629
65.00000000,1516.58790915
65.03125000,1518.18354923
65.06250000,1519.77912773
65.09375000,1521.37463603
65.12500000,1522.97006559
65.15625000,1524.56540804
65.18750000,1526.16065515
65.21875000,1527.75579879
65.25000000,1529.35083101
65.28125000,1530.94574396
65.31250000,1532.54052997
65.34375000,1534.13518148
65.37500000,1535.72969110
65.40625000,1537.32405155
65.43750000,1538.91825573
65.46875000,1540.51229668
65.50000000,1542.10616756
65.53125000,1543.69986171
65.56250000,1545.29337260
65.59375000,1546.88669387
65.62500000,1548.47981930
65.65625000,1550.07274281
65.68750000,1551.66545849
65.71875000,1553.25796060
65.75000000,1554.85024351
65.78125000,1556.44230179
65.81250000,1558.03413015
65.84375000,1559.62572345
65.87500000,1561.21707672
65.90625000,1562.80818515
65.93750000,1564.39904409
65.96875000,1565.98964903
66.00000000,1567.57999566
66.03125000,1569.17007980
66.06250000,1570.75989746
66.09375000,1572.34944478
66.12500000,1573.93871809
66.15625000,1575.52771388
66.18750000,1577.11642881
66.21875000,1578.70485969
66.25000000,1580.29300350
66.28125000,1581.88085741
66.31250000,1583.46841873
66.34375000,1585.05568495
66.37500000,1586.64265373
66.40625000,1588.22932288
66.43750000,1589.81569041
66.46875000,1591.40175448
66.50000000,1592.98751342
66.53125000,1594.57296573
66.56250000,1596.15811008
66.59375000,1597.74294532
66.62500000,1599.32747045
66.65625000,1600.91168467
66.68750000,1602.49558732
66.71875000,1604.07917793
66.75000000,1605.66245620
66.78125000,1607.24542199
66.81250000,1608.82807533
66.84375000,1610.41041645
66.87500000,1611.99244570
66.90625000,1613.57416366
66.93750000,1615.15557102
66.96875000,1616.73666869
67.00000000,1618.31745773
67.03125000,1619.89793937
67.06250000,1621.47811501
67.09375000,1623.05798622
67.12500000,1624.63755475
67.15625000,1626.21682250
67.18750000,1627.79579155
67.21875000,1629.37446416
67.25000000,1630.95284273
67.28125000,1632.53092986
67.31250000,1634.10872830
67.34375000,1635.68624096
67.37500000,1637.26347094
67.40625000,1638.84042148
67.43750000,1640.41709600
67.46875000,1641.99349809
67.50000000,1643.56963150
67.53125000,1645.14550013
67.56250000,1646.72110807
67.59375000,1648.29645955
67.62500000,1649.87155897
67.65625000,1651.44641089
67.68750000,1653.02102004
67.71875000,1654.59539131
67.75000000,1656.16952972
67.78125000,1657.74344048
67.81250000,1659.31712896
67.84375000,1660.89060066
67.87500000,1662.46386126
67.90625000,1664.03691658
67.93750000,1665.60977260
67.96875000,1667.18243545
68.00000000,1668.75491143
68.03125000,1670.32720697
68.06250000,1671.89932865
68.09375000,1673.47128321
68.12500000,1675.04307753
68.15625000,1676.61471866
68.18750000,1678.18621375
68.21875000,1679.75757015
68.25000000,1681.32879530
68.28125000,1682.89989683
68.31250000,1684.47088248
68.34375000,1686.04176015
68.37500000,1687.61253785
68.40625000,1689.18322377
68.43750000,1690.75382619
68.46875000,1692.32435357
68.50000000,1693.89481447
68.53125000,1695.46521759
68.56250000,1697.03557178
68.59375000,1698.60588600
68.62500000,1700.17616934
68.65625000,1701.74643103
68.68750000,1703.31668040
68.71875000,1704.88692694
68.75000000,1706.45718022
68.78125000,1708.02744997
68.81250000,1709.59774603
68.84375000,1711.16807833
68.87500000,1712.73845695
68.90625000,1714.30889207
68.93750000,1715.87939399
68.96875000,1717.44997311
69.00000000,1719.02063995
69.03125000,1720.59140514
69.06250000,1722.16227940
69.09375000,1723.73327358
69.12500000,1725.30439862
69.15625000,1726.87566556
69.18750000,1728.44708554
69.21875000,1730.01866980
69.25000000,1731.59042968
69.28125000,1733.16237661
69.31250000,1734.73452212
69.34375000,1736.30687781
69.37500000,1737.87945540
69.40625000,1739.45226668
69.43750000,1741.02532351
69.46875000,1742.59863788
69.50000000,1744.17222181
69.53125000,1745.74608743
69.56250000,1747.32024694
69.59375000,1748.89471262
69.62500000,1750.46949682
69.65625000,1752.04461196
69.68750000,1753.62007055
69.71875000,1755.19588513
69.75000000,1756.77206834
69.78125000,1758.34863288
69.81250000,1759.92559149
69.84375000,1761.50295700
69.87500000,1763.08074228
69.90625000,1764.65896026
69.93750000,1766.23762392
69.96875000,1767.81674631
70.00000000,1769.39634052
70.03125000,1770.97641967
70.06250000,1772.55699696
70.09375000,1774.13808561
70.12500000,1775.71969890
70.15625000,1777.30185012
70.18750000,1778.88455263
70.21875000,1780.46781981
70.25000000,1782.05166509
70.28125000,1783.63610190
70.31250000,1785.22114373
70.34375000,1786.80680409
70.37500000,1788.39309650
70.40625000,1789.98003452
70.43750000,1791.56763173
70.46875000,1793.15590173
70.50000000,1794.74485812
70.53125000,1796.33451453
70.56250000,1797.92488461
70.59375000,1799.51598200
70.62500000,1801.10782037
70.65625000,1802.70041337
70.68750000,1804.29377468
70.71875000,1805.88791796
70.75000000,1807.48285690
70.78125000,1809.07860516
70.81250000,1810.67517640
70.84375000,1812.27258428
70.87500000,1813.87084245
70.90625000,1815.46996455
70.93750000,1817.06996421
70.96875000,1818.67085503
71.00000000,1820.27265062
71.03125000,1821.87536454
71.06250000,1823.47901034
71.09375000,1825.08360156
71.12500000,1826.68915170
71.15625000,1828.29567424
71.18750000,1829.90318262
71.21875000,1831.51169025
71.25000000,1833.12121052
71.28125000,1834.73175677
71.31250000,1836.34334230
71.34375000,1837.95598039
71.37500000,1839.56968424
71.40625000,1841.18446705
71.43750000,1842.80034195
71.46875000,1844.41732201
71.50000000,1846.03542027
71.53125000,1847.65464971
71.56250000,1849.27502325
71.59375000,1850.89655377
71.62500000,1852.51925407
71.65625000,1854.14313691
71.68750000,1855.76821496
71.71875000,1857.39450086
71.75000000,1859.02200716
71.78125000,1860.65074633
71.81250000,1862.28073081
71.84375000,1863.91197293
71.87500000,1865.54448496
71.90625000,1867.17827910
71.93750000,1868.81336746
71.96875000,1870.44976207
72.00000000,1872.08747489
72.03125000,1873.72651779
72.06250000,1875.36690254
72.09375000,1877.00864084
72.12500000,1878.65174430
72.15625000,1880.29622444
72.18750000,1881.94209267
72.21875000,1883.58936032
72.25000000,1885.23803862
72.28125000,1886.88813870
72.31250000,1888.53967160
72.34375000,1890.19264824
72.37500000,1891.84707945
72.40625000,1893.50297596
72.43750000,1895.16034837
72.46875000,1896.81920718
72.50000000,1898.47956281
72.53125000,1900.14142553
72.56250000,1901.80480550
72.59375000,1903.46971279
72.62500000,1905.13615734
72.65625000,1906.80414896
72.68750000,1908.47369736
72.71875000,1910.14481211
72.75000000,1911.81750267
72.78125000,1913.49177838
72.81250000,1915.16764845
72.84375000,1916.84512194
72.87500000,1918.52420782
72.90625000,1920.20491491
72.93750000,1921.88725189
72.96875000,1923.57122733
73.00000000,1925.25684965
73.03125000,1926.94412714
73.06250000,1928.63306794
73.09375000,1930.32368009
73.12500000,1932.01597144
73.15625000,1933.70994974
73.18750000,1935.40562258
73.21875000,1937.10299741
73.25000000,1938.80208153
73.28125000,1940.50288212
73.31250000,1942.20540618
73.34375000,1943.90966059
73.37500000,1945.61565206
73.40625000,1947.32338716
73.43750000,1949.03287232
73.46875000,1950.74411381
73.50000000,1952.45711774
73.53125000,1954.17189008
73.56250000,1955.88843663
73.59375000,1957.60676305
73.62500000,1959.32687484
73.65625000,1961.04877734
73.68750000,1962.77247574
73.71875000,1964.49797505
73.75000000,1966.22528014
73.78125000,1967.95439573
73.81250000,1969.68532635
73.84375000,1971.41807638
73.87500000,1973.15265006
73.90625000,1974.88905143
73.93750000,1976.62728440
73.96875000,1978.36735269
74.00000000,1980.10925986
74.03125000,1981.85300933
74.06250000,1983.59860432
74.09375000,1985.34604790
74.12500000,1987.09534298
74.15625000,1988.84649229
74.18750000,1990.59949839
74.21875000,1992.35436369
74.25000000,1994.11109042
74.28125000,1995.86968063
74.31250000,1997.63013622
74.34375000,1999.39245892
74.37500000,2001.15665027
74.40625000,2002.92271166
74.43750000,2004.69064431
74.46875000,2006.46044925
74.50000000,2008.23212737
74.53125000,2010.00567935
74.56250000,2011.78110574
74.59375000,2013.55840689
74.62500000,2015.33758300
74.65625000,2017.11863408
74.68750000,2018.90155998
74.71875000,2020.68636038
74.75000000,2022.47303479
74.78125000,2024.26158253
74.81250000,2026.05200278
74.84375000,2027.84429452
74.87500000,2029.63845659
74.90625000,2031.43448764
74.93750000,2033.23238615
74.96875000,2035.03215043
75.00000000,2036.83377863
75.03125000,2038.63726873
75.06250000,2040.44261853
75.09375000,2042.24982567
75.12500000,2044.05888762
75.15625000,2045.86980169
75.18750000,2047.68256500
75.21875000,2049.49717453
75.25000000,2051.31362708
75.28125000,2053.13191928
75.31250000,2054.95204760
75.34375000,2056.77400836
75.37500000,2058.59779768
75.40625000,2060.42341156
75.43750000,2062.25084580
75.46875000,2064.08009605
75.50000000,2065.91115782
75.53125000,2067.74402642
75.56250000,2069.57869703
75.59375000,2071.41516465
75.62500000,2073.25342414
75.65625000,2075.09347019
75.68750000,2076.93529734
75.71875000,2078.77889997
75.75000000,2080.62427230
75.78125000,2082.47140841
75.81250000,2084.32030220
75.84375000,2086.17094744
75.87500000,2088.02333776
75.90625000,2089.87746660
75.93750000,2091.73332728
75.96875000,2093.59091297
76.00000000,2095.45021668
76.03125000,2097.31123128
76.06250000,2099.17394950
76.09375000,2101.03836391
76.12500000,2102.90446696
76.15625000,2104.77225094
76.18750000,2106.64170801
76.21875000,2108.51283017
76.25000000,2110.38560932
76.28125000,2112.26003719
76.31250000,2114.13610539
76.34375000,2116.01380539
76.37500000,2117.89312852
76.40625000,2119.77406600
76.43750000,2121.65660890
76.46875000,2123.54074817
76.50000000,2125.42647463
76.53125000,2127.31377897
76.56250000,2129.20265176
76.59375000,2131.09308346
76.62500000,2132.98506438
76.65625000,2134.87858474
76.68750000,2136.77363462
76.71875000,2138.67020399
76.75000000,2140.56828271
76.78125000,2142.46786051
76.81250000,2144.36892703
76.84375000,2146.27147178
76.87500000,2148.17548418
76.90625000,2150.08095352
76.93750000,2151.98786901
76.96875000,2153.89621974
77.00000000,2155.80599469
77.03125000,2157.71718276
77.06250000,2159.62977274
77.09375000,2161.54375332
77.12500000,2163.45911311
77.15625000,2165.37584060
77.18750000,2167.29392422
77.21875000,2169.21335228
77.25000000,2171.13411304
77.28125000,2173.05619462
77.31250000,2174.97958511
77.34375000,2176.90427248
77.37500000,2178.83024463
77.40625000,2180.75748940
77.43750000,2182.68599453
77.46875000,2184.61574769
77.50000000,2186.54673648
77.53125000,2188.47894843
77.56250000,2190.41237101
77.59375000,2192.34699159
77.62500000,2194.28279752
77.65625000,2196.21977605
77.68750000,2198.15791439
77.71875000,2200.09719968
77.75000000,2202.03761900
77.78125000,2203.97915940
77.81250000,2205.92180785
77.84375000,2207.86555128
77.87500000,2209.81037656
77.90625000,2211.75627053
77.93750000,2213.70321997
77.96875000,2215.65121164
78.00000000,2217.60023222
78.03125000,2219.55026839
78.06250000,2221.50130677
78.09375000,2223.45333396
78.12500000,2225.40633651
78.15625000,2227.36030097
78.18750000,2229.31521382
78.21875000,2231.27106155
78.25000000,2233.22783062
78.28125000,2235.18550744
78.31250000,2237.14407842
78.34375000,2239.10352998
78.37500000,2241.06384847
78.40625000,2243.02502027
78.43750000,2244.98703172
78.46875000,2246.94986917
78.50000000,2248.91351896
78.53125000,2250.87796742
78.56250000,2252.84320088
78.59375000,2254.80920566
78.62500000,2256.77596810
78.65625000,2258.74347453
78.68750000,2260.71171129
78.71875000,2262.68066472
78.75000000,2264.65032119
78.78125000,2266.62066706
78.81250000,2268.59168872
78.84375000,2270.56337258
78.87500000,2272.53570503
78.90625000,2274.50867254
78.93750000,2276.48226156
78.96875000,2278.45645857
79.00000000,2280.43125010
79.03125000,2282.40662269
79.06250000,2284.38256291
79.09375000,2286.35905737
79.12500000,2288.33609271
79.15625000,2290.31365563
79.18750000,2292.29173283
79.21875000,2294.27031108
79.25000000,2296.24937719
79.28125000,2298.22891801
79.31250000,2300.20892044
79.34375000,2302.18937143
79.37500000,2304.17025799
79.40625000,2306.15156717
79.43750000,2308.13328608
79.46875000,2310.11540190
79.50000000,2312.09790185
79.53125000,2314.08077322
79.56250000,2316.06400338
79.59375000,2318.04757975
79.62500000,2320.03148981
79.65625000,2322.01572113
79.68750000,2324.00026134
79.71875000,2325.98509815
79.75000000,2327.97021933
79.78125000,2329.95561276
79.81250000,2331.94126636
79.84375000,2333.92716816
79.87500000,2335.91330626
79.90625000,2337.89966885
79.93750000,2339.88624420
79.96875000,2341.87302069
80.00000000,2343.85998677
80.03125000,2345.84713098
80.06250000,2347.83444197
80.09375000,2349.82190847
80.12500000,2351.80951932
80.15625000,2353.79726347
80.18750000,2355.78512993
80.21875000,2357.77310786
80.25000000,2359.76118649
80.28125000,2361.74935518
80.31250000,2363.73760339
80.34375000,2365.72592069
80.37500000,2367.71429675
80.40625000,2369.70272136
80.43750000,2371.69118444
80.46875000,2373.67967601
80.50000000,2375.66818620
80.53125000,2377.65670528
80.56250000,2379.64522363
80.59375000,2381.63373175
80.62500000,2383.62222026
80.65625000,2385.61067993
80.68750000,2387.59910162
80.71875000,2389.58747634
80.75000000,2391.57579523
80.78125000,2393.56404955
80.81250000,2395.55223070
80.84375000,2397.54033022
80.87500000,2399.52833977
80.90625000,2401.51625115
80.93750000,2403.50405631
80.96875000,2405.49174732
81.00000000,2407.47931640
81.03125000,2409.46675591
81.06250000,2411.45405835
81.09375000,2413.44121638
81.12500000,2415.42822277
81.15625000,2417.41507047
81.18750000,2419.40175255
81.21875000,2421.38826226
81.25000000,2423.37459296
81.28125000,2425.36073820
81.31250000,2427.34669164
81.34375000,2429.33244713
81.37500000,2431.31799865
81.40625000,2433.30334034
81.43750000,2435.28846649
81.46875000,2437.27337156
81.50000000,2439.25805014
81.53125000,2441.24249702
81.56250000,2443.22670710
81.59375000,2445.21067548
81.62500000,2447.19439739
81.65625000,2449.17786823
81.68750000,2451.16108358
81.71875000,2453.14403915
81.75000000,2455.12673083
81.78125000,2457.10915468
81.81250000,2459.09130691
81.84375000,2461.07318390
81.87500000,2463.05478219
81.90625000,2465.03609850
81.93750000,2467.01712971
81.96875000,2468.99787285
82.00000000,2470.97832514
82.03125000,2472.95848396
82.06250000,2474.93834684
82.09375000,2476.91791152
82.12500000,2478.89717586
82.15625000,2480.87613792
82.18750000,2482.85479593
82.21875000,2484.83314827
82.25000000,2486.81119350
82.28125000,2488.78893036
82.31250000,2490.76635774
82.34375000,2492.74347472
82.37500000,2494.72028054
82.40625000,2496.69677461
82.43750000,2498.67295652
82.46875000,2500.64882601
82.50000000,2502.62438302
82.53125000,2504.59962764
82.56250000,2506.57456014
82.59375000,2508.54918095
82.62500000,2510.52349069
82.65625000,2512.49749013
82.68750000,2514.47118022
82.71875000,2516.44456209
82.75000000,2518.41763702
82.78125000,2520.39040647
82.81250000,2522.36287208
82.84375000,2524.33503564
82.87500000,2526.30689913
82.90625000,2528.27846467
82.93750000,2530.24973459
82.96875000,2532.22071134
83.00000000,2534.19139759
83.03125000,2536.16179612
83.06250000,2538.13190993
83.09375000,2540.10174216
83.12500000,2542.07129611
83.15625000,2544.04057527
83.18750000,2546.00958327
83.21875000,2547.97832391
83.25000000,2549.94680117
83.28125000,2551.91501918
83.31250000,2553.88298223
83.34375000,2555.85069478
83.37500000,2557.81816144
83.40625000,2559.78538700
83.43750000,2561.75237640
83.46875000,2563.71913472
83.50000000,2565.68566722
83.53125000,2567.65197932
83.56250000,2569.61807659
83.59375000,2571.58396474
83.62500000,2573.54964967
83.65625000,2575.51513739
83.68750000,2577.48043411
83.71875000,2579.44554615
83.75000000,2581.41048000
83.78125000,2583.37524231
83.81250000,2585.33983986
83.84375000,2587.30427958
83.87500000,2589.26856856
83.90625000,2591.23271403
83.93750000,2593.19672335
83.96875000,2595.16060405
84.00000000,2597.12436378
84.03125000,2599.08801034
84.06250000,2601.05155167
84.09375000,2603.01499584
84.12500000,2604.97835107
84.15625000,2606.94162572
84.18750000,2608.90482825
84.21875000,2610.86796730
84.25000000,2612.83105161
84.28125000,2614.79409007
84.31250000,2616.75709167
84.34375000,2618.72006557
84.37500000,2620.68302103
84.40625000,2622.64596743
84.43750000,2624.60891428
84.46875000,2626.57187123
84.50000000,2628.53484802
84.53125000,2630.49785454
84.56250000,2632.46090077
84.59375000,2634.42399682
84.62500000,2636.38715291
84.65625000,2638.35037937
84.68750000,2640.31368666
84.71875000,2642.27708532
84.75000000,2644.24058602
84.78125000,2646.20419953
84.81250000,2648.16793673
84.84375000,2650.13180857
84.87500000,2652.09582616
84.90625000,2654.06000065
84.93750000,2656.02434332
84.96875000,2657.98886555
85.00000000,2659.95357880
85.03125000,2661.91849462
85.06250000,2663.88362466
85.09375000,2665.84898066
85.12500000,2667.81457443
85.15625000,2669.78041789
85.18750000,2671.74652301
85.21875000,2673.71290188
85.25000000,2675.67956665
85.28125000,2677.64652953
85.31250000,2679.61380284
85.34375000,2681.58139895
85.37500000,2683.54933031
85.40625000,2685.51760943
85.43750000,2687.48624890
85.46875000,2689.45526138
85.50000000,2691.42465958
85.53125000,2693.39445628
85.56250000,2695.36466430
85.59375000,2697.33529656
85.62500000,2699.30636599
85.65625000,2701.27788560
85.68750000,2703.24986845
85.71875000,2705.22232764
85.75000000,2707.19527633
85.78125000,2709.16872771
85.81250000,2711.14269503
85.84375000,2713.11719158
85.87500000,2715.09223066
85.90625000,2717.06782565
85.93750000,2719.04398994
85.96875000,2721.02073696
86.00000000,2722.99808017
86.03125000,2724.97603305
86.06250000,2726.95460913
86.09375000,2728.93382194
86.12500000,2730.91368504
86.15625000,2732.89421203
86.18750000,2734.87541649
86.21875000,2736.85731205
86.25000000,2738.83991235
86.28125000,2740.82323101
86.31250000,2742.80728171
86.34375000,2744.79207809
86.37500000,2746.77763383
86.40625000,2748.76396260
86.43750000,2750.75107806
86.46875000,2752.73899389
86.50000000,2754.72772376
86.53125000,2756.71728132
86.56250000,2758.70768024
86.59375000,2760.69893416
86.62500000,2762.69105672
86.65625000,2764.68406153
86.68750000,2766.67796220
86.71875000,2768.67277232
86.75000000,2770.66850545
86.78125000,2772.66517515
86.81250000,2774.66279492
86.84375000,2776.66137827
86.87500000,2778.66093866
86.90625000,2780.66148952
86.93750000,2782.66304426
86.96875000,2784.66561625
87.00000000,2786.66921881
87.03125000,2788.67386525
87.06250000,2790.67956880
87.09375000,2792.68634268
87.12500000,2794.69420005
87.15625000,2796.70315403
87.18750000,2798.71321767
87.21875000,2800.72440401
87.25000000,2802.73672599
87.28125000,2804.75019652
87.31250000,2806.76482846
87.34375000,2808.78063458
87.37500000,2810.79762763
87.40625000,2812.81582026
87.43750000,2814.83522508
87.46875000,2816.85585461
87.50000000,2818.87772131
87.53125000,2820.90083759
87.56250000,2822.92521575
87.59375000,2824.95086804
87.62500000,2826.97780663
87.65625000,2829.00604360
87.68750000,2831.03559096
87.71875000,2833.06646063
87.75000000,2835.09866446
87.78125000,2837.13221419
87.81250000,2839.16712149
87.84375000,2841.20339793
87.87500000,2843.24105499
87.90625000,2845.28010408
87.93750000,2847.32055647
87.96875000,2849.36242336
88.00000000,2851.40571586
88.03125000,2853.45044495
88.06250000,2855.49662154
88.09375000,2857.54425641
88.12500000,2859.59336024
88.15625000,2861.64394362
88.18750000,2863.69601702
88.21875000,2865.74959078
88.25000000,2867.80467515
88.28125000,2869.86128027
88.31250000,2871.91941615
88.34375000,2873.97909269
88.37500000,2876.04031966
88.40625000,2878.10310673
88.43750000,2880.16746343
88.46875000,2882.23339918
88.50000000,2884.30092327
88.53125000,2886.37004486
88.56250000,2888.44077299
88.59375000,2890.51311656
88.62500000,2892.58708435
88.65625000,2894.66268501
88.68750000,2896.73992705
88.71875000,2898.81881884
88.75000000,2900.89936864
88.78125000,2902.98158453
88.81250000,2905.06547449
88.84375000,2907.15104636
88.87500000,2909.23830780
88.90625000,2911.32726637
88.93750000,2913.41792947
88.96875000,2915.51030436
89.00000000,2917.60439814
89.03125000,2919.70021779
89.06250000,2921.79777011
89.09375000,2923.89706179
89.12500000,2925.99809934
89.15625000,2928.10088912
89.18750000,2930.20543736
89.21875000,2932.31175011
89.25000000,2934.41983330
89.28125000,2936.52969267
89.31250000,2938.64133382
89.34375000,2940.75476221
89.37500000,2942.86998311
89.40625000,2944.98700166
89.43750000,2947.10582282
89.46875000,2949.22645141
89.50000000,2951.34889208
89.53125000,2953.47314931
89.56250000,2955.59922743
89.59375000,2957.72713062
89.62500000,2959.85686286
89.65625000,2961.98842800
89.68750000,2964.12182972
89.71875000,2966.25707151
89.75000000,2968.39415673
89.78125000,2970.53308856
89.81250000,2972.67386999
89.84375000,2974.81650389
89.87500000,2976.96099292
89.90625000,2979.10733959
89.93750000,2981.25554624
89.96875000,2983.40561505
90.00000000,2985.55754803
90.03125000,2987.71134699
90.06250000,2989.86701362
90.09375000,2992.02454939
90.12500000,2994.18395565
90.15625000,2996.34523354
90.18750000,2998.50838405
90.21875000,3000.67340799
90.25000000,3002.84030600
90.28125000,3005.00907856
90.31250000,3007.17972597
90.34375000,3009.35224836
90.37500000,3011.52664569
90.40625000,3013.70291775
90.43750000,3015.88106416
90.46875000,3018.06108436
90.50000000,3020.24297763
90.53125000,3022.42674307
90.56250000,3024.61237963
90.59375000,3026.79988607
90.62500000,3028.98926098
90.65625000,3031.18050279
90.68750000,3033.37360975
90.71875000,3035.56857995
90.75000000,3037.76541131
90.78125000,3039.96410158
90.81250000,3042.16464833
90.84375000,3044.36704898
90.87500000,3046.57130078
90.90625000,3048.77740079
90.93750000,3050.98534593
90.96875000,3053.19513295
91.00000000,3055.40675843
91.03125000,3057.62021877
91.06250000,3059.83551023
91.09375000,3062.05262889
91.12500000,3064.27157067
91.15625000,3066.49233134
91.18750000,3068.71490648
91.21875000,3070.93929154
91.25000000,3073.16548179
91.28125000,3075.39347233
91.31250000,3077.62325814
91.34375000,3079.85483399
91.37500000,3082.08819454
91.40625000,3084.32333427
91.43750000,3086.56024750
91.46875000,3088.79892840
91.50000000,3091.03937099
91.53125000,3093.28156914
91.56250000,3095.52551655
91.59375000,3097.77120679
91.62500000,3100.01863326
91.65625000,3102.26778924
91.68750000,3104.51866782
91.71875000,3106.77126198
91.75000000,3109.02556454
91.78125000,3111.28156817
91.81250000,3113.53926540
91.84375000,3115.79864863
91.87500000,3118.05971009
91.90625000,3120.32244190
91.93750000,3122.58683603
91.96875000,3124.85288430
92.00000000,3127.12057841
92.03125000,3129.38990991
92.06250000,3131.66087024
92.09375000,3133.93345069
92.12500000,3136.20764242
92.15625000,3138.48343646
92.18750000,3140.76082371
92.21875000,3143.03979495
92.25000000,3145.32034084
92.28125000,3147.60245190
92.31250000,3149.88611853
92.34375000,3152.17133102
92.37500000,3154.45807954
92.40625000,3156.74635413
92.43750000,3159.03614473
92.46875000,3161.32744114
92.50000000,3163.62023307
92.53125000,3165.91451011
92.56250000,3168.21026174
92.59375000,3170.50747734
92.62500000,3172.80614616
92.65625000,3175.10625738
92.68750000,3177.40780004
92.71875000,3179.71076311
92.75000000,3182.01513544
92.78125000,3184.32090578
92.81250000,3186.62806281
92.84375000,3188.93659508
92.87500000,3191.24649107
92.90625000,3193.55773916
92.93750000,3195.87032765
92.96875000,3198.18424475
93.00000000,3200.49947857
93.03125000,3202.81601715
93.06250000,3205.13384845
93.09375000,3207.45296035
93.12500000,3209.77334063
93.15625000,3212.09497703
93.18750000,3214.41785718
93.21875000,3216.74196867
93.25000000,3219.06729901
93.28125000,3221.39383561
93.31250000,3223.72156586
93.34375000,3226.05047707
93.37500000,3228.38055647
93.40625000,3230.71179124
93.43750000,3233.04416852
93.46875000,3235.37767536
93.50000000,3237.71229879
93.53125000,3240.04802576
93.56250000,3242.38484318
93.59375000,3244.72273792
93.62500000,3247.06169679
93.65625000,3249.40170656
93.68750000,3251.74275397
93.71875000,3254.08482570
93.75000000,3256.42790840
93.78125000,3258.77198869
93.81250000,3261.11705316
93.84375000,3263.46308834
93.87500000,3265.81008077
93.90625000,3268.15801693
93.93750000,3270.50688330
93.96875000,3272.85666631
94.00000000,3275.20735240
94.03125000,3277.55892796
94.06250000,3279.91137938
94.09375000,3282.26469303
94.12500000,3284.61885528
94.15625000,3286.97385247
94.18750000,3289.32967095
94.21875000,3291.68629705
94.25000000,3294.04371710
94.28125000,3296.40191742
94.31250000,3298.76088436
94.34375000,3301.12060423
94.37500000,3303.48106337
94.40625000,3305.84224814
94.43750000,3308.20414486
94.46875000,3310.56673992
94.50000000,3312.93001968
94.53125000,3315.29397053
94.56250000,3317.65857888
94.59375000,3320.02383115
94.62500000,3322.38971380
94.65625000,3324.75621329
94.68750000,3327.12331612
94.71875000,3329.49100882
94.75000000,3331.85927794
94.78125000,3334.22811006
94.81250000,3336.59749181
94.84375000,3338.96740984
94.87500000,3341.33785085
94.90625000,3343.70880158
94.93750000,3346.08024880
94.96875000,3348.45217933
95.00000000,3350.82458005
95.03125000,3353.19743787
95.06250000,3355.57073976
95.09375000,3357.94447273
95.12500000,3360.31862388
95.15625000,3362.69318032
95.18750000,3365.06812925
95.21875000,3367.44345792
95.25000000,3369.81915365
95.28125000,3372.19520381
95.31250000,3374.57159585
95.34375000,3376.94831729
95.37500000,3379.32535571
95.40625000,3381.70269876
95.43750000,3384.08033419
95.46875000,3386.45824979
95.50000000,3388.83643346
95.53125000,3391.21487317
95.56250000,3393.59355695
95.59375000,3395.97247295
95.62500000,3398.35160939
95.65625000,3400.73095456
95.68750000,3403.11049687
95.71875000,3405.49022481
95.75000000,3407.87012695
95.78125000,3410.25019196
95.81250000,3412.63040863
95.84375000,3415.01076582
95.87500000,3417.39125250
95.90625000,3419.77185774
95.93750000,3422.15257072
95.96875000,3424.53338072
96.00000000,3426.91427713
96.03125000,3429.29524944
96.06250000,3431.67628726
96.09375000,3434.05738031
96.12500000,3436.43851842
96.15625000,3438.81969154
96.18750000,3441.20088972
96.21875000,3443.58210316
96.25000000,3445.96332215
96.28125000,3448.34453712
96.31250000,3450.72573860
96.34375000,3453.10691728
96.37500000,3455.48806394
96.40625000,3457.86916951
96.43750000,3460.25022504
96.46875000,3462.63122170
96.50000000,3465.01215081
96.53125000,3467.39300382
96.56250000,3469.77377230
96.59375000,3472.15444797
96.62500000,3474.53502267
96.65625000,3476.91548839
96.68750000,3479.29583727
96.71875000,3481.67606156
96.75000000,3484.05615368
96.78125000,3486.43610618
96.81250000,3488.81591176
96.84375000,3491.19556324
96.87500000,3493.57505363
96.90625000,3495.95437606
96.93750000,3498.33352380
96.96875000,3500.71249029
97.00000000,3503.09126911
97.03125000,3505.46985400
97.06250000,3507.84823883
97.09375000,3510.22641766
97.12500000,3512.60438467
97.15625000,3514.98213421
97.18750000,3517.35966078
97.21875000,3519.73695905
97.25000000,3522.11402384
97.28125000,3524.49085012
97.31250000,3526.86743304
97.34375000,3529.24376788
97.37500000,3531.61985011
97.40625000,3533.99567534
97.43750000,3536.37123936
97.46875000,3538.74653811
97.50000000,3541.12156770
97.53125000,3543.49632441
97.56250000,3545.87080466
97.59375000,3548.24500507
97.62500000,3550.61892240
97.65625000,3552.99255358
97.68750000,3555.36589571
97.71875000,3557.73894607
97.75000000,3560.11170209
97.78125000,3562.48416137
97.81250000,3564.85632169
97.84375000,3567.22818099
97.87500000,3569.59973737
97.90625000,3571.97098913
97.93750000,3574.34193470
97.96875000,3576.71257270
98.00000000,3579.08290193
98.03125000,3581.45292135
98.06250000,3583.82263008
98.09375000,3586.19202743
98.12500000,3588.56111287
98.15625000,3590.92988604
98.18750000,3593.29834676
98.21875000,3595.66649500
98.25000000,3598.03433093
98.28125000,3600.40185486
98.31250000,3602.76906730
98.34375000,3605.13596892
98.37500000,3607.50256054
98.40625000,3609.86884319
98.43750000,3612.23481804
98.46875000,3614.60048643
98.50000000,3616.96584990
98.53125000,3619.33091012
98.56250000,3621.69566895
98.59375000,3624.06012842
98.62500000,3626.42429074
98.65625000,3628.78815826
98.68750000,3631.15173351
98.71875000,3633.51501920
98.75000000,3635.87801819
98.78125000,3638.24073352
98.81250000,3640.60316840
98.84375000,3642.96532618
98.87500000,3645.32721040
98.90625000,3647.68882475
98.93750000,3650.05017311
98.96875000,3652.41125949
99.00000000,3654.77208808
99.03125000,3657.13266323
99.06250000,3659.49298946
99.09375000,3661.85307143
99.12500000,3664.21291399
99.15625000,3666.57252212
99.18750000,3668.93190097
99.21875000,3671.29105586
99.25000000,3673.64999225
99.28125000,3676.00871576
99.31250000,3678.36723218
99.34375000,3680.72554743
99.37500000,3683.08366760
99.40625000,3685.44159892
99.43750000,3687.79934780
99.46875000,3690.15692076
99.50000000,3692.51432451
99.53125000,3694.87156587
99.56250000,3697.22865183
99.59375000,3699.58558953
99.62500000,3701.94238625
99.65625000,3704.29904940
99.68750000,3706.65558655
99.71875000,3709.01200541
99.75000000,3711.36831383
99.78125000,3713.72451978
99.81250000,3716.08063140
99.84375000,3718.43665694
99.87500000,3720.79260481
99.90625000,3723.14848354
99.93750000,3725.50430178
99.96875000,3727.86006833
100.00000000,3730.21579212
100.03125000,3732.57148221
100.06250000,3734.92714777
100.09375000,3737.28279811
100.12500000,3739.63844267
100.15625000,3741.99409100
100.18750000,3744.34975277
100.21875000,3746.70543778
100.25000000,3749.06115595
100.28125000,3751.41691731
100.31250000,3753.77273200
100.34375000,3756.12861029
100.37500000,3758.48456255
100.40625000,3760.84059926
100.43750000,3763.19673102
100.46875000,3765.55296852
100.50000000,3767.90932257
100.53125000,3770.26580408
100.56250000,3772.62242405
100.59375000,3774.97919361
100.62500000,3777.33612396
100.65625000,3779.69322640
100.68750000,3782.05051235
100.71875000,3784.40799329
100.75000000,3786.76568082
100.78125000,3789.12358660
100.81250000,3791.48172242
100.84375000,3793.84010010
100.87500000,3796.19873160
100.90625000,3798.55762893
100.93750000,3800.91680419
100.96875000,3803.27626955
101.00000000,3805.63603728
101.03125000,3807.99611969
101.06250000,3810.35652919
101.09375000,3812.71727825
101.12500000,3815.07837941
101.15625000,3817.43984529
101.18750000,3819.80168855
101.21875000,3822.16392193
101.25000000,3824.52655824
101.28125000,3826.88961032
101.31250000,3829.25309109
101.34375000,3831.61701352
101.37500000,3833.98139064
101.40625000,3836.34623551
101.43750000,3838.71156125
101.46875000,3841.07738105
101.50000000,3843.44370810
101.53125000,3845.81055568
101.56250000,3848.17793706
101.59375000,3850.54586560
101.62500000,3852.91435467
101.65625000,3855.28341766
101.68750000,3857.65306803
101.71875000,3860.02331924
101.75000000,3862.39418479
101.78125000,3864.76567820
101.81250000,3867.13781302
101.84375000,3869.51060283
101.87500000,3871.88406121
101.90625000,3874.25820176
101.93750000,3876.63303812
101.96875000,3879.00858392
102.00000000,3881.38485280
102.03125000,3883.76185843
102.06250000,3886.13961446
102.09375000,3888.51813456
102.12500000,3890.89743241
102.15625000,3893.27752168
102.18750000,3895.65841603
102.21875000,3898.04012914
102.25000000,3900.42267466
102.28125000,3902.80606625
102.31250000,3905.19031754
102.34375000,3907.57544217
102.37500000,3909.96145376
102.40625000,3912.34836589
102.43750000,3914.73619216
102.46875000,3917.12494613
102.50000000,3919.51464132
102.53125000,3921.90529125
102.56250000,3924.29690941
102.59375000,3926.68950925
102.62500000,3929.08310420
102.65625000,3931.47770764
102.68750000,3933.87333294
102.71875000,3936.26999340
102.75000000,3938.66770231
102.78125000,3941.06647291
102.81250000,3943.46631838
102.84375000,3945.86725187
102.87500000,3948.26928649
102.90625000,3950.67243527
102.93750000,3953.07671122
102.96875000,3955.48212728
103.00000000,3957.88869633
103.03125000,3960.29643121
103.06250000,3962.70534468
103.09375000,3965.11544945
103.12500000,3967.52675816
103.15625000,3969.93928338
103.18750000,3972.35303763
103.21875000,3974.76803334
103.25000000,3977.18428288
103.28125000,3979.60179855
103.31250000,3982.02059255
103.34375000,3984.44067702
103.37500000,3986.86206404
103.40625000,3989.28476557
103.43750000,3991.70879350
103.46875000,3994.13415966
103.50000000,3996.56087576
103.53125000,3998.98895343
103.56250000,4001.41840421
103.59375000,4003.84923957
103.62500000,4006.28147085
103.65625000,4008.71510931
103.68750000,4011.15016612
103.71875000,4013.58665234
103.75000000,4016.02457893
103.78125000,4018.46395675
103.81250000,4020.90479655
103.84375000,4023.34710898
103.87500000,4025.79090458
103.90625000,4028.23619378
103.93750000,4030.68298690
103.96875000,4033.13129414
104.00000000,4035.58112559
104.03125000,4038.03249124
104.06250000,4040.48540093
104.09375000,4042.93986440
104.12500000,4045.39589128
104.15625000,4047.85349106
104.18750000,4050.31267310
104.21875000,4052.77344666
104.25000000,4055.23582086
104.28125000,4057.69980468
104.31250000,4060.16540699
104.34375000,4062.63263652
104.37500000,4065.10150187
104.40625000,4067.57201150
104.43750000,4070.04417375
104.46875000,4072.51799681
104.50000000,4074.99348875
104.53125000,4077.47065746
104.56250000,4079.94951075
104.59375000,4082.43005623
104.62500000,4084.91230142
104.65625000,4087.39625365
104.68750000,4089.88192014
104.71875000,4092.36930796
104.75000000,4094.85842400
104.78125000,4097.34927504
104.81250000,4099.84186770
104.84375000,4102.33620845
104.87500000,4104.83230359
104.90625000,4107.33015930
104.93750000,4109.82978159
104.96875000,4112.33117631
105.00000000,4114.83434916
105.03125000,4117.33930570
105.06250000,4119.84605131
105.09375000,4122.35459123
105.12500000,4124.86493052
105.15625000,4127.37707411
105.18750000,4129.89102675
105.21875000,4132.40679303
105.25000000,4134.92437739
105.28125000,4137.44378410
105.31250000,4139.96501727
105.34375000,4142.48808084
105.37500000,4145.01297860
105.40625000,4147.53971416
105.43750000,4150.06829097
105.46875000,4152.59871232
105.50000000,4155.13098134
105.53125000,4157.66510096
105.56250000,4160.20107399
105.59375000,4162.73890304
105.62500000,4165.27859056
105.65625000,4167.82013883
105.68750000,4170.36354997
105.71875000,4172.90882592
105.75000000,4175.45596845
105.78125000,4178.00497919
105.81250000,4180.55585955
105.84375000,4183.10861081
105.87500000,4185.66323406
105.90625000,4188.21973023
105.93750000,4190.77810007
105.96875000,4193.33834417
106.00000000,4195.90046294
106.03125000,4198.46445662
106.06250000,4201.03032529
106.09375000,4203.59806884
106.12500000,4206.16768701
106.15625000,4208.73917936
106.18750000,4211.31254527
106.21875000,4213.88778396
106.25000000,4216.46489448
106.28125000,4219.04387570
106.31250000,4221.62472634
106.34375000,4224.20744493
106.37500000,4226.79202983
106.40625000,4229.37847924
106.43750000,4231.96679119
106.46875000,4234.55696355
106.50000000,4237.14899399
106.53125000,4239.74288004
106.56250000,4242.33861907
106.59375000,4244.93620824
106.62500000,4247.53564459
106.65625000,4250.13692496
106.68750000,4252.74004605
106.71875000,4255.34500437
106.75000000,4257.95179628
106.78125000,4260.56041798
106.81250000,4263.17086549
106.84375000,4265.78313467
106.87500000,4268.39722124
106.90625000,4271.01312073
106.93750000,4273.63082851
106.96875000,4276.25033982
107.00000000,4278.87164970
107.03125000,4281.49475307
107.06250000,4284.11964465
107.09375000,4286.74631905
107.12500000,4289.37477067
107.15625000,4292.00499381
107.18750000,4294.63698256
107.21875000,4297.27073091
107.25000000,4299.90623266
107.28125000,4302.54348147
107.31250000,4305.18247085
107.34375000,4307.82319416
107.37500000,4310.46564460
107.40625000,4313.10981525
107.43750000,4315.75569901
107.46875000,4318.40328865
107.50000000,4321.05257680
107.53125000,4323.70355595
107.56250000,4326.35621842
107.59375000,4329.01055643
107.62500000,4331.66656203
107.65625000,4334.32422713
107.68750000,4336.98354353
107.71875000,4339.64450287
107.75000000,4342.30709667
107.78125000,4344.97131630
107.81250000,4347.63715300
107.84375000,4350.30459791
107.87500000,4352.97364200
107.90625000,4355.64427614
107.93750000,4358.31649106
107.96875000,4360.99027736
108.00000000,4363.66562554
108.03125000,4366.34252595
108.06250000,4369.02096884
108.09375000,4371.70094434
108.12500000,4374.38244244
108.15625000,4377.06545304
108.18750000,4379.74996592
108.21875000,4382.43597074
108.25000000,4385.12345705
108.28125000,4387.81241429
108.31250000,4390.50283181
108.34375000,4393.19469882
108.37500000,4395.88800446
108.40625000,4398.58273775
108.43750000,4401.27888761
108.46875000,4403.97644285
108.50000000,4406.67539221
108.53125000,4409.37572432
108.56250000,4412.07742770
108.59375000,4414.78049080
108.62500000,4417.48490198
108.65625000,4420.19064949
108.68750000,4422.89772151
108.71875000,4425.60610614
108.75000000,4428.31579139
108.78125000,4431.02676517
108.81250000,4433.73901535
108.84375000,4436.45252969
108.87500000,4439.16729588
108.90625000,4441.88330155
108.93750000,4444.60053425
108.96875000,4447.31898147
109.00000000,4450.03863060
109.03125000,4452.75946901
109.06250000,4455.48148397
109.09375000,4458.20466271
109.12500000,4460.92899239
109.15625000,4463.65446011
109.18750000,4466.38105292
109.21875000,4469.10875783
109.25000000,4471.83756176
109.28125000,4474.56745161
109.31250000,4477.29841424
109.34375000,4480.03043643
109.37500000,4482.76350495
109.40625000,4485.49760652
109.43750000,4488.23272780
109.46875000,4490.96885545
109.50000000,4493.70597605
109.53125000,4496.44407619
109.56250000,4499.18314239
109.59375000,4501.92316118
109.62500000,4504.66411904
109.65625000,4507.40600243
109.68750000,4510.14879778
109.71875000,4512.89249150
109.75000000,4515.63707001
109.78125000,4518.38251967
109.81250000,4521.12882687
109.84375000,4523.87597794
109.87500000,4526.62395925
109.90625000,4529.37275713
109.93750000,4532.12235790
109.96875000,4534.87274791
110.00000000,4537.62391348
110.03125000,4540.37584093
110.06250000,4543.12851661
110.09375000,4545.88192684
110.12500000,4548.63605798
110.15625000,4551.39089638
110.18750000,4554.14642840
110.21875000,4556.90264042
110.25000000,4559.65951884
110.28125000,4562.41705007
110.31250000,4565.17522055
110.34375000,4567.93401672
110.37500000,4570.69342508
110.40625000,4573.45343212
110.43750000,4576.21402438
110.46875000,4578.97518843
110.50000000,4581.73691086
110.53125000,4584.49917831
110.56250000,4587.26197745
110.59375000,4590.02529498
110.62500000,4592.78911766
110.65625000,4595.55343227
110.68750000,4598.31822567
110.71875000,4601.08348472
110.75000000,4603.84919637
110.78125000,4606.61534761
110.81250000,4609.38192547
110.84375000,4612.14891704
110.87500000,4614.91630949
110.90625000,4617.68409001
110.93750000,4620.45224590
110.96875000,4623.22076447
111.00000000,4625.98963314
111.03125000,4628.75883937
111.06250000,4631.52837070
111.09375000,4634.29821474
111.12500000,4637.06835918
111.15625000,4639.83879177
111.18750000,4642.60950036
111.21875000,4645.38047284
111.25000000,4648.15169722
111.28125000,4650.92316158
111.31250000,4653.69485408
111.34375000,4656.46676297
111.37500000,4659.23887658
111.40625000,4662.01118334
111.43750000,4664.78367177
111.46875000,4667.55633049
111.50000000,4670.32914820
111.53125000,4673.10211370
111.56250000,4675.87521591
111.59375000,4678.64844383
111.62500000,4681.42178656
111.65625000,4684.19523332
111.68750000,4686.96877342
111.71875000,4689.74239629
111.75000000,4692.51609146
111.78125000,4695.28984858
111.81250000,4698.06365741
111.84375000,4700.83750781
111.87500000,4703.61138978
111.90625000,4706.38529342
111.93750000,4709.15920894
111.96875000,4711.93312670
112.00000000,4714.70703716
112.03125000,4717.48093091
112.06250000,4720.25479865
112.09375000,4723.02863123
112.12500000,4725.80241961
112.15625000,4728.57615489
112.18750000,4731.34982829
112.21875000,4734.12343118
112.25000000,4736.89695504
112.28125000,4739.67039149
112.31250000,4742.44373230
112.34375000,4745.21696937
112.37500000,4747.99009472
112.40625000,4750.76310054
112.43750000,4753.53597915
112.46875000,4756.30872299
112.50000000,4759.08132467
112.53125000,4761.85377694
112.56250000,4764.62607269
112.59375000,4767.39820495
112.62500000,4770.17016691
112.65625000,4772.94195191
112.68750000,4775.71355342
112.71875000,4778.48496508
112.75000000,4781.25618068
112.78125000,4784.02719416
112.81250000,4786.79799960
112.84375000,4789.56859125
112.87500000,4792.33896352
112.90625000,4795.10911097
112.93750000,4797.87902831
112.96875000,4800.64871041
113.00000000,4803.41815231
113.03125000,4806.18734920
113.06250000,4808.95629643
113.09375000,4811.72498952
113.12500000,4814.49342414
113.15625000,4817.26159613
113.18750000,4820.02950149
113.21875000,4822.79713638
113.25000000,4825.56449714
113.28125000,4828.33158025
113.31250000,4831.09838239
113.34375000,4833.86490036
113.37500000,4836.63113117
113.40625000,4839.39707198
113.43750000,4842.16272010
113.46875000,4844.92807304
113.50000000,4847.69312845
113.53125000,4850.45788417
113.56250000,4853.22233819
113.59375000,4855.98648869
113.62500000,4858.75033401
113.65625000,4861.51387264
113.68750000,4864.27710328
113.71875000,4867.04002476
113.75000000,4869.80263611
113.78125000,4872.56493651
113.81250000,4875.32692533
113.84375000,4878.08860209
113.87500000,4880.84996651
113.90625000,4883.61101844
113.93750000,4886.37175793
113.96875000,4889.13218520
114.00000000,4891.89230064
114.03125000,4894.65210478
114.06250000,4897.41159838
114.09375000,4900.17078231
114.12500000,4902.92965765
114.15625000,4905.68822564
114.18750000,4908.44648768
114.21875000,4911.20444536
114.25000000,4913.96210041
114.28125000,4916.71945475
114.31250000,4919.47651048
114.34375000,4922.23326984
114.37500000,4924.98973527
114.40625000,4927.74590934
114.43750000,4930.50179481
114.46875000,4933.25739462
114.50000000,4936.01271186
114.53125000,4938.76774978
114.56250000,4941.52251181
114.59375000,4944.27700153
114.62500000,4947.03122271
114.65625000,4949.78517926
114.68750000,4952.53887525
114.71875000,4955.29231495
114.75000000,4958.04550274
114.78125000,4960.79844320
114.81250000,4963.55114106
114.84375000,4966.30360121
114.87500000,4969.05582869
114.90625000,4971.80782871
114.93750000,4974.55960664
114.96875000,4977.31116798
115.00000000,4980.06251843
115.03125000,4982.81366381
115.06250000,4985.56461011
115.09375000,4988.31536347
115.12500000,4991.06593017
115.15625000,4993.81631666
115.18750000,4996.56652953
115.21875000,4999.31657552
115.25000000,5002.06646153
115.28125000,5004.81619459
115.31250000,5007.56578187
115.34375000,5010.31523072
115.37500000,5013.06454860
115.40625000,5015.81374313
115.43750000,5018.56282205
115.46875000,5021.31179327
115.50000000,5024.06066482
115.53125000,5026.80944487
115.56250000,5029.55814173
115.59375000,5032.30676384
115.62500000,5035.05531978
115.65625000,5037.80381826
115.68750000,5040.55226812
115.71875000,5043.30067833
115.75000000,5046.04905799
115.78125000,5048.79741632
115.81250000,5051.54576268
115.84375000,5054.29410653
115.87500000,5057.04245748
115.90625000,5059.79082524
115.93750000,5062.53921965
115.96875000,5065.28765067
116.00000000,5068.03612837
116.03125000,5070.78466293
116.06250000,5073.53326466
116.09375000,5076.28194396
116.12500000,5079.03071136
116.15625000,5081.77957748
116.18750000,5084.52855307
116.21875000,5087.27764896
116.25000000,5090.02687609
116.28125000,5092.77624552
116.31250000,5095.52576839
116.34375000,5098.27545594
116.37500000,5101.02531951
116.40625000,5103.77537055
116.43750000,5106.52562056
116.46875000,5109.27608118
116.50000000,5112.02676412
116.53125000,5114.77768116
116.56250000,5117.52884418
116.59375000,5120.28026516
116.62500000,5123.03195613
116.65625000,5125.78392923
116.68750000,5128.53619665
116.71875000,5131.28877068
116.75000000,5134.04166367
116.78125000,5136.79488805
116.81250000,5139.54845631
116.84375000,5142.30238102
116.87500000,5145.05667480
116.90625000,5147.81135036
116.93750000,5150.56642046
116.96875000,5153.32189790
117.00000000,5156.07779558
117.03125000,5158.83412641
117.06250000,5161.59090340
117.09375000,5164.34813957
117.12500000,5167.10584802
117.15625000,5169.86404189
117.18750000,5172.62273437
117.21875000,5175.38193868
117.25000000,5178.14166809
117.28125000,5180.90193591
117.31250000,5183.66275550
117.34375000,5186.42414023
117.37500000,5189.18610354
117.40625000,5191.94865886
117.43750000,5194.71181968
117.46875000,5197.47559950
117.50000000,5200.24001186
117.53125000,5203.00507031
117.56250000,5205.77078844
117.59375000,5208.53717983
117.62500000,5211.30425810
117.65625000,5214.07203688
117.68750000,5216.84052981
117.71875000,5219.60975054
117.75000000,5222.37971272
117.78125000,5225.15043003
117.81250000,5227.92191613
117.84375000,5230.69418469
117.87500000,5233.46724939
117.90625000,5236.24112390
117.93750000,5239.01582187
117.96875000,5241.79135697
118.00000000,5244.56774285
118.03125000,5247.34499314
118.06250000,5250.12312147
118.09375000,5252.90214145
118.12500000,5255.68206667
118.15625000,5258.46291070
118.18750000,5261.24468711
118.21875000,5264.02740941
118.25000000,5266.81109111
118.28125000,5269.59574569
118.31250000,5272.38138658
118.34375000,5275.16802721
118.37500000,5277.95568094
118.40625000,5280.74436113
118.43750000,5283.53408107
118.46875000,5286.32485404
118.50000000,5289.11669325
118.53125000,5291.90961188
118.56250000,5294.70362305
118.59375000,5297.49873986
118.62500000,5300.29497533
118.65625000,5303.09234244
118.68750000,5305.89085411
118.71875000,5308.69052322
118.75000000,5311.49136256
118.78125000,5314.29338488
118.81250000,5317.09660288
118.84375000,5319.90102916
118.87500000,5322.70667629
118.90625000,5325.51355674
118.93750000,5328.32168293
118.96875000,5331.13106720
119.00000000,5333.94172182
119.03125000,5336.75365897
119.06250000,5339.56689078
119.09375000,5342.38142926
119.12500000,5345.19728638
119.15625000,5348.01447398
119.18750000,5350.83300387
119.21875000,5353.65288772
119.25000000,5356.47413714
119.28125000,5359.29676364
119.31250000,5362.12077863
119.34375000,5364.94619345
119.37500000,5367.77301932
119.40625000,5370.60126736
119.43750000,5373.43094861
119.46875000,5376.26207398
119.50000000,5379.09465431
119.53125000,5381.92870032
119.56250000,5384.76422260
119.59375000,5387.60123166
119.62500000,5390.43973789
119.65625000,5393.27975158
119.68750000,5396.12128289
119.71875000,5398.96434187
119.75000000,5401.80893846
119.78125000,5404.65508247
119.81250000,5407.50278359
119.84375000,5410.35205141
119.87500000,5413.20289537
119.90625000,5416.05532481
119.93750000,5418.90934893
119.96875000,5421.76497680
120.00000000,5424.62221737
120.03125000,5427.48107946
120.06250000,5430.34157175
120.09375000,5433.20370280
120.12500000,5436.06748102
120.15625000,5438.93291471
120.18750000,5441.80001200
120.21875000,5444.66878091
120.25000000,5447.53922931
120.28125000,5450.41136492
120.31250000,5453.28519535
120.34375000,5456.16072802
120.37500000,5459.03797025
120.40625000,5461.91692919
120.43750000,5464.79761185
120.46875000,5467.68002510
120.50000000,5470.56417565
120.53125000,5473.45007006
120.56250000,5476.33771476
120.59375000,5479.22711600
120.62500000,5482.11827990
120.65625000,5485.01121241
120.68750000,5487.90591935
120.71875000,5490.80240635
120.75000000,5493.70067891
120.78125000,5496.60074237
120.81250000,5499.50260190
120.84375000,5502.40626253
120.87500000,5505.31172911
120.90625000,5508.21900634
120.93750000,5511.12809877
120.96875000,5514.03901077
121.00000000,5516.95174655
121.03125000,5519.86631018
121.06250000,5522.78270553
121.09375000,5525.70093633
121.12500000,5528.62100614
121.15625000,5531.54291836
121.18750000,5534.46667622
121.21875000,5537.39228278
121.25000000,5540.31974093
121.28125000,5543.24905340
121.31250000,5546.18022276
121.34375000,5549.11325140
121.37500000,5552.04814154
121.40625000,5554.98489523
121.43750000,5557.92351437
121.46875000,5560.86400067
121.50000000,5563.80635568
121.53125000,5566.75058078
121.56250000,5569.69667717
121.59375000,5572.64464589
121.62500000,5575.59448781
121.65625000,5578.54620363
121.68750000,5581.49979386
121.71875000,5584.45525887
121.75000000,5587.41259883
121.78125000,5590.37181376
121.81250000,5593.33290351
121.84375000,5596.29586774
121.87500000,5599.26070595
121.90625000,5602.22741748
121.93750000,5605.19600148
121.96875000,5608.16645694
122.00000000,5611.13878267
122.03125000,5614.11297734
122.06250000,5617.08903940
122.09375000,5620.06696718
122.12500000,5623.04675881
122.15625000,5626.02841226
122.18750000,5629.01192533
122.21875000,5631.99729566
122.25000000,5634.98452070
122.28125000,5637.97359776
122.31250000,5640.96452396
122.34375000,5643.95729626
122.37500000,5646.95191147
122.40625000,5649.94836621
122.43750000,5652.94665694
122.46875000,5655.94677997
122.50000000,5658.94873143
122.53125000,5661.95250730
122.56250000,5664.95810337
122.59375000,5667.96551531
122.62500000,5670.97473859
122.65625000,5673.98576854
122.68750000,5676.99860032
122.71875000,5680.01322893
122.75000000,5683.02964923
122.78125000,5686.04785590
122.81250000,5689.06784347
122.84375000,5692.08960631
122.87500000,5695.11313865
122.90625000,5698.13843455
122.93750000,5701.16548791
122.96875000,5704.19429251
123.00000000,5707.22484195
123.03125000,5710.25712968
123.06250000,5713.29114900
123.09375000,5716.32689309
123.12500000,5719.36435495
123.15625000,5722.40352744
123.18750000,5725.44440329
123.21875000,5728.48697507
123.25000000,5731.53123522
123.28125000,5734.57717602
123.31250000,5737.62478962
123.34375000,5740.67406804
123.37500000,5743.72500315
123.40625000,5746.77758669
123.43750000,5749.83181025
123.46875000,5752.88766530
123.50000000,5755.94514319
123.53125000,5759.00423510
123.56250000,5762.06493211
123.59375000,5765.12722517
123.62500000,5768.19110509
123.65625000,5771.25656256
123.68750000,5774.32358814
123.71875000,5777.39217229
123.75000000,5780.46230532
123.78125000,5783.53397743
123.81250000,5786.60717871
123.84375000,5789.68189912
123.87500000,5792.75812851
123.90625000,5795.83585663
123.93750000,5798.91507309
123.96875000,5801.99576741
124.00000000,5805.07792900
124.03125000,5808.16154715
124.06250000,5811.24661106
124.09375000,5814.33310981
124.12500000,5817.42103241
124.15625000,5820.51036772
124.18750000,5823.60110454
124.21875000,5826.69323156
124.25000000,5829.78673738
124.28125000,5832.88161049
124.31250000,5835.97783932
124.34375000,5839.07541218
124.37500000,5842.17431730
124.40625000,5845.27454284
124.43750000,5848.37607685
124.46875000,5851.47890732
124.50000000,5854.58302214
124.53125000,5857.68840914
124.56250000,5860.79505606
124.59375000,5863.90295058
124.62500000,5867.01208028
124.65625000,5870.12243270
124.68750000,5873.23399530
124.71875000,5876.34675546
124.75000000,5879.46070050
124.78125000,5882.57581770
124.81250000,5885.69209425
124.84375000,5888.80951730
124.87500000,5891.92807392
124.90625000,5895.04775116
124.93750000,5898.16853597
124.96875000,5901.29041530
125.00000000,5904.41337602
125.03125000,5907.53740496
125.06250000,5910.66248890
125.09375000,5913.78861459
125.12500000,5916.91576873
125.15625000,5920.04393798
125.18750000,5923.17310896
125.21875000,5926.30326828
125.25000000,5929.43440248
125.28125000,5932.56649811
125.31250000,5935.69954165
125.34375000,5938.83351959
125.37500000,5941.96841838
125.40625000,5945.10422444
125.43750000,5948.24092420
125.46875000,5951.37850403
125.50000000,5954.51695031
125.53125000,5957.65624942
125.56250000,5960.79638769
125.59375000,5963.93735148
125.62500000,5967.07912713
125.65625000,5970.22170095
125.68750000,5973.36505929
125.71875000,5976.50918847
125.75000000,5979.65407482
125.78125000,5982.79970467
125.81250000,5985.94606437
125.84375000,5989.09314026
125.87500000,5992.24091870
125.90625000,5995.38938606
125.93750000,5998.53852873
125.96875000,6001.68833310
126.00000000,6004.83878559
126.03125000,6007.98987266
126.06250000,6011.14158075
126.09375000,6014.29389636
126.12500000,6017.44680601
126.15625000,6020.60029624
126.18750000,6023.75435362
126.21875000,6026.90896477
126.25000000,6030.06411633
126.28125000,6033.21979499
126.31250000,6036.37598746
126.34375000,6039.53268051
126.37500000,6042.68986096
126.40625000,6045.84751565
126.43750000,6049.00563148
126.46875000,6052.16419542
126.50000000,6055.32319446
126.53125000,6058.48261566
126.56250000,6061.64244613
126.59375000,6064.80267306
126.62500000,6067.96328367
126.65625000,6071.12426525
126.68750000,6074.28560517
126.71875000,6077.44729085
126.75000000,6080.60930978
126.78125000,6083.77164953
126.81250000,6086.93429774
126.84375000,6090.09724210
126.87500000,6093.26047041
126.90625000,6096.42397053
126.93750000,6099.58773040
126.96875000,6102.75173804
127.00000000,6105.91598156
127.03125000,6109.08044915
127.06250000,6112.24512910
127.09375000,6115.41000977
127.12500000,6118.57507961
127.15625000,6121.74032719
127.18750000,6124.90574114
127.21875000,6128.07131020
127.25000000,6131.23702323
127.28125000,6134.40286915
127.31250000,6137.56883700
127.34375000,6140.73491593
127.37500000,6143.90109520
127.40625000,6147.06736414
127.43750000,6150.23371222
127.46875000,6153.40012903
127.50000000,6156.56660423
127.53125000,6159.73312763
127.56250000,6162.89968914
127.59375000,6166.06627878
127.62500000,6169.23288670
127.65625000,6172.39950316
127.68750000,6175.56611856
127.71875000,6178.73272338
127.75000000,6181.89930828
127.78125000,6185.06586399
127.81250000,6188.23238141
127.84375000,6191.39885154
127.87500000,6194.56526553
127.90625000,6197.73161465
127.93750000,6200.89789029
127.96875000,6204.06408400
128.00000000,6207.23018745
128.03125000,6210.39619244
128.06250000,6213.56209092
128.09375000,6216.72787497
128.12500000,6219.89353682
128.15625000,6223.05906884
128.18750000,6226.22446352
128.21875000,6229.38971353
128.25000000,6232.55481165
128.28125000,6235.71975082
128.31250000,6238.88452415
128.34375000,6242.04912485
128.37500000,6245.21354632
128.40625000,6248.37778210
128.43750000,6251.54182586
128.46875000,6254.70567145
128.50000000,6257.86931286
128.53125000,6261.03274423
128.56250000,6264.19595986
128.59375000,6267.35895422
128.62500000,6270.52172191
128.65625000,6273.68425771
128.68750000,6276.84655653
128.71875000,6280.00861348
128.75000000,6283.17042379
128.78125000,6286.33198288
128.81250000,6289.49328631
128.84375000,6292.65432982
128.87500000,6295.81510930
128.90625000,6298.97562081
128.93750000,6302.13586056
128.96875000,6305.29582495
129.00000000,6308.45551053
129.03125000,6311.61491401
129.06250000,6314.77403228
129.09375000,6317.93286238
129.12500000,6321.09140153
129.15625000,6324.24964712
129.18750000,6327.40759670
129.21875000,6330.56524798
129.25000000,6333.72259886
129.28125000,6336.87964740
129.31250000,6340.03639182
129.34375000,6343.19283052
129.37500000,6346.34896206
129.40625000,6349.50478518
129.43750000,6352.66029880
129.46875000,6355.81550198
129.50000000,6358.97039398
129.53125000,6362.12497421
129.56250000,6365.27924227
129.59375000,6368.43319791
129.62500000,6371.58684106
129.65625000,6374.74017183
129.68750000,6377.89319049
129.71875000,6381.04589749
129.75000000,6384.19829343
129.78125000,6387.35037911
129.81250000,6390.50215548
129.84375000,6393.65362366
129.87500000,6396.80478496
129.90625000,6399.95564083
129.93750000,6403.10619292
129.96875000,6406.25644304
130.00000000,6409.40639314
130.03125000,6412.55604539
130.06250000,6415.70540209
130.09375000,6418.85446573
130.12500000,6422.00323894
130.15625000,6425.15172456
130.18750000,6428.29992556
130.21875000,6431.44784508
130.25000000,6434.59548646
130.28125000,6437.74285316
130.31250000,6440.88994884
130.34375000,6444.03677731
130.37500000,6447.18334253
130.40625000,6450.32964865
130.43750000,6453.47569997
130.46875000,6456.62150095
130.50000000,6459.76705621
130.53125000,6462.91237054
130.56250000,6466.05744888
130.59375000,6469.20229633
130.62500000,6472.34691816
130.65625000,6475.49131977
130.68750000,6478.63550676
130.71875000,6481.77948483
130.75000000,6484.92325989
130.78125000,6488.06683797
130.81250000,6491.21022526
130.84375000,6494.35342810
130.87500000,6497.49645299
130.90625000,6500.63930658
130.93750000,6503.78199564
130.96875000,6506.92452713
131.00000000,6510.06690814
131.03125000,6513.20914589
131.06250000,6516.35124776
131.09375000,6519.49322127
131.12500000,6522.63507409
131.15625000,6525.77681402
131.18750000,6528.91844900
131.21875000,6532.05998712
131.25000000,6535.20143659
131.28125000,6538.34280577
131.31250000,6541.48410315
131.34375000,6544.62533734
131.37500000,6547.76651712
131.40625000,6550.90765135
131.43750000,6554.04874906
131.46875000,6557.18981939
131.50000000,6560.33087161
131.53125000,6563.47191511
131.56250000,6566.61295940
131.59375000,6569.75401413
131.62500000,6572.89508905
131.65625000,6576.03619405
131.68750000,6579.17733912
131.71875000,6582.31853437
131.75000000,6585.45979003
131.78125000,6588.60111643
131.81250000,6591.74252403
131.84375000,6594.88402338
131.87500000,6598.02562515
131.90625000,6601.16734011
131.93750000,6604.30917915
131.96875000,6607.45115323
132.00000000,6610.59327344
132.03125000,6613.73555095
132.06250000,6616.87799706
132.09375000,6620.02062312
132.12500000,6623.16344062
132.15625000,6626.30646109
132.18750000,6629.44969620
132.21875000,6632.59315769
132.25000000,6635.73685737
132.28125000,6638.88080716
132.31250000,6642.02501905
132.34375000,6645.16950511
132.37500000,6648.31427750
132.40625000,6651.45934845
132.43750000,6654.60473026
132.46875000,6657.75043531
132.50000000,6660.89647605
132.53125000,6664.04286501
132.56250000,6667.18961476
132.59375000,6670.33673797
132.62500000,6673.48424735
132.65625000,6676.63215568
132.68750000,6679.78047581
132.71875000,6682.92922061
132.75000000,6686.07840306
132.78125000,6689.22803615
132.81250000,6692.37813294
132.84375000,6695.52870654
132.87500000,6698.67977011
132.90625000,6701.83133684
132.93750000,6704.98341998
132.96875000,6708.13603281
133.00000000,6711.28918866
133.03125000,6714.44290089
133.06250000,6717.59718290
133.09375000,6720.75204811
133.12500000,6723.90750999
133.15625000,6727.06358203
133.18750000,6730.22027774
133.21875000,6733.37761067
133.25000000,6736.53559437
133.28125000,6739.69424243
133.31250000,6742.85356846
133.34375000,6746.01358607
133.37500000,6749.17430890
133.40625000,6752.33575058
133.43750000,6755.49792478
133.46875000,6758.66084515
133.50000000,6761.82452536
133.53125000,6764.98897909
133.56250000,6768.15422000
133.59375000,6771.32026176
133.62500000,6774.48711804
133.65625000,6777.65480251
133.68750000,6780.82332882
133.71875000,6783.99271061
133.75000000,6787.16296152
133.78125000,6790.33409517
133.81250000,6793.50612516
133.84375000,6796.67906508
133.87500000,6799.85292850
133.90625000,6803.02772896
133.93750000,6806.20347998
133.96875000,6809.38019505
134.00000000,6812.55788765
134.03125000,6815.73657119
134.06250000,6818.91625909
134.09375000,6822.09696470
134.12500000,6825.27870137
134.15625000,6828.46148238
134.18750000,6831.64532097
134.21875000,6834.83023037
134.25000000,6838.01622372
134.28125000,6841.20331413
134.31250000,6844.39151469
134.34375000,6847.58083839
134.37500000,6850.77129820
134.40625000,6853.96290702
134.43750000,6857.15567770
134.46875000,6860.34962302
134.50000000,6863.54475571
134.53125000,6866.74108844
134.56250000,6869.93863379
134.59375000,6873.13740430
134.62500000,6876.33741244
134.65625000,6879.53867058
134.68750000,6882.74119104
134.71875000,6885.94498607
134.75000000,6889.15006782
134.78125000,6892.35644838
134.81250000,6895.56413976
134.84375000,6898.77315388
134.87500000,6901.98350256
134.90625000,6905.19519756
134.93750000,6908.40825055
134.96875000,6911.62267309
135.00000000,6914.83847666
135.03125000,6918.05567265
135.06250000,6921.27427234
135.09375000,6924.49428694
135.12500000,6927.71572753
135.15625000,6930.93860511
135.18750000,6934.16293056
135.21875000,6937.38871468
135.25000000,6940.61596814
135.28125000,6943.84470153
135.31250000,6947.07492529
135.34375000,6950.30664979
135.37500000,6953.53988526
135.40625000,6956.77464184
135.43750000,6960.01092952
135.46875000,6963.24875822
135.50000000,6966.48813770
135.53125000,6969.72907761
135.56250000,6972.97158750
135.59375000,6976.21567676
135.62500000,6979.46135469
135.65625000,6982.70863045
135.68750000,6985.95751306
135.71875000,6989.20801143
135.75000000,6992.46013433
135.78125000,6995.71389040
135.81250000,6998.96928815
135.84375000,7002.22633595
135.87500000,7005.48504204
135.90625000,7008.74541452
135.93750000,7012.00746135
135.96875000,7015.27119035
136.00000000,7018.53660920
136.03125000,7021.80372545
136.06250000,7025.07254648
136.09375000,7028.34307956
136.12500000,7031.61533178
136.15625000,7034.88931011
136.18750000,7038.16502136
136.21875000,7041.44247220
136.25000000,7044.72166913
136.28125000,7048.00261853
136.31250000,7051.28532659
136.34375000,7054.56979939
136.37500000,7057.85604282
136.40625000,7061.14406264
136.43750000,7064.43386445
136.46875000,7067.72545367
136.50000000,7071.01883559
136.53125000,7074.31401534
136.56250000,7077.61099788
136.59375000,7080.90978801
136.62500000,7084.21039038
136.65625000,7087.51280947
136.68750000,7090.81704961
136.71875000,7094.12311495
136.75000000,7097.43100949
136.78125000,7100.74073707
136.81250000,7104.05230134
136.84375000,7107.36570581
136.87500000,7110.68095383
136.90625000,7113.99804855
136.93750000,7117.31699300
136.96875000,7120.63779000
137.00000000,7123.96044222
137.03125000,7127.28495218
137.06250000,7130.61132220
137.09375000,7133.93955445
137.12500000,7137.26965093
137.15625000,7140.60161346
137.18750000,7143.93544371
137.21875000,7147.27114316
137.25000000,7150.60871314
137.28125000,7153.94815479
137.31250000,7157.28946908
137.34375000,7160.63265684
137.37500000,7163.97771868
137.40625000,7167.32465509
137.43750000,7170.67346636
137.46875000,7174.02415260
137.50000000,7177.37671379
137.53125000,7180.73114969
137.56250000,7184.08745992
137.59375000,7187.44564392
137.62500000,7190.80570096
137.65625000,7194.16763015
137.68750000,7197.53143040
137.71875000,7200.89710049
137.75000000,7204.26463900
137.78125000,7207.63404434
137.81250000,7211.00531478
137.84375000,7214.37844838
137.87500000,7217.75344306
137.90625000,7221.13029657
137.93750000,7224.50900648
137.96875000,7227.88957018
138.00000000,7231.27198493
138.03125000,7234.65624780
138.06250000,7238.04235568
138.09375000,7241.43030532
138.12500000,7244.82009329
138.15625000,7248.21171599
138.18750000,7251.60516968
138.21875000,7255.00045042
138.25000000,7258.39755414
138.28125000,7261.79647659
138.31250000,7265.19721336
138.34375000,7268.59975988
138.37500000,7272.00411141
138.40625000,7275.41026307
138.43750000,7278.81820980
138.46875000,7282.22794640
138.50000000,7285.63946750
138.53125000,7289.05276757
138.56250000,7292.46784095
138.59375000,7295.88468178
138.62500000,7299.30328409
138.65625000,7302.72364174
138.68750000,7306.14574842
138.71875000,7309.56959770
138.75000000,7312.99518298
138.78125000,7316.42249752
138.81250000,7319.85153442
138.84375000,7323.28228664
138.87500000,7326.71474700
138.90625000,7330.14890817
138.93750000,7333.58476268
138.96875000,7337.02230290
139.00000000,7340.46152109
139.03125000,7343.90240934
139.06250000,7347.34495961
139.09375000,7350.78916374
139.12500000,7354.23501341
139.15625000,7357.68250018
139.18750000,7361.13161546
139.21875000,7364.58235055
139.25000000,7368.03469660
139.28125000,7371.48864464
139.31250000,7374.94418557
139.34375000,7378.40131016
139.37500000,7381.86000906
139.40625000,7385.32027279
139.43750000,7388.78209176
139.46875000,7392.24545623
139.50000000,7395.71035638
139.53125000,7399.17678225
139.56250000,7402.64472376
139.59375000,7406.11417072
139.62500000,7409.58511284
139.65625000,7413.05753969
139.68750000,7416.53144076
139.71875000,7420.00680541
139.75000000,7423.48362291
139.78125000,7426.96188242
139.81250000,7430.44157298
139.84375000,7433.92268355
139.87500000,7437.40520298
139.90625000,7440.88912003
139.93750000,7444.37442335
139.96875000,7447.86110151
140.00000000,7451.34914299
140.03125000,7454.83853615
140.06250000,7458.32926928
140.09375000,7461.82133061
140.12500000,7465.31470823
140.15625000,7468.80939019
140.18750000,7472.30536444
140.21875000,7475.80261885
140.25000000,7479.30114121
140.28125000,7482.80091925
140.31250000,7486.30194061
140.34375000,7489.80419286
140.37500000,7493.30766351
140.40625000,7496.81233999
140.43750000,7500.31820966
140.46875000,7503.82525982
140.50000000,7507.33347773
140.53125000,7510.84285056
140.56250000,7514.35336544
140.59375000,7517.86500942
140.62500000,7521.37776952
140.65625000,7524.89163270
140.68750000,7528.40658586
140.71875000,7531.92261588
140.75000000,7535.43970956
140.78125000,7538.95785366
140.81250000,7542.47703493
140.84375000,7545.99724005
140.87500000,7549.51845567
140.90625000,7553.04066840
140.93750000,7556.56386483
140.96875000,7560.08803150
141.00000000,7563.61315493
141.03125000,7567.13922162
141.06250000,7570.66621802
141.09375000,7574.19413060
141.12500000,7577.72294576
141.15625000,7581.25264991
141.18750000,7584.78322944
141.21875000,7588.31467072
141.25000000,7591.84696012
141.28125000,7595.38008397
141.31250000,7598.91402861
141.34375000,7602.44878040
141.37500000,7605.98432564
141.40625000,7609.52065069
141.43750000,7613.05774185
141.46875000,7616.59558546
141.50000000,7620.13416786
141.53125000,7623.67347540
141.56250000,7627.21349441
141.59375000,7630.75421127
141.62500000,7634.29561235
141.65625000,7637.83768404
141.68750000,7641.38041274
141.71875000,7644.92378489
141.75000000,7648.46778693
141.78125000,7652.01240533
141.81250000,7655.55762659
141.84375000,7659.10343724
141.87500000,7662.64982383
141.90625000,7666.19677296
141.93750000,7669.74427123
141.96875000,7673.29230532
142.00000000,7676.84086191
142.03125000,7680.38992775
142.06250000,7683.93948961
142.09375000,7687.48953431
142.12500000,7691.04004874
142.15625000,7694.59101980
142.18750000,7698.14243447
142.21875000,7701.69427977
142.25000000,7705.24654278
142.28125000,7708.79921063
142.31250000,7712.35227051
142.34375000,7715.90570969
142.37500000,7719.45951546
142.40625000,7723.01367523
142.43750000,7726.56817643
142.46875000,7730.12300659
142.50000000,7733.67815329
142.53125000,7737.23360418
142.56250000,7740.78934702
142.59375000,7744.34536960
142.62500000,7747.90165982
142.65625000,7751.45820564
142.68750000,7755.01499512
142.71875000,7758.57201640
142.75000000,7762.12925770
142.78125000,7765.68670732
142.81250000,7769.24435367
142.84375000,7772.80218523
142.87500000,7776.36019059
142.90625000,7779.91835843
142.93750000,7783.47667753
142.96875000,7787.03513675
143.00000000,7790.59372508
143.03125000,7794.15243158
143.06250000,7797.71124543
143.09375000,7801.27015593
143.12500000,7804.82915246
143.15625000,7808.38822452
143.18750000,7811.94736172
143.21875000,7815.50655379
143.25000000,7819.06579056
143.28125000,7822.62506198
143.31250000,7826.18435812
143.34375000,7829.74366916
143.37500000,7833.30298542
143.40625000,7836.86229731
143.43750000,7840.42159539
143.46875000,7843.98087034
143.50000000,7847.54011294
143.53125000,7851.09931413
143.56250000,7854.65846496
143.59375000,7858.21755661
143.62500000,7861.77658042
143.65625000,7865.33552781
143.68750000,7868.89439038
143.71875000,7872.45315984
143.75000000,7876.01182805
143.78125000,7879.57038700
143.81250000,7883.12882883
143.84375000,7886.68714580
143.87500000,7890.24533033
143.90625000,7893.80337498
143.93750000,7897.36127245
143.96875000,7900.91901558
144.00000000,7904.47659736
144.03125000,7908.03401094
144.06250000,7911.59124960
144.09375000,7915.14830678
144.12500000,7918.70517606
144.15625000,7922.26185119
144.18750000,7925.81832605
144.21875000,7929.37459470
144.25000000,7932.93065132
144.28125000,7936.48649028
144.31250000,7940.04210608
144.34375000,7943.59749339
144.37500000,7947.15264703
144.40625000,7950.70756200
144.43750000,7954.26223342
144.46875000,7957.81665661
144.50000000,7961.37082702
144.53125000,7964.92474029
144.56250000,7968.47839220
144.59375000,7972.03177871
144.62500000,7975.58489591
144.65625000,7979.13774010
144.68750000,7982.69030772
144.71875000,7986.24259536
144.75000000,7989.79459982
144.78125000,7993.34631803
144.81250000,7996.89774709
144.84375000,8000.44888428
144.87500000,8003.99972704
144.90625000,8007.55027299
144.93750000,8011.10051989
144.96875000,8014.65046570
145.00000000,8018.20010854
145.03125000,8021.74944668
145.06250000,8025.29847859
145.09375000,8028.84720289
145.12500000,8032.39561838
145.15625000,8035.94372402
145.18750000,8039.49151895
145.21875000,8043.03900247
145.25000000,8046.58617406
145.28125000,8050.13303338
145.31250000,8053.67958024
145.34375000,8057.22581463
145.37500000,8060.77173671
145.40625000,8064.31734681
145.43750000,8067.86264544
145.46875000,8071.40763328
145.50000000,8074.95231115
145.53125000,8078.49668009
145.56250000,8082.04074127
145.59375000,8085.58449605
145.62500000,8089.12794595
145.65625000,8092.67109268
145.68750000,8096.21393809
145.71875000,8099.75648421
145.75000000,8103.29873326
145.78125000,8106.84068759
145.81250000,8110.38234975
145.84375000,8113.92372245
145.87500000,8117.46480856
145.90625000,8121.00561112
145.93750000,8124.54613333
145.96875000,8128.08637858
146.00000000,8131.62635039
146.03125000,8135.16605248
146.06250000,8138.70548870
146.09375000,8142.24466309
146.12500000,8145.78357985
146.15625000,8149.32224333
146.18750000,8152.86065804
146.21875000,8156.39882867
146.25000000,8159.93676006
146.28125000,8163.47445720
146.31250000,8167.01192525
146.34375000,8170.54916953
146.37500000,8174.08619550
146.40625000,8177.62300880
146.43750000,8181.15961521
146.46875000,8184.69602067
146.50000000,8188.23223127
146.53125000,8191.76825325
146.56250000,8195.30409301
146.59375000,8198.83975709
146.62500000,8202.37525219
146.65625000,8205.91058515
146.68750000,8209.44576297
146.71875000,8212.98079279
146.75000000,8216.51568187
146.78125000,8220.05043766
146.81250000,8223.58506773
146.84375000,8227.11957977
146.87500000,8230.65398165
146.90625000,8234.18828136
146.93750000,8237.72248702
146.96875000,8241.25660691
147.00000000,8244.79064942
147.03125000,8248.32462309
147.06250000,8251.85853659
147.09375000,8255.39239871
147.12500000,8258.92621840
147.15625000,8262.46000470
147.18750000,8265.99376681
147.21875000,8269.52751403
147.25000000,8273.06125580
147.28125000,8276.59500168
147.31250000,8280.12876135
147.34375000,8283.66254462
147.37500000,8287.19636140
147.40625000,8290.73022172
147.43750000,8294.26413574
147.46875000,8297.79811373
147.50000000,8301.33216605
147.53125000,8304.86630320
147.56250000,8308.40053577
147.59375000,8311.93487447
147.62500000,8315.46933011
147.65625000,8319.00391359
147.68750000,8322.53863594
147.71875000,8326.07350826
147.75000000,8329.60854177
147.78125000,8333.14374779
147.81250000,8336.67913771
147.84375000,8340.21472304
147.87500000,8343.75051536
147.90625000,8347.28652636
147.93750000,8350.82276781
147.96875000,8354.35925155
148.00000000,8357.89598953
148.03125000,8361.43299378
148.06250000,8364.97027638
148.09375000,8368.50784952
148.12500000,8372.04572545
148.15625000,8375.58391651
148.18750000,8379.12243511
148.21875000,8382.66129371
148.25000000,8386.20050486
148.28125000,8389.74008117
148.31250000,8393.28003532
148.34375000,8396.82038004
148.37500000,8400.36112814
148.40625000,8403.90229247
148.43750000,8407.44388596
148.46875000,8410.98592156
148.50000000,8414.52841232
148.53125000,8418.07137129
148.56250000,8421.61481161
148.59375000,8425.15874644
148.62500000,8428.70318901
148.65625000,8432.24815256
148.68750000,8435.79365040
148.71875000,8439.33969587
148.75000000,8442.88630234
148.78125000,8446.43348322
148.81250000,8449.98125195
148.84375000,8453.52962199
148.87500000,8457.07860686
148.90625000,8460.62822007
148.93750000,8464.17847518
148.96875000,8467.72938575
149.00000000,8471.28096537
149.03125000,8474.83322766
149.06250000,8478.38618623
149.09375000,8481.93985473
149.12500000,8485.49424680
149.15625000,8489.04937609
149.18750000,8492.60525628
149.21875000,8496.16190103
149.25000000,8499.71932401
149.28125000,8503.27753889
149.31250000,8506.83655934
149.34375000,8510.39639903
149.37500000,8513.95707162
149.40625000,8517.51859076
149.43750000,8521.08097009
149.46875000,8524.64422324
149.50000000,8528.20836383
149.53125000,8531.77340546
149.56250000,8535.33936170
149.59375000,8538.90624611
149.62500000,8542.47407224
149.65625000,8546.04285358
149.68750000,8549.61260363
149.71875000,8553.18333584
149.75000000,8556.75506363
149.78125000,8560.32780039
149.81250000,8563.90155948
149.84375000,8567.47635421
149.87500000,8571.05219786
149.90625000,8574.62910366
149.93750000,8578.20708480
149.96875000,8581.78615443
150.00000000,8585.36632565
150.03125000,8588.94761150
150.06250000,8592.53002498
150.09375000,8596.11357903
150.12500000,8599.69828652
150.15625000,8603.28416030
150.18750000,8606.87121312
150.21875000,8610.45945769
150.25000000,8614.04890664
150.28125000,8617.63957256
150.31250000,8621.23146795
150.34375000,8624.82460524
150.37500000,8628.41899680
150.40625000,8632.01465491
150.43750000,8635.61159179
150.46875000,8639.20981958
150.50000000,8642.80935034
150.53125000,8646.41019603
150.56250000,8650.01236855
150.59375000,8653.61587971
150.62500000,8657.22074123
150.65625000,8660.82696473
150.68750000,8664.43456175
150.71875000,8668.04354375
150.75000000,8671.65392207
150.78125000,8675.26570798
150.81250000,8678.87891263
150.84375000,8682.49354707
150.87500000,8686.10962228
150.90625000,8689.72714910
150.93750000,8693.34613828
150.96875000,8696.96660047
151.00000000,8700.58854620
151.03125000,8704.21198589
151.06250000,8707.83692987
151.09375000,8711.46338834
151.12500000,8715.09137137
151.15625000,8718.72088895
151.18750000,8722.35195092
151.21875000,8725.98456702
151.25000000,8729.61874686
151.28125000,8733.25449993
151.31250000,8736.89183560
151.34375000,8740.53076312
151.37500000,8744.17129159
151.40625000,8747.81343000
151.43750000,8751.45718721
151.46875000,8755.10257196
151.50000000,8758.74959282
151.53125000,8762.39825827
151.56250000,8766.04857663
151.59375000,8769.70055609
151.62500000,8773.35420470
151.65625000,8777.00953038
151.68750000,8780.66654089
151.71875000,8784.32524388
151.75000000,8787.98564683
151.78125000,8791.64775709
151.81250000,8795.31158186
151.84375000,8798.97712820
151.87500000,8802.64440301
151.90625000,8806.31341306
151.93750000,8809.98416496
151.96875000,8813.65666517
152.00000000,8817.33092000
152.03125000,8821.00693561
152.06250000,8824.68471801
152.09375000,8828.36427305
152.12500000,8832.04560642
152.15625000,8835.72872367
152.18750000,8839.41363018
152.21875000,8843.10033118
152.25000000,8846.78883174
152.28125000,8850.47913676
152.31250000,8854.17125100
152.34375000,8857.86517904
152.37500000,8861.56092532
152.40625000,8865.25849409
152.43750000,8868.95788946
152.46875000,8872.65911538
152.50000000,8876.36217561
152.53125000,8880.06707377
152.56250000,8883.77381330
152.59375000,8887.48239749
152.62500000,8891.19282944
152.65625000,8894.90511211
152.68750000,8898.61924828
152.71875000,8902.33524056
152.75000000,8906.05309139
152.78125000,8909.77280305
152.81250000,8913.49437765
152.84375000,8917.21781713
152.87500000,8920.94312325
152.90625000,8924.67029763
152.93750000,8928.39934168
152.96875000,8932.13025667
153.00000000,8935.86304369
153.03125000,8939.59770365
153.06250000,8943.33423732
153.09375000,8947.07264526
153.12500000,8950.81292788
153.15625000,8954.55508542
153.18750000,8958.29911794
153.21875000,8962.04502534
153.25000000,8965.79280735
153.28125000,8969.54246351
153.31250000,8973.29399321
153.34375000,8977.04739567
153.37500000,8980.80266991
153.40625000,8984.55981482
153.43750000,8988.31882909
153.46875000,8992.07971125
153.50000000,8995.84245967
153.53125000,8999.60707253
153.56250000,9003.37354786
153.59375000,9007.14188351
153.62500000,9010.91207716
153.65625000,9014.68412634
153.68750000,9018.45802838
153.71875000,9022.23378048
153.75000000,9026.01137964
153.78125000,9029.79082270
153.81250000,9033.57210637
153.84375000,9037.35522714
153.87500000,9041.14018137
153.90625000,9044.92696524
153.93750000,9048.71557479
153.96875000,9052.50600586
154.00000000,9056.29825415
154.03125000,9060.09231521
154.06250000,9063.88818439
154.09375000,9067.68585693
154.12500000,9071.48532786
154.15625000,9075.28659209
154.18750000,9079.08964435
154.21875000,9082.89447922
154.25000000,9086.70109113
154.28125000,9090.50947433
154.31250000,9094.31962295
154.34375000,9098.13153095
154.37500000,9101.94519212
154.40625000,9105.76060012
154.43750000,9109.57774846
154.46875000,9113.39663049
154.50000000,9117.21723941
154.53125000,9121.03956828
154.56250000,9124.86361001
154.59375000,9128.68935737
154.62500000,9132.51680297
154.65625000,9136.34593930
154.68750000,9140.17675868
154.71875000,9144.00925331
154.75000000,9147.84341525
154.78125000,9151.67923640
154.81250000,9155.51670856
154.84375000,9159.35582336
154.87500000,9163.19657231
154.90625000,9167.03894678
154.93750000,9170.88293802
154.96875000,9174.72853714
155.00000000,9178.57573512
155.03125000,9182.42452282
155.06250000,9186.27489097
155.09375000,9190.12683017
155.12500000,9193.98033091
155.15625000,9197.83538353
155.18750000,9201.69197828
155.21875000,9205.55010529
155.25000000,9209.40975454
155.28125000,9213.27091594
155.31250000,9217.13357924
155.34375000,9220.99773412
155.37500000,9224.86337011
155.40625000,9228.73047666
155.43750000,9232.59904310
155.46875000,9236.46905866
155.50000000,9240.34051245
155.53125000,9244.21339350
155.56250000,9248.08769072
155.59375000,9251.96339293
155.62500000,9255.84048886
155.65625000,9259.71896712
155.68750000,9263.59881625
155.71875000,9267.48002469
155.75000000,9271.36258079
155.78125000,9275.24647280
155.81250000,9279.13168891
155.84375000,9283.01821720
155.87500000,9286.90604567
155.90625000,9290.79516226
155.93750000,9294.68555480
155.96875000,9298.57721106
156.00000000,9302.47011875
156.03125000,9306.36426547
156.06250000,9310.25963878
156.09375000,9314.15622615
156.12500000,9318.05401500
156.15625000,9321.95299267
156.18750000,9325.85314644
156.21875000,9329.75446354
156.25000000,9333.65693111
156.28125000,9337.56053627
156.31250000,9341.46526606
156.34375000,9345.37110748
156.37500000,9349.27804746
156.40625000,9353.18607289
156.43750000,9357.09517063
156.46875000,9361.00532747
156.50000000,9364.91653017
156.53125000,9368.82876543
156.56250000,9372.74201994
156.59375000,9376.65628034
156.62500000,9380.57153321
156.65625000,9384.48776515
156.68750000,9388.40496267
156.71875000,9392.32311230
156.75000000,9396.24220052
156.78125000,9400.16221378
156.81250000,9404.08313852
156.84375000,9408.00496116
156.87500000,9411.92766809
156.90625000,9415.85124570
156.93750000,9419.77568035
156.96875000,9423.70095841
157.00000000,9427.62706620
157.03125000,9431.55399008
157.06250000,9435.48171637
157.09375000,9439.41023141
157.12500000,9443.33952153
157.15625000,9447.26957304
157.18750000,9451.20037229
157.21875000,9455.13190562
157.25000000,9459.06415936
157.28125000,9462.99711988
157.31250000,9466.93077354
157.34375000,9470.86510671
157.37500000,9474.80010580
157.40625000,9478.73575722
157.43750000,9482.67204740
157.46875000,9486.60896280
157.50000000,9490.54648990
157.53125000,9494.48461521
157.56250000,9498.42332526
157.59375000,9502.36260662
157.62500000,9506.30244589
157.65625000,9510.24282970
157.68750000,9514.18374473
157.71875000,9518.12517768
157.75000000,9522.06711530
157.78125000,9526.00954440
157.81250000,9529.95245180
157.84375000,9533.89582440
157.87500000,9537.83964914
157.90625000,9541.78391300
157.93750000,9545.72860302
157.96875000,9549.67370630
158.00000000,9553.61921000
158.03125000,9557.56510132
158.06250000,9561.51136755
158.09375000,9565.45799602
158.12500000,9569.40497414
158.15625000,9573.35228938
158.18750000,9577.29992928
158.21875000,9581.24788145
158.25000000,9585.19613358
158.28125000,9589.14467343
158.31250000,9593.09348884
158.34375000,9597.04256772
158.37500000,9600.99189808
158.40625000,9604.94146799
158.43750000,9608.89126562
158.46875000,9612.84127923
158.50000000,9616.79149714
158.53125000,9620.74190780
158.56250000,9624.69249972
158.59375000,9628.64326152
158.62500000,9632.59418192
158.65625000,9636.54524972
158.68750000,9640.49645383
158.71875000,9644.44778325
158.75000000,9648.39922711
158.78125000,9652.35077461
158.81250000,9656.30241508
158.84375000,9660.25413794
158.87500000,9664.20593273
158.90625000,9668.15778911
158.93750000,9672.10969684
158.96875000,9676.06164578
159.00000000,9680.01362593
159.03125000,9683.96562740
159.06250000,9687.91764041
159.09375000,9691.86965532
159.12500000,9695.82166259
159.15625000,9699.77365281
159.18750000,9703.72561671
159.21875000,9707.67754512
159.25000000,9711.62942901
159.28125000,9715.58125949
159.31250000,9719.53302778
159.34375000,9723.48472525
159.37500000,9727.43634339
159.40625000,9731.38787383
159.43750000,9735.33930833
159.46875000,9739.29063881
159.50000000,9743.24185730
159.53125000,9747.19295598
159.56250000,9751.14392717
159.59375000,9755.09476333
159.62500000,9759.04545707
159.65625000,9762.99600115
159.68750000,9766.94638845
159.71875000,9770.89661203
159.75000000,9774.84666506
159.78125000,9778.79654089
159.81250000,9782.74623301
159.84375000,9786.69573506
159.87500000,9790.64504082
159.90625000,9794.59414425
159.93750000,9798.54303944
159.96875000,9802.49172064
160.00000000,9806.44018227
160.03125000,9810.38841887
160.06250000,9814.33642519
160.09375000,9818.28419609
160.12500000,9822.23172661
160.15625000,9826.17901195
160.18750000,9830.12604748
160.21875000,9834.07282870
160.25000000,9838.01935130
160.28125000,9841.96561113
160.31250000,9845.91160419
160.34375000,9849.85732665
160.37500000,9853.80277485
160.40625000,9857.74794529
160.43750000,9861.69283462
160.46875000,9865.63743969
160.50000000,9869.58175749
160.53125000,9873.52578519
160.56250000,9877.46952011
160.59375000,9881.41295976
160.62500000,9885.35610181
160.65625000,9889.29894409
160.68750000,9893.24148461
160.71875000,9897.18372154
160.75000000,9901.12565322
160.78125000,9905.06727818
160.81250000,9909.00859510
160.84375000,9912.94960282
160.87500000,9916.89030038
160.90625000,9920.83068697
160.93750000,9924.77076196
160.96875000,9928.71052488
161.00000000,9932.64997543
161.03125000,9936.58911351
161.06250000,9940.52793915
161.09375000,9944.46645258
161.12500000,9948.40465419
161.15625000,9952.34254454
161.18750000,9956.28012436
161.21875000,9960.21739455
161.25000000,9964.15435620
161.28125000,9968.09101054
161.31250000,9972.02735898
161.34375000,9975.96340312
161.37500000,9979.89914470
161.40625000,9983.83458564
161.43750000,9987.76972805
161.46875000,9991.70457417
161.50000000,9995.63912644
161.53125000,9999.57338746
161.56250000,10003.50735998
161.59375000,10007.44104694
161.62500000,10011.37445144
161.65625000,10015.30757675
161.68750000,10019.24042629
161.71875000,10023.17300365
161.75000000,10027.10531260
161.78125000,10031.03735707
161.81250000,10034.96914113
161.84375000,10038.90066904
161.87500000,10042.83194522
161.90625000,10046.76297422
161.93750000,10050.69376080
161.96875000,10054.62430984
162.00000000,10058.55462639
162.03125000,10062.48471567
162.06250000,10066.41458305
162.09375000,10070.34423406
162.12500000,10074.27367436
162.15625000,10078.20290981
162.18750000,10082.13194640
162.21875000,10086.06079026
162.25000000,10089.98944769
162.28125000,10093.91792514
162.31250000,10097.84622921
162.34375000,10101.77436665
162.37500000,10105.70234435
162.40625000,10109.63016935
162.43750000,10113.55784883
162.46875000,10117.48539015
162.50000000,10121.41280076
162.53125000,10125.34008829
162.56250000,10129.26726049
162.59375000,10133.19432528
162.62500000,10137.12129068
162.65625000,10141.04816488
162.68750000,10144.97495618
162.71875000,10148.90167304
162.75000000,10152.82832403
162.78125000,10156.75491788
162.81250000,10160.68146342
162.84375000,10164.60796963
162.87500000,10168.53444562
162.90625000,10172.46090061
162.93750000,10176.38734396
162.96875000,10180.31378514
163.00000000,10184.24023377
163.03125000,10188.16669955
163.06250000,10192.09319234
163.09375000,10196.01972209
163.12500000,10199.94629888
163.15625000,10203.87293290
163.18750000,10207.79963444
163.21875000,10211.72641394
163.25000000,10215.65328191
163.28125000,10219.58024898
163.31250000,10223.50732590
163.34375000,10227.43452351
163.37500000,10231.36185275
163.40625000,10235.28932469
163.43750000,10239.21695046
163.46875000,10243.14474131
163.50000000,10247.07270859
163.53125000,10251.00086374
163.56250000,10254.92921829
163.59375000,10258.85778385
163.62500000,10262.78657214
163.65625000,10266.71559496
163.68750000,10270.64486419
163.71875000,10274.57439180
163.75000000,10278.50418983
163.78125000,10282.43427042
163.81250000,10286.36464577
163.84375000,10290.29532816
163.87500000,10294.22632996
163.90625000,10298.15766358
163.93750000,10302.08934154
163.96875000,10306.02137638
164.00000000,10309.95378076
164.03125000,10313.88656736
164.06250000,10317.81974895
164.09375000,10321.75333835
164.12500000,10325.68734844
164.15625000,10329.62179215
164.18750000,10333.55668247
164.21875000,10337.49203244
164.25000000,10341.42785516
164.28125000,10345.36416376
164.31250000,10349.30097144
164.34375000,10353.23829141
164.37500000,10357.17613697
164.40625000,10361.11452141
164.43750000,10365.05345809
164.46875000,10368.99296040
164.50000000,10372.93304175
164.53125000,10376.87371559
164.56250000,10380.81499542
164.59375000,10384.75689472
164.62500000,10388.69942705
164.65625000,10392.64260595
164.68750000,10396.58644501
164.71875000,10400.53095781
164.75000000,10404.47615798
164.78125000,10408.42205915
164.81250000,10412.36867494
164.84375000,10416.31601902
164.87500000,10420.26410504
164.90625000,10424.21294667
164.93750000,10428.16255758
164.96875000,10432.11295144
165.00000000,10436.06414192
165.03125000,10440.01614269
165.06250000,10443.96896742
165.09375000,10447.92262975
165.12500000,10451.87714335
165.15625000,10455.83252185
165.18750000,10459.78877886
165.21875000,10463.74592802
165.25000000,10467.70398289
165.28125000,10471.66295707
165.31250000,10475.62286409
165.34375000,10479.58371749
165.37500000,10483.54553077
165.40625000,10487.50831739
165.43750000,10491.47209082
165.46875000,10495.43686445
165.50000000,10499.40265167
165.53125000,10503.36946582
165.56250000,10507.33732019
165.59375000,10511.30622805
165.62500000,10515.27620263
165.65625000,10519.24725709
165.68750000,10523.21940457
165.71875000,10527.19265814
165.75000000,10531.16703084
165.78125000,10535.14253563
165.81250000,10539.11918545
165.84375000,10543.09699315
165.87500000,10547.07597155
165.90625000,10551.05613338
165.93750000,10555.03749133
165.96875000,10559.02005801
166.00000000,10563.00384599
166.03125000,10566.98886773
166.06250000,10570.97513565
166.09375000,10574.96266209
166.12500000,10578.95145930
166.15625000,10582.94153949
166.18750000,10586.93291476
166.21875000,10590.92559713
166.25000000,10594.91959855
166.28125000,10598.91493089
166.31250000,10602.91160592
166.34375000,10606.90963533
166.37500000,10610.90903072
166.40625000,10614.90980360
166.43750000,10618.91196538
166.46875000,10622.91552738
166.50000000,10626.92050082
166.53125000,10630.92689684
166.56250000,10634.93472645
166.59375000,10638.94400058
166.62500000,10642.95473004
166.65625000,10646.96692555
166.68750000,10650.98059772
166.71875000,10654.99575704
166.75000000,10659.01241390
166.78125000,10663.03057857
166.81250000,10667.05026123
166.84375000,10671.07147191
166.87500000,10675.09422055
166.90625000,10679.11851695
166.93750000,10683.14437082
166.96875000,10687.17179171
167.00000000,10691.20078909
167.03125000,10695.23137227
167.06250000,10699.26355045
167.09375000,10703.29733271
167.12500000,10707.33272798
167.15625000,10711.36974508
167.18750000,10715.40839269
167.21875000,10719.44867936
167.25000000,10723.49061350
167.28125000,10727.53420339
167.31250000,10731.57945718
167.34375000,10735.62638287
167.37500000,10739.67498832
167.40625000,10743.72528126
167.43750000,10747.77726928
167.46875000,10751.83095981
167.50000000,10755.88636015
167.53125000,10759.94347745
167.56250000,10764.00231872
167.59375000,10768.06289082
167.62500000,10772.12520046
167.65625000,10776.18925419
167.68750000,10780.25505843
167.71875000,10784.32261943
167.75000000,10788.39194331
167.78125000,10792.46303600
167.81250000,10796.53590333
167.84375000,10800.61055091
167.87500000,10804.68698425
167.90625000,10808.76520868
167.93750000,10812.84522936
167.96875000,10816.92705130
168.00000000,10821.01067938
168.03125000,10825.09611827
168.06250000,10829.18337251
168.09375000,10833.27244647
168.12500000,10837.36334437
168.15625000,10841.45607024
168.18750000,10845.55062798
168.21875000,10849.64702130
168.25000000,10853.74525376
168.28125000,10857.84532874
168.31250000,10861.94724947
168.34375000,10866.05101900
168.37500000,10870.15664023
168.40625000,10874.26411588
168.43750000,10878.37344849
168.46875000,10882.48464047
168.50000000,10886.59769402
168.53125000,10890.71261121
168.56250000,10894.82939390
168.59375000,10898.94804381
168.62500000,10903.06856247
168.65625000,10907.19095128
168.68750000,10911.31521141
168.71875000,10915.44134391
168.75000000,10919.56934964
168.78125000,10923.69922928
168.81250000,10927.83098336
168.84375000,10931.96461222
168.87500000,10936.10011604
168.90625000,10940.23749483
168.93750000,10944.37674842
168.96875000,10948.51787648
169.00000000,10952.66087850
169.03125000,10956.80575381
169.06250000,10960.95250156
169.09375000,10965.10112073
169.12500000,10969.25161013
169.15625000,10973.40396841
169.18750000,10977.55819403
169.21875000,10981.71428530
169.25000000,10985.87224036
169.28125000,10990.03205715
169.31250000,10994.19373349
169.34375000,10998.35726700
169.37500000,11002.52265513
169.40625000,11006.68989517
169.43750000,11010.85898426
169.46875000,11015.02991934
169.50000000,11019.20269720
169.53125000,11023.37731447
169.56250000,11027.55376761
169.59375000,11031.73205291
169.62500000,11035.91216650
169.65625000,11040.09410434
169.68750000,11044.27786225
169.71875000,11048.46343586
169.75000000,11052.65082065
169.78125000,11056.84001194
169.81250000,11061.03100489
169.84375000,11065.22379449
169.87500000,11069.41837559
169.90625000,11073.61474286
169.93750000,11077.81289084
169.96875000,11082.01281390
170.00000000,11086.21450624
170.03125000,11090.41796192
170.06250000,11094.62317486
170.09375000,11098.83013880
170.12500000,11103.03884734
170.15625000,11107.24929395
170.18750000,11111.46147192
170.21875000,11115.67537440
170.25000000,11119.89099440
170.28125000,11124.10832477
170.31250000,11128.32735825
170.34375000,11132.54808738
170.37500000,11136.77050461
170.40625000,11140.99460222
170.43750000,11145.22037235
170.46875000,11149.44780701
170.50000000,11153.67689807
170.53125000,11157.90763726
170.56250000,11162.14001618
170.59375000,11166.37402628
170.62500000,11170.60965890
170.65625000,11174.84690523
170.68750000,11179.08575635
170.71875000,11183.32620318
170.75000000,11187.56823655
170.78125000,11191.81184714
170.81250000,11196.05702551
170.84375000,11200.30376209
170.87500000,11204.55204721
170.90625000,11208.80187107
170.93750000,11213.05322373
170.96875000,11217.30609517
171.00000000,11221.56047523
171.03125000,11225.81635364
171.06250000,11230.07372003
171.09375000,11234.33256390
171.12500000,11238.59287467
171.15625000,11242.85464161
171.18750000,11247.11785393
171.21875000,11251.38250070
171.25000000,11255.64857092
171.28125000,11259.91605346
171.31250000,11264.18493711
171.34375000,11268.45521055
171.37500000,11272.72686239
171.40625000,11276.99988111
171.43750000,11281.27425514
171.46875000,11285.54997277
171.50000000,11289.82702225
171.53125000,11294.10539172
171.56250000,11298.38506924
171.59375000,11302.66604279
171.62500000,11306.94830026
171.65625000,11311.23182948
171.68750000,11315.51661818
171.71875000,11319.80265404
171.75000000,11324.08992464
171.78125000,11328.37841752
171.81250000,11332.66812012
171.84375000,11336.95901983
171.87500000,11341.25110399
171.90625000,11345.54435984
171.93750000,11349.83877458
171.96875000,11354.13433537
172.00000000,11358.43102927
172.03125000,11362.72884332
172.06250000,11367.02776449
172.09375000,11371.32777971
172.12500000,11375.62887585
172.15625000,11379.93103974
172.18750000,11384.23425816
172.21875000,11388.53851786
172.25000000,11392.84380554
172.28125000,11397.15010785
172.31250000,11401.45741142
172.34375000,11405.76570284
172.37500000,11410.07496868
172.40625000,11414.38519546
172.43750000,11418.69636967
172.46875000,11423.00847781
172.50000000,11427.32150630
172.53125000,11431.63544160
172.56250000,11435.95027009
172.59375000,11440.26597818
172.62500000,11444.58255224
172.65625000,11448.89997864
172.68750000,11453.21824372
172.71875000,11457.53733384
172.75000000,11461.85723531
172.78125000,11466.17793449
172.81250000,11470.49941769
172.84375000,11474.82167125
172.87500000,11479.14468149
172.90625000,11483.46843476
172.93750000,11487.79291738
172.96875000,11492.11811570
173.00000000,11496.44401610
173.03125000,11500.77060493
173.06250000,11505.09786858
173.09375000,11509.42579345
173.12500000,11513.75436597
173.15625000,11518.08357257
173.18750000,11522.41339972
173.21875000,11526.74383392
173.25000000,11531.07486167
173.28125000,11535.40646952
173.31250000,11539.73864405
173.34375000,11544.07137187
173.37500000,11548.40463963
173.40625000,11552.73843401
173.43750000,11557.07274174
173.46875000,11561.40754958
173.50000000,11565.74284434
173.53125000,11570.07861288
173.56250000,11574.41484211
173.59375000,11578.75151897
173.62500000,11583.08863047
173.65625000,11587.42616367
173.68750000,11591.76410570
173.71875000,11596.10244372
173.75000000,11600.44116497
173.78125000,11604.78025674
173.81250000,11609.11970641
173.84375000,11613.45950139
173.87500000,11617.79962917
173.90625000,11622.14007734
173.93750000,11626.48083352
173.96875000,11630.82188542
174.00000000,11635.16322084
174.03125000,11639.50482764
174.06250000,11643.84669376
174.09375000,11648.18880723
174.12500000,11652.53115616
174.15625000,11656.87372874
174.18750000,11661.21651327
174.21875000,11665.55949809
174.25000000,11669.90267169
174.28125000,11674.24602262
174.31250000,11678.58953952
174.34375000,11682.93321113
174.37500000,11687.27702631
174.40625000,11691.62097400
174.43750000,11695.96504323
174.46875000,11700.30922315
174.50000000,11704.65350303
174.53125000,11708.99787221
174.56250000,11713.34232016
174.59375000,11717.68683646
174.62500000,11722.03141079
174.65625000,11726.37603296
174.68750000,11730.72069288
174.71875000,11735.06538059
174.75000000,11739.41008622
174.78125000,11743.75480006
174.81250000,11748.09951248
174.84375000,11752.44421401
174.87500000,11756.78889526
174.90625000,11761.13354702
174.93750000,11765.47816016
174.96875000,11769.82272569
175.00000000,11774.16723477
175.03125000,11778.51167867
175.06250000,11782.85604879
175.09375000,11787.20033668
175.12500000,11791.54453401
175.15625000,11795.88863260
175.18750000,11800.23262440
175.21875000,11804.57650149
175.25000000,11808.92025610
175.28125000,11813.26388061
175.31250000,11817.60736752
175.34375000,11821.95070950
175.37500000,11826.29389934
175.40625000,11830.63692998
175.43750000,11834.97979454
175.46875000,11839.32248623
175.50000000,11843.66499846
175.53125000,11848.00732476
175.56250000,11852.34945884
175.59375000,11856.69139452
175.62500000,11861.03312581
175.65625000,11865.37464686
175.68750000,11869.71595197
175.71875000,11874.05703561
175.75000000,11878.39789240
175.78125000,11882.73851711
175.81250000,11887.07890467
175.84375000,11891.41905018
175.87500000,11895.75894889
175.90625000,11900.09859621
175.93750000,11904.43798773
175.96875000,11908.77711917
176.00000000,11913.11598644
176.03125000,11917.45458560
176.06250000,11921.79291288
176.09375000,11926.13096467
176.12500000,11930.46873753
176.15625000,11934.80622818
176.18750000,11939.14343350
176.21875000,11943.48035056
176.25000000,11947.81697657
176.28125000,11952.15330893
176.31250000,11956.48934519
176.34375000,11960.82508308
176.37500000,11965.16052050
176.40625000,11969.49565551
176.43750000,11973.83048633
176.46875000,11978.16501139
176.50000000,11982.49922924
176.53125000,11986.83313863
176.56250000,11991.16673848
176.59375000,11995.50002786
176.62500000,11999.83300604
176.65625000,12004.16567243
176.68750000,12008.49802664
176.71875000,12012.83006842
176.75000000,12017.16179772
176.78125000,12021.49321464
176.81250000,12025.82431947
176.84375000,12030.15511264
176.87500000,12034.48559480
176.90625000,12038.81576671
176.93750000,12043.14562936
176.96875000,12047.47518386
177.00000000,12051.80443153
177.03125000,12056.13337382
177.06250000,12060.46201240
177.09375000,12064.79034906
177.12500000,12069.11838580
177.15625000,12073.44612475
177.18750000,12077.77356824
177.21875000,12082.10071876
177.25000000,12086.42757895
177.28125000,12090.75415165
177.31250000,12095.08043984
177.34375000,12099.40644667
177.37500000,12103.73217547
177.40625000,12108.05762973
177.43750000,12112.38281309
177.46875000,12116.70772938
177.50000000,12121.03238257
177.53125000,12125.35677681
177.56250000,12129.68091640
177.59375000,12134.00480582
177.62500000,12138.32844968
177.65625000,12142.65185279
177.68750000,12146.97502008
177.71875000,12151.29795667
177.75000000,12155.62066783
177.78125000,12159.94315897
177.81250000,12164.26543567
177.84375000,12168.58750368
177.87500000,12172.90936889
177.90625000,12177.23103733
177.93750000,12181.55251520
177.96875000,12185.87380885
178.00000000,12190.19492479
178.03125000,12194.51586965
178.06250000,12198.83665024
178.09375000,12203.15727351
178.12500000,12207.47774655
178.15625000,12211.79807658
178.18750000,12216.11827101
178.21875000,12220.43833735
178.25000000,12224.75828327
178.28125000,12229.07811658
178.31250000,12233.39784523
178.34375000,12237.71747730
178.37500000,12242.03702102
178.40625000,12246.35648474
178.43750000,12250.67587697
178.46875000,12254.99520633
178.50000000,12259.31448158
178.53125000,12263.63371161
178.56250000,12267.95290543
178.59375000,12272.27207221
178.62500000,12276.59122119
178.65625000,12280.91036180
178.68750000,12285.22950354
178.71875000,12289.54865607
178.75000000,12293.86782914
178.78125000,12298.18703263
178.81250000,12302.50627656
178.84375000,12306.82557102
178.87500000,12311.14492626
178.90625000,12315.46435261
178.93750000,12319.78386053
178.96875000,12324.10346059
179.00000000,12328.42316344
179.03125000,12332.74297986
179.06250000,12337.06292075
179.09375000,12341.38299708
179.12500000,12345.70321993
179.15625000,12350.02360049
179.18750000,12354.34415004
179.21875000,12358.66487995
179.25000000,12362.98580170
179.28125000,12367.30692684
179.31250000,12371.62826704
179.34375000,12375.94983403
179.37500000,12380.27163964
179.40625000,12384.59369578
179.43750000,12388.91601445
179.46875000,12393.23860772
179.50000000,12397.56148775
179.53125000,12401.88466678
179.56250000,12406.20815710
179.59375000,12410.53197111
179.62500000,12414.85612125
179.65625000,12419.18062005
179.68750000,12423.50548010
179.71875000,12427.83071406
179.75000000,12432.15633464
179.78125000,12436.48235463
179.81250000,12440.80878686
179.84375000,12445.13564424
179.87500000,12449.46293971
179.90625000,12453.79068630
179.93750000,12458.11889705
179.96875000,12462.44758508
180.00000000,12466.77676354
180.03125000,12471.10644563
180.06250000,12475.43664461
180.09375000,12479.76737375
180.12500000,12484.09864638
180.15625000,12488.43047587
180.18750000,12492.76287561
180.21875000,12497.09585903
180.25000000,12501.42943961
180.28125000,12505.76363081
180.31250000,12510.09844617
180.34375000,12514.43389923
180.37500000,12518.77000355
180.40625000,12523.10677271
180.43750000,12527.44422032
180.46875000,12531.78236000
180.50000000,12536.12120537
180.53125000,12540.46077009
180.56250000,12544.80106781
180.59375000,12549.14211218
180.62500000,12553.48391689
180.65625000,12557.82649559
180.68750000,12562.16986196
180.71875000,12566.51402967
180.75000000,12570.85901239
180.78125000,12575.20482377
180.81250000,12579.55147748
180.84375000,12583.89898716
180.87500000,12588.24736644
180.90625000,12592.59662895
180.93750000,12596.94678828
180.96875000,12601.29785803
181.00000000,12605.64985175
181.03125000,12610.00278299
181.06250000,12614.35666527
181.09375000,12618.71151209
181.12500000,12623.06733690
181.15625000,12627.42415314
181.18750000,12631.78197421
181.21875000,12636.14081347
181.25000000,12640.50068426
181.28125000,12644.86159986
181.31250000,12649.22357351
181.34375000,12653.58661844
181.37500000,12657.95074778
181.40625000,12662.31597466
181.43750000,12666.68231214
181.46875000,12671.04977322
181.50000000,12675.41837088
181.53125000,12679.78811800
181.56250000,12684.15902743
181.59375000,12688.53111196
181.62500000,12692.90438432
181.65625000,12697.27885715
181.68750000,12701.65454307
181.71875000,12706.03145458
181.75000000,12710.40960415
181.78125000,12714.78900417
181.81250000,12719.16966695
181.84375000,12723.55160473
181.87500000,12727.93482966
181.90625000,12732.31935384
181.93750000,12736.70518925
181.96875000,12741.09234781
182.00000000,12745.48084137
182.03125000,12749.87068167
182.06250000,12754.26188035
182.09375000,12758.65444900
182.12500000,12763.04839909
182.15625000,12767.44374200
182.18750000,12771.84048902
182.21875000,12776.23865133
182.25000000,12780.63824003
182.28125000,12785.03926610
182.31250000,12789.44174044
182.34375000,12793.84567382
182.37500000,12798.25107693
182.40625000,12802.65796032
182.43750000,12807.06633447
182.46875000,12811.47620972
182.50000000,12815.88759630
182.53125000,12820.30050435
182.56250000,12824.71494386
182.59375000,12829.13092472
182.62500000,12833.54845672
182.65625000,12837.96754949
182.68750000,12842.38821257
182.71875000,12846.81045536
182.75000000,12851.23428715
182.78125000,12855.65971708
182.81250000,12860.08675419
182.84375000,12864.51540736
182.87500000,12868.94568538
182.90625000,12873.37759688
182.93750000,12877.81115035
182.96875000,12882.24635417
183.00000000,12886.68321657
183.03125000,12891.12174564
183.06250000,12895.56194934
183.09375000,12900.00383549
183.12500000,12904.44741176
183.15625000,12908.89268569
183.18750000,12913.33966467
183.21875000,12917.78835594
183.25000000,12922.23876661
183.28125000,12926.69090364
183.31250000,12931.14477382
183.34375000,12935.60038383
183.37500000,12940.05774015
183.40625000,12944.51684917
183.43750000,12948.97771707
183.46875000,12953.44034992
183.50000000,12957.90475361
183.53125000,12962.37093388
183.56250000,12966.83889634
183.59375000,12971.30864640
183.62500000,12975.78018936
183.65625000,12980.25353031
183.68750000,12984.72867423
183.71875000,12989.20562591
183.75000000,12993.68438999
183.78125000,12998.16497095
183.81250000,13002.64737311
183.84375000,13007.13160061
183.87500000,13011.61765745
183.90625000,13016.10554746
183.93750000,13020.59527429
183.96875000,13025.08684145
184.00000000,13029.58025226
184.03125000,13034.07550990
184.06250000,13038.57261736
184.09375000,13043.07157747
184.12500000,13047.57239289
184.15625000,13052.07506614
184.18750000,13056.57959952
184.21875000,13061.08599521
184.25000000,13065.59425520
184.28125000,13070.10438131
184.31250000,13074.61637518
184.34375000,13079.13023831
184.37500000,13083.64597201
184.40625000,13088.16357741
184.43750000,13092.68305549
184.46875000,13097.20440706
184.50000000,13101.72763275
184.53125000,13106.25273300
184.56250000,13110.77970812
184.59375000,13115.30855823
184.62500000,13119.83928326
184.65625000,13124.37188300
184.68750000,13128.90635705
184.71875000,13133.44270485
184.75000000,13137.98092567
184.78125000,13142.52101859
184.81250000,13147.06298254
184.84375000,13151.60681628
184.87500000,13156.15251838
184.90625000,13160.70008726
184.93750000,13165.24952117
184.96875000,13169.80081817
185.00000000,13174.35397618
185.03125000,13178.90899292
185.06250000,13183.46586598
185.09375000,13188.02459274
185.12500000,13192.58517044
185.15625000,13197.14759615
185.18750000,13201.71186677
185.21875000,13206.27797902
185.25000000,13210.84592947
185.28125000,13215.41571454
185.31250000,13219.98733045
185.34375000,13224.56077327
185.37500000,13229.13603892
185.40625000,13233.71312315
185.43750000,13238.29202153
185.46875000,13242.87272950
185.50000000,13247.45524232
185.53125000,13252.03955508
185.56250000,13256.62566274
185.59375000,13261.21356007
185.62500000,13265.80324171
185.65625000,13270.39470213
185.68750000,13274.98793564
185.71875000,13279.58293640
185.75000000,13284.17969842
185.78125000,13288.77821556
185.81250000,13293.37848151
185.84375000,13297.98048982
185.87500000,13302.58423389
185.90625000,13307.18970698
185.93750000,13311.79690219
185.96875000,13316.40581246
186.00000000,13321.01643062
186.03125000,13325.62874932
186.06250000,13330.24276109
186.09375000,13334.85845831
186.12500000,13339.47583321
186.15625000,13344.09487789
186.18750000,13348.71558430
186.21875000,13353.33794428
186.25000000,13357.96194950
186.28125000,13362.58759151
186.31250000,13367.21486174
186.34375000,13371.84375145
186.37500000,13376.47425182
186.40625000,13381.10635385
186.43750000,13385.74004844
186.46875000,13390.37532637
186.50000000,13395.01217827
186.53125000,13399.65059466
186.56250000,13404.29056595
186.59375000,13408.93208240
186.62500000,13413.57513417
186.65625000,13418.21971130
186.68750000,13422.86580371
186.71875000,13427.51340121
186.75000000,13432.16249350
186.78125000,13436.81307015
186.81250000,13441.46512064
186.84375000,13446.11863434
186.87500000,13450.77360050
186.90625000,13455.43000828
186.93750000,13460.08784672
186.96875000,13464.74710478
187.00000000,13469.40777130
187.03125000,13474.06983504
187.06250000,13478.73328465
187.09375000,13483.39810869
187.12500000,13488.06429562
187.15625000,13492.73183383
187.18750000,13497.40071161
187.21875000,13502.07091714
187.25000000,13506.74243855
187.28125000,13511.41526387
187.31250000,13516.08938106
187.34375000,13520.76477796
187.37500000,13525.44144240
187.40625000,13530.11936206
187.43750000,13534.79852461
187.46875000,13539.47891761
187.50000000,13544.16052855
187.53125000,13548.84334488
187.56250000,13553.52735395
187.59375000,13558.21254307
187.62500000,13562.89889947
187.65625000,13567.58641034
187.68750000,13572.27506279
187.71875000,13576.96484390
187.75000000,13581.65574065
187.78125000,13586.34774002
187.81250000,13591.04082892
187.84375000,13595.73499419
187.87500000,13600.43022266
187.90625000,13605.12650109
187.93750000,13609.82381620
187.96875000,13614.52215470
188.00000000,13619.22150321
188.03125000,13623.92184837
188.06250000,13628.62317674
188.09375000,13633.32547487
188.12500000,13638.02872929
188.15625000,13642.73292648
188.18750000,13647.43805292
188.21875000,13652.14409503
188.25000000,13656.85103926
188.28125000,13661.55887199
188.31250000,13666.26757961
188.34375000,13670.97714850
188.37500000,13675.68756502
188.40625000,13680.39881551
188.43750000,13685.11088631
188.46875000,13689.82376376
188.50000000,13694.53743419
188.53125000,13699.25188393
188.56250000,13703.96709930
188.59375000,13708.68306664
188.62500000,13713.39977228
188.65625000,13718.11720257
188.68750000,13722.83534386
188.71875000,13727.55418250
188.75000000,13732.27370489
188.78125000,13736.99389739
188.81250000,13741.71474643
188.84375000,13746.43623843
188.87500000,13751.15835984
188.90625000,13755.88109714
188.93750000,13760.60443682
188.96875000,13765.32836540
189.00000000,13770.05286946
189.03125000,13774.77793556
189.06250000,13779.50355035
189.09375000,13784.22970047
189.12500000,13788.95637262
189.15625000,13793.68355355
189.18750000,13798.41123004
189.21875000,13803.13938890
189.25000000,13807.86801702
189.28125000,13812.59710131
189.31250000,13817.32662874
189.34375000,13822.05658635
189.37500000,13826.78696120
189.40625000,13831.51774045
189.43750000,13836.24891127
189.46875000,13840.98046093
189.50000000,13845.71237674
189.53125000,13850.44464610
189.56250000,13855.17725645
189.59375000,13859.91019531
189.62500000,13864.64345027
189.65625000,13869.37700899
189.68750000,13874.11085921
189.71875000,13878.84498876
189.75000000,13883.57938550
189.78125000,13888.31403743
189.81250000,13893.04893260
189.84375000,13897.78405914
189.87500000,13902.51940528
189.90625000,13907.25495934
189.93750000,13911.99070971
189.96875000,13916.72664488
190.00000000,13921.46275346
190.03125000,13926.19902411
190.06250000,13930.93544562
190.09375000,13935.67200686
190.12500000,13940.40869681
190.15625000,13945.14550456
190.18750000,13949.88241927
190.21875000,13954.61943025
190.25000000,13959.35652689
190.28125000,13964.09369869
190.31250000,13968.83093526
190.34375000,13973.56822633
190.37500000,13978.30556175
190.40625000,13983.04293146
190.43750000,13987.78032555
190.46875000,13992.51773419
190.50000000,13997.25514770
190.53125000,14001.99255651
190.56250000,14006.72995117
190.59375000,14011.46732236
190.62500000,14016.20466090
190.65625000,14020.94195769
190.68750000,14025.67920382
190.71875000,14030.41639046
190.75000000,14035.15350893
190.78125000,14039.89055070
190.81250000,14044.62750735
190.84375000,14049.36437060
190.87500000,14054.10113231
190.90625000,14058.83778448
190.93750000,14063.57431925
190.96875000,14068.31072889
191.00000000,14073.04700582
191.03125000,14077.78314261
191.06250000,14082.51913196
191.09375000,14087.25496672
191.12500000,14091.99063989
191.15625000,14096.72614462
191.18750000,14101.46147418
191.21875000,14106.19662204
191.25000000,14110.93158178
191.28125000,14115.66634714
191.31250000,14120.40091203
191.34375000,14125.13527048
191.37500000,14129.86941671
191.40625000,14134.60334508
191.43750000,14139.33705010
191.46875000,14144.07052644
191.50000000,14148.80376893
191.53125000,14153.53677257
191.56250000,14158.26953250
191.59375000,14163.00204403
191.62500000,14167.73430263
191.65625000,14172.46630393
191.68750000,14177.19804373
191.71875000,14181.92951797
191.75000000,14186.66072279
191.78125000,14191.39165446
191.81250000,14196.12230943
191.84375000,14200.85268432
191.87500000,14205.58277590
191.90625000,14210.31258113
191.93750000,14215.04209711
191.96875000,14219.77132113
192.00000000,14224.50025063
192.03125000,14229.22888323
192.06250000,14233.95721672
192.09375000,14238.68524904
192.12500000,14243.41297833
192.15625000,14248.14040286
192.18750000,14252.86752111
192.21875000,14257.59433171
192.25000000,14262.32083345
192.28125000,14267.04702531
192.31250000,14271.77290643
192.34375000,14276.49847612
192.37500000,14281.22373388
192.40625000,14285.94867934
192.43750000,14290.67331234
192.46875000,14295.39763287
192.50000000,14300.12164111
192.53125000,14304.84533738
192.56250000,14309.56872221
192.59375000,14314.29179626
192.62500000,14319.01456039
192.65625000,14323.73701561
192.68750000,14328.45916313
192.71875000,14333.18100430
192.75000000,14337.90254064
192.78125000,14342.62377388
192.81250000,14347.34470586
192.84375000,14352.06533864
192.87500000,14356.78567442
192.90625000,14361.50571557
192.93750000,14366.22546465
192.96875000,14370.94492436
193.00000000,14375.66409759
193.03125000,14380.38298738
193.06250000,14385.10159694
193.09375000,14389.81992965
193.12500000,14394.53798906
193.15625000,14399.25577888
193.18750000,14403.97330298
193.21875000,14408.69056539
193.25000000,14413.40757032
193.28125000,14418.12432213
193.31250000,14422.84082533
193.34375000,14427.55708462
193.37500000,14432.27310485
193.40625000,14436.98889100
193.43750000,14441.70444826
193.46875000,14446.41978193
193.50000000,14451.13489750
193.53125000,14455.84980059
193.56250000,14460.56449701
193.59375000,14465.27899268
193.62500000,14469.99329372
193.65625000,14474.70740636
193.68750000,14479.42133700
193.71875000,14484.13509221
193.75000000,14488.84867868
193.78125000,14493.56210326
193.81250000,14498.27537294
193.84375000,14502.98849487
193.87500000,14507.70147634
193.90625000,14512.41432478
193.93750000,14517.12704776
193.96875000,14521.83965300
194.00000000,14526.55214836
194.03125000,14531.26454184
194.06250000,14535.97684155
194.09375000,14540.68905579
194.12500000,14545.40119296
194.15625000,14550.11326158
194.18750000,14554.82527035
194.21875000,14559.53722806
194.25000000,14564.24914365
194.28125000,14568.96102618
194.31250000,14573.67288484
194.34375000,14578.38472895
194.37500000,14583.09656794
194.40625000,14587.80841139
194.43750000,14592.52026898
194.46875000,14597.23215051
194.50000000,14601.94406591
194.53125000,14606.65602521
194.56250000,14611.36803858
194.59375000,14616.08011627
194.62500000,14620.79226867
194.65625000,14625.50450627
194.68750000,14630.21683968
194.71875000,14634.92927959
194.75000000,14639.64183683
194.78125000,14644.35452230
194.81250000,14649.06734703
194.84375000,14653.78032213
194.87500000,14658.49345882
194.90625000,14663.20676842
194.93750000,14667.92026233
194.96875000,14672.63395205
195.00000000,14677.34784919
195.03125000,14682.06196542
195.06250000,14686.77631252
195.09375000,14691.49090233
195.12500000,14696.20574682
195.15625000,14700.92085798
195.18750000,14705.63624794
195.21875000,14710.35192887
195.25000000,14715.06791304
195.28125000,14719.78421277
195.31250000,14724.50084047
195.34375000,14729.21780863
195.37500000,14733.93512978
195.40625000,14738.65281654
195.43750000,14743.37088159
195.46875000,14748.08933767
195.50000000,14752.80819758
195.53125000,14757.52747418
195.56250000,14762.24718040
195.59375000,14766.96732920
195.62500000,14771.68793360
195.65625000,14776.40900670
195.68750000,14781.13056160
195.71875000,14785.85261149
195.75000000,14790.57516958
195.78125000,14795.29824914
195.81250000,14800.02186345
195.84375000,14804.74602587
195.87500000,14809.47074976
195.90625000,14814.19604853
195.93750000,14818.92193564
195.96875000,14823.64842454
196.00000000,14828.37552874
196.03125000,14833.10326177
196.06250000,14837.83163718
196.09375000,14842.56066853
196.12500000,14847.29036942
196.15625000,14852.02075345
196.18750000,14856.75183426
196.21875000,14861.48362547
196.25000000,14866.21614074
196.28125000,14870.94939372
196.31250000,14875.68339808
196.34375000,14880.41816749
196.37500000,14885.15371561
196.40625000,14889.89005612
196.43750000,14894.62720269
196.46875000,14899.36516898
196.50000000,14904.10396865
196.53125000,14908.84361536
196.56250000,14913.58412275
196.59375000,14918.32550444
196.62500000,14923.06777406
196.65625000,14927.81094519
196.68750000,14932.55503141
196.71875000,14937.30004630
196.75000000,14942.04600337
196.78125000,14946.79291615
196.81250000,14951.54079810
196.84375000,14956.28966270
196.87500000,14961.03952335
196.90625000,14965.79039345
196.93750000,14970.54228634
196.96875000,14975.29521535
197.00000000,14980.04919376
197.03125000,14984.80423478
197.06250000,14989.56035161
197.09375000,14994.31755740
197.12500000,14999.07586524
197.15625000,15003.83528817
197.18750000,15008.59583920
197.21875000,15013.35753124
197.25000000,15018.12037720
197.28125000,15022.88438989
197.31250000,15027.64958207
197.34375000,15032.41596646
197.37500000,15037.18355568
197.40625000,15041.95236231
197.43750000,15046.72239885
197.46875000,15051.49367773
197.50000000,15056.26621132
197.53125000,15061.04001190
197.56250000,15065.81509168
197.59375000,15070.59146280
197.62500000,15075.36913731
197.65625000,15080.14812718
197.68750000,15084.92844430
197.71875000,15089.71010048
197.75000000,15094.49310743
197.78125000,15099.27747677
197.81250000,15104.06322005
197.84375000,15108.85034871
197.87500000,15113.63887409
197.90625000,15118.42880745
197.93750000,15123.22015995
197.96875000,15128.01294264
198.00000000,15132.80716648
198.03125000,15137.60284231
198.06250000,15142.39998088
198.09375000,15147.19859284
198.12500000,15151.99868871
198.15625000,15156.80027892
198.18750000,15161.60337378
198.21875000,15166.40798347
198.25000000,15171.21411810
198.28125000,15176.02178762
198.31250000,15180.83100188
198.34375000,15185.64177062
198.37500000,15190.45410343
198.40625000,15195.26800981
198.43750000,15200.08349912
198.46875000,15204.90058060
198.50000000,15209.71926336
198.53125000,15214.53955638
198.56250000,15219.36146851
198.59375000,15224.18500848
198.62500000,15229.01018487
198.65625000,15233.83700614
198.68750000,15238.66548062
198.71875000,15243.49561649
198.75000000,15248.32742179
198.78125000,15253.16090443
198.81250000,15257.99607219
198.84375000,15262.83293269
198.87500000,15267.67149342
198.90625000,15272.51176171
198.93750000,15277.35374476
198.96875000,15282.19744963
199.00000000,15287.04288322
199.03125000,15291.89005229
199.06250000,15296.73896343
199.09375000,15301.58962311
199.12500000,15306.44203764
199.15625000,15311.29621316
199.18750000,15316.15215568
199.21875000,15321.00987105
199.25000000,15325.86936495
199.28125000,15330.73064292
199.31250000,15335.59371034
199.34375000,15340.45857243
199.37500000,15345.32523425
199.40625000,15350.19370071
199.43750000,15355.06397655
199.46875000,15359.93606636
199.50000000,15364.80997456
199.53125000,15369.68570540
199.56250000,15374.56326298
199.59375000,15379.44265125
199.62500000,15384.32387396
199.65625000,15389.20693472
199.68750000,15394.09183697
199.71875000,15398.97858400
199.75000000,15403.86717890
199.78125000,15408.75762461
199.81250000,15413.64992392
199.84375000,15418.54407943
199.87500000,15423.44009358
199.90625000,15428.33796863
199.93750000,15433.23770670
199.96875000,15438.13930971
200.00000000,15443.04277942
200.03125000,15447.94811744
200.06250000,15452.85532519
200.09375000,15457.76440391
200.12500000,15462.67535470
200.15625000,15467.58817846
200.18750000,15472.50287595
200.21875000,15477.41944773
200.25000000,15482.33789420
200.28125000,15487.25821559
200.31250000,15492.18041197
200.34375000,15497.10448322
200.37500000,15502.03042907
200.40625000,15506.95824904
200.43750000,15511.88794254
200.46875000,15516.81950875
200.50000000,15521.75294672
200.53125000,15526.68825530
200.56250000,15531.62543320
200.59375000,15536.56447894
200.62500000,15541.50539087
200.65625000,15546.44816718
200.68750000,15551.39280589
200.71875000,15556.33930483
200.75000000,15561.28766169
200.78125000,15566.23787398
200.81250000,15571.18993905
200.84375000,15576.14385406
200.87500000,15581.09961603
200.90625000,15586.05722179
200.93750000,15591.01666802
200.96875000,15595.97795124
201.00000000,15600.94106778
201.03125000,15605.90601383
201.06250000,15610.87278540
201.09375000,15615.84137835
201.12500000,15620.81178837
201.15625000,15625.78401098
201.18750000,15630.75804156
201.21875000,15635.73387532
201.25000000,15640.71150730
201.28125000,15645.69093238
201.31250000,15650.67214531
201.34375000,15655.65514066
201.37500000,15660.63991283
201.40625000,15665.62645611
201.43750000,15670.61476458
201.46875000,15675.60483221
201.50000000,15680.59665279
201.53125000,15685.59021998
201.56250000,15690.58552727
201.59375000,15695.58256801
201.62500000,15700.58133540
201.65625000,15705.58182249
201.68750000,15710.58402219
201.71875000,15715.58792725
201.75000000,15720.59353029
201.78125000,15725.60082379
201.81250000,15730.60980006
201.84375000,15735.62045131
201.87500000,15740.63276958
201.90625000,15745.64674678
201.93750000,15750.66237468
201.96875000,15755.67964492
202.00000000,15760.69854901
202.03125000,15765.71907832
202.06250000,15770.74122408
202.09375000,15775.76497740
202.12500000,15780.79032926
202.15625000,15785.81727052
202.18750000,15790.84579189
202.21875000,15795.87588397
202.25000000,15800.90753725
202.28125000,15805.94074207
202.31250000,15810.97548868
202.34375000,15816.01176718
202.37500000,15821.04956757
202.40625000,15826.08887974
202.43750000,15831.12969346
202.46875000,15836.17199838
202.50000000,15841.21578404
202.53125000,15846.26103988
202.56250000,15851.30775524
202.59375000,15856.35591932
202.62500000,15861.40552125
202.65625000,15866.45655005
202.68750000,15871.50899462
202.71875000,15876.56284379
202.75000000,15881.61808626
202.78125000,15886.67471067
202.81250000,15891.73270553
202.84375000,15896.79205930
202.87500000,15901.85276030
202.90625000,15906.91479680
202.93750000,15911.97815698
202.96875000,15917.04282891
203.00000000,15922.10880059
203.03125000,15927.17605996
203.06250000,15932.24459485
203.09375000,15937.31439303
203.12500000,15942.38544220
203.15625000,15947.45772995
203.18750000,15952.53124385
203.21875000,15957.60597137
203.25000000,15962.68189992
203.28125000,15967.75901683
203.31250000,15972.83730940
203.34375000,15977.91676483
203.37500000,15982.99737028
203.40625000,15988.07911286
203.43750000,15993.16197962
203.46875000,15998.24595753
203.50000000,16003.33103354
203.53125000,16008.41719454
203.56250000,16013.50442738
203.59375000,16018.59271884
203.62500000,16023.68205570
203.65625000,16028.77242465
203.68750000,16033.86381237
203.71875000,16038.95620549
203.75000000,16044.04959063
203.78125000,16049.14395434
203.81250000,16054.23928317
203.84375000,16059.33556362
203.87500000,16064.43278218
203.90625000,16069.53092530
203.93750000,16074.62997942
203.96875000,16079.72993095
204.00000000,16084.83076629
204.03125000,16089.93247183
204.06250000,16095.03503392
204.09375000,16100.13843893
204.12500000,16105.24267319
204.15625000,16110.34772306
204.18750000,16115.45357485
204.21875000,16120.56021491
204.25000000,16125.66762955
204.28125000,16130.77580511
204.31250000,16135.88472792
204.34375000,16140.99438432
204.37500000,16146.10476065
204.40625000,16151.21584327
204.43750000,16156.32761854
204.46875000,16161.44007285
204.50000000,16166.55319260
204.53125000,16171.66696419
204.56250000,16176.78137406
204.59375000,16181.89640867
204.62500000,16187.01205449
204.65625000,16192.12829805
204.68750000,16197.24512587
204.71875000,16202.36252453
204.75000000,16207.48048062
204.78125000,16212.59898077
204.81250000,16217.71801167
204.84375000,16222.83756002
204.87500000,16227.95761258
204.90625000,16233.07815614
204.93750000,16238.19917754
204.96875000,16243.32066367
205.00000000,16248.44260148
205.03125000,16253.56497794
205.06250000,16258.68778011
205.09375000,16263.81099508
205.12500000,16268.93461001
205.15625000,16274.05861212
205.18750000,16279.18298868
205.21875000,16284.30772703
205.25000000,16289.43281459
205.28125000,16294.55823882
205.31250000,16299.68398727
205.34375000,16304.81004755
205.37500000,16309.93640736
205.40625000,16315.06305445
205.43750000,16320.18997667
205.46875000,16325.31716194
205.50000000,16330.44459826
205.53125000,16335.57227370
205.56250000,16340.70017645
205.59375000,16345.82829476
205.62500000,16350.95661696
205.65625000,16356.08513150
205.68750000,16361.21382690
205.71875000,16366.34269177
205.75000000,16371.47171484
205.78125000,16376.60088492
205.81250000,16381.73019091
205.84375000,16386.85962183
205.87500000,16391.98916680
205.90625000,16397.11881503
205.93750000,16402.24855585
205.96875000,16407.37837869
206.00000000,16412.50827310
206.03125000,16417.63822872
206.06250000,16422.76823533
206.09375000,16427.89828279
206.12500000,16433.02836112
206.15625000,16438.15846041
206.18750000,16443.28857090
206.21875000,16448.41868294
206.25000000,16453.54878701
206.28125000,16458.67887371
206.31250000,16463.80893374
206.34375000,16468.93895796
206.37500000,16474.06893736
206.40625000,16479.19886302
206.43750000,16484.32872619
206.46875000,16489.45851823
206.50000000,16494.58823064
206.53125000,16499.71785506
206.56250000,16504.84738325
206.59375000,16509.97680713
206.62500000,16515.10611874
206.65625000,16520.23531026
206.68750000,16525.36437403
206.71875000,16530.49330251
206.75000000,16535.62208830
206.78125000,16540.75072417
206.81250000,16545.87920302
206.84375000,16551.00751790
206.87500000,16556.13566199
206.90625000,16561.26362865
206.93750000,16566.39141138
206.96875000,16571.51900380
207.00000000,16576.64639973
207.03125000,16581.77359310
207.06250000,16586.90057803
207.09375000,16592.02734877
207.12500000,16597.15389974
207.15625000,16602.28022550
207.18750000,16607.40632078
207.21875000,16612.53218047
207.25000000,16617.65779961
207.28125000,16622.78317340
207.31250000,16627.90829721
207.34375000,16633.03316657
207.37500000,16638.15777715
207.40625000,16643.28212481
207.43750000,16648.40620557
207.46875000,16653.53001559
207.50000000,16658.65355123
207.53125000,16663.77680898
207.56250000,16668.89978551
207.59375000,16674.02247767
207.62500000,16679.14488246
207.65625000,16684.26699704
207.68750000,16689.38881876
207.71875000,16694.51034513
207.75000000,16699.63157380
207.78125000,16704.75250264
207.81250000,16709.87312965
207.84375000,16714.99345301
207.87500000,16720.11347107
207.90625000,16725.23318235
207.93750000,16730.35258555
207.96875000,16735.47167951
208.00000000,16740.59046328
208.03125000,16745.70893606
208.06250000,16750.82709721
208.09375000,16755.94494628
208.12500000,16761.06248298
208.15625000,16766.17970720
208.18750000,16771.29661899
208.21875000,16776.41321858
208.25000000,16781.52950636
208.28125000,16786.64548291
208.31250000,16791.76114896
208.34375000,16796.87650542
208.37500000,16801.99155337
208.40625000,16807.10629406
208.43750000,16812.22072891
208.46875000,16817.33485951
208.50000000,16822.44868763
208.53125000,16827.56221517
208.56250000,16832.67544426
208.59375000,16837.78837714
208.62500000,16842.90101627
208.65625000,16848.01336423
208.68750000,16853.12542380
208.71875000,16858.23719792
208.75000000,16863.34868969
208.78125000,16868.45990238
208.81250000,16873.57083943
208.84375000,16878.68150444
208.87500000,16883.79190118
208.90625000,16888.90203356
208.93750000,16894.01190570
208.96875000,16899.12152183
209.00000000,16904.23088639
209.03125000,16909.34000395
209.06250000,16914.44887925
209.09375000,16919.55751718
209.12500000,16924.66592282
209.15625000,16929.77410137
209.18750000,16934.88205821
209.21875000,16939.98979888
209.25000000,16945.09732905
209.28125000,16950.20465458
209.31250000,16955.31178145
209.34375000,16960.41871582
209.37500000,16965.52546400
209.40625000,16970.63203242
209.43750000,16975.73842770
209.46875000,16980.84465659
209.50000000,16985.95072598
209.53125000,16991.05664294
209.56250000,16996.16241463
209.59375000,17001.26804842
209.62500000,17006.37355177
209.65625000,17011.47893231
209.68750000,17016.58419781
209.71875000,17021.68935617
209.75000000,17026.79441544
209.78125000,17031.89938379
209.81250000,17037.00426955
209.84375000,17042.10908117
209.87500000,17047.21382723
209.90625000,17052.31851645
209.93750000,17057.42315769
209.96875000,17062.52775991
210.00000000,17067.63233224
210.03125000,17072.73688390
210.06250000,17077.84142425
210.09375000,17082.94596278
210.12500000,17088.05050910
210.15625000,17093.15507292
210.18750000,17098.25966409
210.21875000,17103.36429258
210.25000000,17108.46896847
210.28125000,17113.57370196
210.31250000,17118.67850334
210.34375000,17123.78338304
210.37500000,17128.88835159
210.40625000,17133.99341963
210.43750000,17139.09859789
210.46875000,17144.20389724
210.50000000,17149.30932861
210.53125000,17154.41490306
210.56250000,17159.52063175
210.59375000,17164.62652592
210.62500000,17169.73259692
210.65625000,17174.83885620
210.68750000,17179.94531529
210.71875000,17185.05198581
210.75000000,17190.15887948
210.78125000,17195.26600809
210.81250000,17200.37338354
210.84375000,17205.48101779
210.87500000,17210.58892290
210.90625000,17215.69711100
210.93750000,17220.80559429
210.96875000,17225.91438506
211.00000000,17231.02349568
211.03125000,17236.13293857
211.06250000,17241.24272623
211.09375000,17246.35287123
211.12500000,17251.46338621
211.15625000,17256.57428388
211.18750000,17261.68557698
211.21875000,17266.79727835
211.25000000,17271.90940086
211.28125000,17277.02195746
211.31250000,17282.13496113
211.34375000,17287.24842492
211.37500000,17292.36236191
211.40625000,17297.47678527
211.43750000,17302.59170816
211.46875000,17307.70714383
211.50000000,17312.82310555
211.53125000,17317.93960662
211.56250000,17323.05666041
211.59375000,17328.17428031
211.62500000,17333.29247972
211.65625000,17338.41127211
211.68750000,17343.53067095
211.71875000,17348.65068976
211.75000000,17353.77134207
211.78125000,17358.89264144
211.81250000,17364.01460144
211.84375000,17369.13723568
211.87500000,17374.26055777
211.90625000,17379.38458133
211.93750000,17384.50932001
211.96875000,17389.63478745
212.00000000,17394.76099733
212.03125000,17399.88796330
212.06250000,17405.01569904
212.09375000,17410.14421821
212.12500000,17415.27353449
212.15625000,17420.40366154
212.18750000,17425.53461303
212.21875000,17430.66640262
212.25000000,17435.79904396
212.28125000,17440.93255068
212.31250000,17446.06693640
212.34375000,17451.20221474
212.37500000,17456.33839929
212.40625000,17461.47550362
212.43750000,17466.61354127
212.46875000,17471.75252579
212.50000000,17476.89247066
212.53125000,17482.03338936
212.56250000,17487.17529534
212.59375000,17492.31820200
212.62500000,17497.46212271
212.65625000,17502.60707083
212.68750000,17507.75305965
212.71875000,17512.90010243
212.75000000,17518.04821239
212.78125000,17523.19740270
212.81250000,17528.34768650
212.84375000,17533.49907685
212.87500000,17538.65158679
212.90625000,17543.80522928
212.93750000,17548.96001726
212.96875000,17554.11596358
213.00000000,17559.27308105
213.03125000,17564.43138240
213.06250000,17569.59088032
213.09375000,17574.75158742
213.12500000,17579.91351626
213.15625000,17585.07667931
213.18750000,17590.24108897
213.21875000,17595.40675759
213.25000000,17600.57369742
213.28125000,17605.74192066
213.31250000,17610.91143940
213.34375000,17616.08226567
213.37500000,17621.25441142
213.40625000,17626.42788850
213.43750000,17631.60270870
213.46875000,17636.77888368
213.50000000,17641.95642506
213.53125000,17647.13534433
213.56250000,17652.31565290
213.59375000,17657.49736210
213.62500000,17662.68048314
213.65625000,17667.86502714
213.68750000,17673.05100513
213.71875000,17678.23842802
213.75000000,17683.42730663
213.78125000,17688.61765166
213.81250000,17693.80947373
213.84375000,17699.00278332
213.87500000,17704.19759081
213.90625000,17709.39390649
213.93750000,17714.59174050
213.96875000,17719.79110290
214.00000000,17724.99200360
214.03125000,17730.19445242
214.06250000,17735.39845903
214.09375000,17740.60403302
214.12500000,17745.81118382
214.15625000,17751.01992076
214.18750000,17756.23025302
214.21875000,17761.44218967
214.25000000,17766.65573965
214.28125000,17771.87091177
214.31250000,17777.08771471
214.34375000,17782.30615701
214.37500000,17787.52624708
214.40625000,17792.74799319
214.43750000,17797.97140348
214.46875000,17803.19648596
214.50000000,17808.42324847
214.53125000,17813.65169875
214.56250000,17818.88184437
214.59375000,17824.11369276
214.62500000,17829.34725122
214.65625000,17834.58252690
214.68750000,17839.81952679
214.71875000,17845.05825775
214.75000000,17850.29872648
214.78125000,17855.54093954
214.81250000,17860.78490332
214.84375000,17866.03062410
214.87500000,17871.27810796
214.90625000,17876.52736085
214.93750000,17881.77838856
214.96875000,17887.03119675
215.00000000,17892.28579087
215.03125000,17897.54217627
215.06250000,17902.80035810
215.09375000,17908.06034137
215.12500000,17913.32213094
215.15625000,17918.58573149
215.18750000,17923.85114755
215.21875000,17929.11838349
215.25000000,17934.38744350
215.28125000,17939.65833164
215.31250000,17944.93105177
215.34375000,17950.20560762
215.37500000,17955.48200272
215.40625000,17960.76024046
215.43750000,17966.04032407
215.46875000,17971.32225658
215.50000000,17976.60604089
215.53125000,17981.89167971
215.56250000,17987.17917558
215.59375000,17992.46853090
215.62500000,17997.75974788
215.65625000,18003.05282855
215.68750000,18008.34777479
215.71875000,18013.64458831
215.75000000,18018.94327064
215.78125000,18024.24382315
215.81250000,18029.54624703
215.84375000,18034.85054331
215.87500000,18040.15671285
215.90625000,18045.46475632
215.93750000,18050.77467424
215.96875000,18056.08646695
216.00000000,18061.40013463
216.03125000,18066.71567727
216.06250000,18072.03309471
216.09375000,18077.35238660
216.12500000,18082.67355243
216.15625000,18087.99659152
216.18750000,18093.32150301
216.21875000,18098.64828589
216.25000000,18103.97693896
216.28125000,18109.30746085
216.31250000,18114.63985002
216.34375000,18119.97410479
216.37500000,18125.31022326
216.40625000,18130.64820341
216.43750000,18135.98804301
216.46875000,18141.32973970
216.50000000,18146.67329091
216.53125000,18152.01869394
216.56250000,18157.36594590
216.59375000,18162.71504375
216.62500000,18168.06598426
216.65625000,18173.41876406
216.68750000,18178.77337960
216.71875000,18184.12982716
216.75000000,18189.48810288
216.78125000,18194.84820270
216.81250000,18200.21012244
216.84375000,18205.57385771
216.87500000,18210.93940401
216.90625000,18216.30675663
216.93750000,18221.67591074
216.96875000,18227.04686132
217.00000000,18232.41960321
217.03125000,18237.79413109
217.06250000,18243.17043948
217.09375000,18248.54852273
217.12500000,18253.92837506
217.15625000,18259.30999052
217.18750000,18264.69336302
217.21875000,18270.07848630
217.25000000,18275.46535395
217.28125000,18280.85395942
217.31250000,18286.24429602
217.34375000,18291.63635688
217.37500000,18297.03013501
217.40625000,18302.42562327
217.43750000,18307.82281435
217.46875000,18313.22170084
217.50000000,18318.62227514
217.53125000,18324.02452955
217.56250000,18329.42845620
217.59375000,18334.83404709
217.62500000,18340.24129409
217.65625000,18345.65018892
217.68750000,18351.06072318
217.71875000,18356.47288832
217.75000000,18361.88667566
217.78125000,18367.30207641
217.81250000,18372.71908161
217.84375000,18378.13768222
217.87500000,18383.55786902
217.90625000,18388.97963272
217.93750000,18394.40296385
217.96875000,18399.82785286
218.00000000,18405.25429006
218.03125000,18410.68226564
218.06250000,18416.11176968
218.09375000,18421.54279214
218.12500000,18426.97532285
218.15625000,18432.40935155
218.18750000,18437.84486785
218.21875000,18443.28186126
218.25000000,18448.72032119
218.28125000,18454.16023691
218.31250000,18459.60159762
218.34375000,18465.04439240
218.37500000,18470.48861023
218.40625000,18475.93423998
218.43750000,18481.38127045
218.46875000,18486.82969030
218.50000000,18492.27948814
218.53125000,18497.73065246
218.56250000,18503.18317166
218.59375000,18508.63703406
218.62500000,18514.09222788
218.65625000,18519.54874127
218.68750000,18525.00656229
218.71875000,18530.46567890
218.75000000,18535.92607901
218.78125000,18541.38775043
218.81250000,18546.85068089
218.84375000,18552.31485807
218.87500000,18557.78026956
218.90625000,18563.24690287
218.93750000,18568.71474546
218.96875000,18574.18378472
219.00000000,18579.65400796
219.03125000,18585.12540245
219.06250000,18590.59795537
219.09375000,18596.07165388
219.12500000,18601.54648504
219.15625000,18607.02243589
219.18750000,18612.49949340
219.21875000,18617.97764449
219.25000000,18623.45687604
219.28125000,18628.93717486
219.31250000,18634.41852775
219.34375000,18639.90092144
219.37500000,18645.38434264
219.40625000,18650.86877799
219.43750000,18656.35421413
219.46875000,18661.84063765
219.50000000,18667.32803510
219.53125000,18672.81639302
219.56250000,18678.30569789
219.59375000,18683.79593620
219.62500000,18689.28709439
219.65625000,18694.77915889
219.68750000,18700.27211611
219.71875000,18705.76595244
219.75000000,18711.26065426
219.78125000,18716.75620794
219.81250000,18722.25259981
219.84375000,18727.74981623
219.87500000,18733.24784352
219.90625000,18738.74666803
219.93750000,18744.24627608
219.96875000,18749.74665400
